order_id,customer_id,product_id,product_name,category,quantity,unit_price,revenue,order_date,location,discount,marketing_channel
ORD_00001,CUST_0260,PROD_032,Smart Item 032,Toys,3,296.2,888.6,2023-09-29,Islamabad,0.0,Organic
ORD_00001,CUST_0260,PROD_070,Elite Device 070,Toys,3,282.32,680.8,2023-09-29,Islamabad,166.17,Organic
ORD_00002,CUST_0005,PROD_014,Premium Widget 014,Books,2,110.21,171.32,2024-11-14,Islamabad,49.09,Referral
ORD_00002,CUST_0005,PROD_020,Pro Device 020,Clothing,3,315.3,945.91,2024-11-14,Islamabad,0.0,Referral
ORD_00002,CUST_0005,PROD_044,Smart Tool 044,Clothing,2,500.06,848.47,2024-11-14,Islamabad,151.64,Referral
ORD_00002,CUST_0005,PROD_033,Premium Item 033,Beauty,1,73.23,73.23,2024-11-14,Islamabad,0.0,Referral
ORD_00002,CUST_0005,PROD_036,Smart Device 036,Clothing,1,68.03,55.03,2024-11-14,Islamabad,13.0,Referral
ORD_00003,CUST_0135,PROD_055,Elite Item 055,Beauty,1,178.61,141.58,2023-06-15,Faisalabad,37.03,Referral
ORD_00003,CUST_0135,PROD_020,Pro Device 020,Clothing,1,391.7,391.7,2023-06-15,Faisalabad,0.0,Referral
ORD_00003,CUST_0135,PROD_019,Smart Gadget 019,Clothing,4,201.26,805.06,2023-06-15,Faisalabad,0.0,Referral
ORD_00003,CUST_0135,PROD_006,Smart Tool 006,Clothing,3,203.42,610.27,2023-06-15,Faisalabad,0.0,Referral
ORD_00004,CUST_0053,PROD_080,Smart Widget 080,Electronics,2,320.01,640.02,2023-12-29,Peshawar,0.0,Instagram
ORD_00004,CUST_0053,PROD_021,Premium Gadget 021,Toys,2,29.66,59.31,2023-12-29,Peshawar,0.0,Instagram
ORD_00004,CUST_0053,PROD_043,Elite Device 043,Clothing,4,156.79,474.62,2023-12-29,Peshawar,152.54,Instagram
ORD_00004,CUST_0053,PROD_035,Smart Widget 035,Toys,2,352.77,705.54,2023-12-29,Peshawar,0.0,Instagram
ORD_00004,CUST_0053,PROD_005,Smart Widget 005,Sports,4,95.5,329.26,2023-12-29,Peshawar,52.75,Instagram
ORD_00005,CUST_0157,PROD_025,Basic Device 025,Sports,4,129.21,366.92,2025-04-20,Lahore,149.92,Organic
ORD_00005,CUST_0157,PROD_036,Smart Device 036,Clothing,3,89.69,269.08,2025-04-20,Lahore,0.0,Organic
ORD_00006,CUST_0432,PROD_034,Premium Item 034,Sports,2,395.72,782.36,2024-07-03,Karachi,9.08,Organic
ORD_00006,CUST_0432,PROD_077,Basic Item 077,Clothing,4,131.5,457.14,2024-07-03,Karachi,68.86,Organic
ORD_00006,CUST_0432,PROD_066,Elite Item 066,Beauty,1,335.2,335.2,2024-07-03,Karachi,0.0,Organic
ORD_00007,CUST_0131,PROD_069,Premium Item 069,Electronics,2,32.69,65.38,2023-02-15,Karachi,0.0,Email
ORD_00007,CUST_0131,PROD_043,Elite Device 043,Clothing,3,149.02,447.07,2023-02-15,Karachi,0.0,Email
ORD_00007,CUST_0131,PROD_039,Premium Item 039,Toys,3,432.38,1297.13,2023-02-15,Karachi,0.0,Email
ORD_00007,CUST_0131,PROD_038,Premium Device 038,Home & Kitchen,2,218.68,387.6,2023-02-15,Karachi,49.75,Email
ORD_00008,CUST_0384,PROD_052,Elite Gadget 052,Sports,1,68.96,68.96,2023-06-28,Faisalabad,0.0,Facebook
ORD_00008,CUST_0384,PROD_075,Smart Widget 075,Beauty,3,327.46,982.38,2023-06-28,Faisalabad,0.0,Facebook
ORD_00008,CUST_0384,PROD_028,Premium Widget 028,Clothing,4,354.75,1105.69,2023-06-28,Faisalabad,313.3,Facebook
ORD_00008,CUST_0384,PROD_011,Premium Tool 011,Sports,3,71.6,193.2,2023-06-28,Faisalabad,21.6,Facebook
ORD_00008,CUST_0384,PROD_031,Smart Widget 031,Books,3,323.15,969.45,2023-06-28,Faisalabad,0.0,Facebook
ORD_00009,CUST_0013,PROD_010,Pro Item 010,Sports,4,134.84,507.91,2023-02-17,Rawalpindi,31.46,Email
ORD_00009,CUST_0013,PROD_050,Basic Widget 050,Electronics,4,413.91,1655.65,2023-02-17,Rawalpindi,0.0,Email
ORD_00010,CUST_0353,PROD_029,Elite Device 029,Electronics,2,222.69,383.31,2023-01-06,Peshawar,62.07,Instagram
ORD_00011,CUST_0286,PROD_060,Premium Tool 060,Toys,3,509.84,1248.39,2023-09-13,Rawalpindi,281.12,Google Ads
ORD_00012,CUST_0369,PROD_058,Smart Tool 058,Clothing,2,237.84,475.68,2024-05-31,Peshawar,0.0,Email
ORD_00012,CUST_0369,PROD_034,Premium Item 034,Sports,2,435.48,870.95,2024-05-31,Peshawar,0.0,Email
ORD_00012,CUST_0369,PROD_067,Smart Tool 067,Clothing,4,108.27,433.1,2024-05-31,Peshawar,0.0,Email
ORD_00012,CUST_0369,PROD_010,Pro Item 010,Sports,3,124.79,374.38,2024-05-31,Peshawar,0.0,Email
ORD_00013,CUST_0458,PROD_030,Smart Tool 030,Sports,4,143.52,563.03,2024-07-07,Lahore,11.06,Google Ads
ORD_00014,CUST_0209,PROD_008,Elite Item 008,Home & Kitchen,2,97.66,195.31,2023-12-05,Rawalpindi,0.0,Instagram
ORD_00014,CUST_0209,PROD_075,Smart Widget 075,Beauty,1,379.5,336.19,2023-12-05,Rawalpindi,43.31,Instagram
ORD_00014,CUST_0209,PROD_001,Premium Widget 001,Books,3,133.1,399.3,2023-12-05,Rawalpindi,0.0,Instagram
ORD_00014,CUST_0209,PROD_054,Elite Tool 054,Clothing,2,55.96,111.91,2023-12-05,Rawalpindi,0.0,Instagram
ORD_00014,CUST_0209,PROD_063,Basic Gadget 063,Beauty,1,236.94,180.21,2023-12-05,Rawalpindi,56.73,Instagram
ORD_00015,CUST_0371,PROD_069,Premium Item 069,Electronics,1,40.2,40.2,2023-06-19,Lahore,0.0,Email
ORD_00015,CUST_0371,PROD_004,Premium Widget 004,Clothing,1,131.08,131.08,2023-06-19,Lahore,0.0,Email
ORD_00015,CUST_0371,PROD_060,Premium Tool 060,Toys,2,354.34,708.68,2023-06-19,Lahore,0.0,Email
ORD_00015,CUST_0371,PROD_028,Premium Widget 028,Clothing,4,295.46,1047.43,2023-06-19,Lahore,134.42,Email
ORD_00016,CUST_0386,PROD_061,Smart Widget 061,Electronics,1,362.38,362.38,2025-05-01,Islamabad,0.0,Organic
ORD_00016,CUST_0386,PROD_045,Basic Item 045,Beauty,2,527.51,848.73,2025-05-01,Islamabad,206.28,Organic
ORD_00016,CUST_0386,PROD_004,Premium Widget 004,Clothing,2,109.09,218.18,2025-05-01,Islamabad,0.0,Organic
ORD_00016,CUST_0386,PROD_020,Pro Device 020,Clothing,2,293.81,488.2,2025-05-01,Islamabad,99.42,Organic
ORD_00017,CUST_0112,PROD_022,Pro Tool 022,Home & Kitchen,1,47.14,47.14,2024-04-21,Peshawar,0.0,Facebook
ORD_00017,CUST_0112,PROD_040,Basic Widget 040,Clothing,1,454.08,375.64,2024-04-21,Peshawar,78.44,Facebook
ORD_00017,CUST_0112,PROD_049,Premium Widget 049,Books,4,375.61,1502.46,2024-04-21,Peshawar,0.0,Facebook
ORD_00018,CUST_0304,PROD_039,Premium Item 039,Toys,1,453.35,453.35,2024-12-08,Karachi,0.0,Referral
ORD_00018,CUST_0304,PROD_006,Smart Tool 006,Clothing,3,233.12,684.9,2024-12-08,Karachi,14.47,Referral
ORD_00019,CUST_0332,PROD_063,Basic Gadget 063,Beauty,1,241.37,241.37,2023-12-16,Peshawar,0.0,Instagram
ORD_00020,CUST_0457,PROD_056,Premium Widget 056,Electronics,2,226.66,416.6,2025-04-28,Multan,36.73,Google Ads
ORD_00020,CUST_0457,PROD_069,Premium Item 069,Electronics,4,34.08,112.11,2025-04-28,Multan,24.23,Google Ads
ORD_00020,CUST_0457,PROD_042,Premium Device 042,Toys,2,81.09,162.19,2025-04-28,Multan,0.0,Google Ads
ORD_00020,CUST_0457,PROD_058,Smart Tool 058,Clothing,2,238.43,476.87,2025-04-28,Multan,0.0,Google Ads
ORD_00021,CUST_0343,PROD_042,Premium Device 042,Toys,2,71.26,142.53,2024-01-24,Karachi,0.0,Instagram
ORD_00021,CUST_0343,PROD_034,Premium Item 034,Sports,3,349.57,1048.72,2024-01-24,Karachi,0.0,Instagram
ORD_00021,CUST_0343,PROD_036,Smart Device 036,Clothing,1,85.45,85.45,2024-01-24,Karachi,0.0,Instagram
ORD_00022,CUST_0124,PROD_031,Smart Widget 031,Books,4,384.34,1537.38,2025-01-07,Rawalpindi,0.0,Email
ORD_00022,CUST_0124,PROD_003,Smart Widget 003,Sports,1,198.9,198.9,2025-01-07,Rawalpindi,0.0,Email
ORD_00022,CUST_0124,PROD_032,Smart Item 032,Toys,3,345.32,1035.97,2025-01-07,Rawalpindi,0.0,Email
ORD_00022,CUST_0124,PROD_071,Premium Device 071,Electronics,3,414.43,1119.91,2025-01-07,Rawalpindi,123.38,Email
ORD_00023,CUST_0360,PROD_030,Smart Tool 030,Sports,1,144.98,144.98,2024-04-09,Islamabad,0.0,Facebook
ORD_00023,CUST_0360,PROD_069,Premium Item 069,Electronics,2,30.3,55.58,2024-04-09,Islamabad,5.03,Facebook
ORD_00023,CUST_0360,PROD_076,Smart Device 076,Home & Kitchen,3,557.96,1525.12,2024-04-09,Islamabad,148.77,Facebook
ORD_00024,CUST_0185,PROD_069,Premium Item 069,Electronics,2,31.45,52.46,2023-07-03,Karachi,10.44,Referral
ORD_00024,CUST_0185,PROD_017,Pro Gadget 017,Home & Kitchen,4,154.82,619.27,2023-07-03,Karachi,0.0,Referral
ORD_00024,CUST_0185,PROD_037,Basic Device 037,Toys,4,458.06,1832.23,2023-07-03,Karachi,0.0,Referral
ORD_00025,CUST_0495,PROD_015,Pro Widget 015,Toys,1,119.14,119.14,2023-02-22,Peshawar,0.0,Instagram
ORD_00025,CUST_0495,PROD_007,Pro Widget 007,Toys,2,348.04,696.08,2023-02-22,Peshawar,0.0,Instagram
ORD_00025,CUST_0495,PROD_039,Premium Item 039,Toys,1,485.4,485.4,2023-02-22,Peshawar,0.0,Instagram
ORD_00026,CUST_0392,PROD_029,Elite Device 029,Electronics,4,194.61,778.44,2024-03-02,Faisalabad,0.0,Email
ORD_00026,CUST_0392,PROD_076,Smart Device 076,Home & Kitchen,4,431.58,1410.59,2024-03-02,Faisalabad,315.72,Email
ORD_00026,CUST_0392,PROD_013,Smart Item 013,Sports,2,109.45,218.9,2024-03-02,Faisalabad,0.0,Email
ORD_00026,CUST_0392,PROD_011,Premium Tool 011,Sports,2,63.76,127.51,2024-03-02,Faisalabad,0.0,Email
ORD_00026,CUST_0392,PROD_021,Premium Gadget 021,Toys,1,24.79,21.3,2024-03-02,Faisalabad,3.49,Email
ORD_00027,CUST_0017,PROD_059,Pro Tool 059,Clothing,1,471.37,359.96,2023-08-26,Multan,111.41,Facebook
ORD_00027,CUST_0017,PROD_076,Smart Device 076,Home & Kitchen,2,454.0,907.99,2023-08-26,Multan,0.0,Facebook
ORD_00027,CUST_0017,PROD_020,Pro Device 020,Clothing,3,390.6,1171.79,2023-08-26,Multan,0.0,Facebook
ORD_00028,CUST_0085,PROD_073,Basic Tool 073,Electronics,3,459.91,1379.72,2025-03-22,Faisalabad,0.0,Referral
ORD_00028,CUST_0085,PROD_039,Premium Item 039,Toys,4,477.09,1908.36,2025-03-22,Faisalabad,0.0,Referral
ORD_00028,CUST_0085,PROD_064,Basic Tool 064,Electronics,4,75.45,301.81,2025-03-22,Faisalabad,0.0,Referral
ORD_00029,CUST_0222,PROD_004,Premium Widget 004,Clothing,1,110.55,82.01,2025-01-22,Faisalabad,28.54,Facebook
ORD_00029,CUST_0222,PROD_076,Smart Device 076,Home & Kitchen,1,561.53,516.13,2025-01-22,Faisalabad,45.4,Facebook
ORD_00029,CUST_0222,PROD_006,Smart Tool 006,Clothing,2,227.39,329.8,2025-01-22,Faisalabad,124.99,Facebook
ORD_00030,CUST_0093,PROD_012,Elite Widget 012,Sports,4,144.32,577.26,2024-08-22,Multan,0.0,Instagram
ORD_00030,CUST_0093,PROD_014,Premium Widget 014,Books,2,113.39,207.16,2024-08-22,Multan,19.61,Instagram
ORD_00030,CUST_0093,PROD_052,Elite Gadget 052,Sports,1,73.48,73.48,2024-08-22,Multan,0.0,Instagram
ORD_00030,CUST_0093,PROD_042,Premium Device 042,Toys,1,85.09,85.09,2024-08-22,Multan,0.0,Instagram
ORD_00031,CUST_0264,PROD_060,Premium Tool 060,Toys,4,355.02,1420.06,2025-04-24,Multan,0.0,Email
ORD_00032,CUST_0319,PROD_007,Pro Widget 007,Toys,2,367.13,734.25,2025-02-13,Multan,0.0,Instagram
ORD_00032,CUST_0319,PROD_037,Basic Device 037,Toys,4,532.37,2129.48,2025-02-13,Multan,0.0,Instagram
ORD_00032,CUST_0319,PROD_004,Premium Widget 004,Clothing,2,134.41,268.81,2025-02-13,Multan,0.0,Instagram
ORD_00032,CUST_0319,PROD_002,Basic Gadget 002,Books,4,50.42,146.44,2025-02-13,Multan,55.24,Instagram
ORD_00033,CUST_0237,PROD_038,Premium Device 038,Home & Kitchen,3,240.99,722.97,2023-05-01,Rawalpindi,0.0,Referral
ORD_00033,CUST_0237,PROD_061,Smart Widget 061,Electronics,2,323.85,647.71,2023-05-01,Rawalpindi,0.0,Referral
ORD_00034,CUST_0098,PROD_009,Pro Widget 009,Electronics,3,217.56,586.12,2024-09-05,Multan,66.55,Google Ads
ORD_00034,CUST_0098,PROD_065,Premium Tool 065,Home & Kitchen,3,523.48,1570.45,2024-09-05,Multan,0.0,Google Ads
ORD_00034,CUST_0098,PROD_039,Premium Item 039,Toys,4,464.54,1858.16,2024-09-05,Multan,0.0,Google Ads
ORD_00034,CUST_0098,PROD_062,Smart Widget 062,Electronics,3,432.83,1151.54,2024-09-05,Multan,146.94,Google Ads
ORD_00034,CUST_0098,PROD_042,Premium Device 042,Toys,2,85.39,170.79,2024-09-05,Multan,0.0,Google Ads
ORD_00035,CUST_0197,PROD_061,Smart Widget 061,Electronics,4,314.53,948.35,2023-08-28,Karachi,309.78,Facebook
ORD_00035,CUST_0197,PROD_020,Pro Device 020,Clothing,4,409.69,1638.77,2023-08-28,Karachi,0.0,Facebook
ORD_00035,CUST_0197,PROD_076,Smart Device 076,Home & Kitchen,3,537.22,1398.77,2023-08-28,Karachi,212.89,Facebook
ORD_00035,CUST_0197,PROD_068,Basic Widget 068,Sports,4,298.68,1194.73,2023-08-28,Karachi,0.0,Facebook
ORD_00036,CUST_0446,PROD_034,Premium Item 034,Sports,3,402.26,1206.78,2024-11-01,Karachi,0.0,Instagram
ORD_00036,CUST_0446,PROD_011,Premium Tool 011,Sports,3,81.19,215.8,2024-11-01,Karachi,27.77,Instagram
ORD_00037,CUST_0163,PROD_005,Smart Widget 005,Sports,1,96.03,87.75,2024-10-03,Peshawar,8.28,Email
ORD_00037,CUST_0163,PROD_030,Smart Tool 030,Sports,1,129.67,129.67,2024-10-03,Peshawar,0.0,Email
ORD_00037,CUST_0163,PROD_013,Smart Item 013,Sports,4,90.31,361.25,2024-10-03,Peshawar,0.0,Email
ORD_00037,CUST_0163,PROD_004,Premium Widget 004,Clothing,1,115.29,115.29,2024-10-03,Peshawar,0.0,Email
ORD_00038,CUST_0184,PROD_068,Basic Widget 068,Sports,4,380.28,1443.55,2024-01-19,Lahore,77.57,Google Ads
ORD_00038,CUST_0184,PROD_011,Premium Tool 011,Sports,4,74.57,298.27,2024-01-19,Lahore,0.0,Google Ads
ORD_00038,CUST_0184,PROD_075,Smart Widget 075,Beauty,2,296.53,511.3,2024-01-19,Lahore,81.77,Google Ads
ORD_00038,CUST_0184,PROD_002,Basic Gadget 002,Books,4,69.88,266.29,2024-01-19,Lahore,13.25,Google Ads
ORD_00039,CUST_0227,PROD_055,Elite Item 055,Beauty,3,207.79,623.37,2023-12-20,Islamabad,0.0,Referral
ORD_00039,CUST_0227,PROD_050,Basic Widget 050,Electronics,4,363.37,1453.49,2023-12-20,Islamabad,0.0,Referral
ORD_00039,CUST_0227,PROD_046,Pro Tool 046,Sports,3,276.8,830.4,2023-12-20,Islamabad,0.0,Referral
ORD_00039,CUST_0227,PROD_051,Premium Device 051,Clothing,3,117.63,270.5,2023-12-20,Islamabad,82.4,Referral
ORD_00039,CUST_0227,PROD_007,Pro Widget 007,Toys,4,458.75,1407.95,2023-12-20,Islamabad,427.05,Referral
ORD_00040,CUST_0118,PROD_025,Basic Device 025,Sports,3,148.61,357.66,2024-09-13,Lahore,88.16,Referral
ORD_00040,CUST_0118,PROD_018,Pro Widget 018,Sports,1,372.96,338.39,2024-09-13,Lahore,34.57,Referral
ORD_00040,CUST_0118,PROD_057,Pro Widget 057,Clothing,1,107.19,104.29,2024-09-13,Lahore,2.9,Referral
ORD_00041,CUST_0152,PROD_017,Pro Gadget 017,Home & Kitchen,3,186.35,419.78,2023-12-01,Lahore,139.28,Google Ads
ORD_00041,CUST_0152,PROD_033,Premium Item 033,Beauty,4,103.86,415.43,2023-12-01,Lahore,0.0,Google Ads
ORD_00041,CUST_0152,PROD_044,Smart Tool 044,Clothing,1,459.28,459.28,2023-12-01,Lahore,0.0,Google Ads
ORD_00041,CUST_0152,PROD_029,Elite Device 029,Electronics,4,235.65,839.16,2023-12-01,Lahore,103.43,Google Ads
ORD_00042,CUST_0405,PROD_016,Premium Tool 016,Home & Kitchen,4,219.97,810.66,2024-02-09,Islamabad,69.2,Email
ORD_00043,CUST_0196,PROD_030,Smart Tool 030,Sports,4,107.89,358.86,2025-04-22,Karachi,72.68,Referral
ORD_00043,CUST_0196,PROD_079,Premium Widget 079,Beauty,2,332.94,573.13,2025-04-22,Karachi,92.74,Referral
ORD_00043,CUST_0196,PROD_039,Premium Item 039,Toys,4,343.17,1372.69,2025-04-22,Karachi,0.0,Referral
ORD_00044,CUST_0020,PROD_031,Smart Widget 031,Books,2,346.97,693.95,2023-11-08,Karachi,0.0,Organic
ORD_00044,CUST_0020,PROD_070,Elite Device 070,Toys,4,279.69,821.6,2023-11-08,Karachi,297.17,Organic
ORD_00044,CUST_0020,PROD_013,Smart Item 013,Sports,4,109.04,399.57,2023-11-08,Karachi,36.6,Organic
ORD_00044,CUST_0020,PROD_048,Smart Device 048,Clothing,2,291.58,433.51,2023-11-08,Karachi,149.66,Organic
ORD_00045,CUST_0051,PROD_046,Pro Tool 046,Sports,1,221.81,221.81,2024-12-03,Faisalabad,0.0,Referral
ORD_00045,CUST_0051,PROD_016,Premium Tool 016,Home & Kitchen,4,194.25,777.0,2024-12-03,Faisalabad,0.0,Referral
ORD_00045,CUST_0051,PROD_077,Basic Item 077,Clothing,1,114.96,114.96,2024-12-03,Faisalabad,0.0,Referral
ORD_00046,CUST_0065,PROD_071,Premium Device 071,Electronics,2,441.92,822.06,2025-03-16,Lahore,61.78,Organic
ORD_00046,CUST_0065,PROD_019,Smart Gadget 019,Clothing,1,215.44,151.61,2025-03-16,Lahore,63.83,Organic
ORD_00046,CUST_0065,PROD_070,Elite Device 070,Toys,3,302.52,907.56,2025-03-16,Lahore,0.0,Organic
ORD_00046,CUST_0065,PROD_004,Premium Widget 004,Clothing,2,99.94,185.6,2025-03-16,Lahore,14.27,Organic
ORD_00046,CUST_0065,PROD_042,Premium Device 042,Toys,1,62.29,62.29,2025-03-16,Lahore,0.0,Organic
ORD_00047,CUST_0380,PROD_009,Pro Widget 009,Electronics,4,192.1,768.41,2024-03-07,Karachi,0.0,Referral
ORD_00047,CUST_0380,PROD_076,Smart Device 076,Home & Kitchen,1,459.03,459.03,2024-03-07,Karachi,0.0,Referral
ORD_00047,CUST_0380,PROD_079,Premium Widget 079,Beauty,1,342.95,275.16,2024-03-07,Karachi,67.79,Referral
ORD_00047,CUST_0380,PROD_039,Premium Item 039,Toys,4,428.56,1714.24,2024-03-07,Karachi,0.0,Referral
ORD_00047,CUST_0380,PROD_062,Smart Widget 062,Electronics,4,450.24,1800.95,2024-03-07,Karachi,0.0,Referral
ORD_00048,CUST_0365,PROD_078,Basic Item 078,Beauty,2,136.28,272.55,2024-03-30,Karachi,0.0,Facebook
ORD_00049,CUST_0325,PROD_049,Premium Widget 049,Books,3,313.33,912.02,2024-08-22,Multan,27.97,Facebook
ORD_00049,CUST_0325,PROD_015,Pro Widget 015,Toys,2,120.6,211.26,2024-08-22,Multan,29.94,Facebook
ORD_00049,CUST_0325,PROD_059,Pro Tool 059,Clothing,4,423.76,1695.06,2024-08-22,Multan,0.0,Facebook
ORD_00049,CUST_0325,PROD_055,Elite Item 055,Beauty,3,225.4,676.21,2024-08-22,Multan,0.0,Facebook
ORD_00049,CUST_0325,PROD_020,Pro Device 020,Clothing,4,285.64,1110.62,2024-08-22,Multan,31.96,Facebook
ORD_00050,CUST_0050,PROD_072,Premium Device 072,Electronics,1,352.64,352.64,2025-02-01,Peshawar,0.0,Google Ads
ORD_00050,CUST_0050,PROD_043,Elite Device 043,Clothing,1,134.89,96.81,2025-02-01,Peshawar,38.08,Google Ads
ORD_00050,CUST_0050,PROD_055,Elite Item 055,Beauty,1,251.06,224.58,2025-02-01,Peshawar,26.48,Google Ads
ORD_00051,CUST_0296,PROD_062,Smart Widget 062,Electronics,2,528.36,1056.73,2024-06-03,Lahore,0.0,Referral
ORD_00051,CUST_0296,PROD_072,Premium Device 072,Electronics,3,288.34,865.03,2024-06-03,Lahore,0.0,Referral
ORD_00052,CUST_0116,PROD_080,Smart Widget 080,Electronics,1,285.36,225.99,2025-04-06,Peshawar,59.37,Email
ORD_00052,CUST_0116,PROD_004,Premium Widget 004,Clothing,2,112.75,163.17,2025-04-06,Peshawar,62.34,Email
ORD_00052,CUST_0116,PROD_045,Basic Item 045,Beauty,1,434.2,434.2,2025-04-06,Peshawar,0.0,Email
ORD_00052,CUST_0116,PROD_052,Elite Gadget 052,Sports,1,64.11,63.52,2025-04-06,Peshawar,0.59,Email
ORD_00053,CUST_0383,PROD_059,Pro Tool 059,Clothing,3,378.41,1135.23,2024-06-27,Rawalpindi,0.0,Instagram
ORD_00053,CUST_0383,PROD_042,Premium Device 042,Toys,1,82.6,82.6,2024-06-27,Rawalpindi,0.0,Instagram
ORD_00054,CUST_0387,PROD_035,Smart Widget 035,Toys,4,336.89,1347.58,2024-09-24,Multan,0.0,Organic
ORD_00055,CUST_0227,PROD_015,Pro Widget 015,Toys,3,120.59,361.78,2024-02-29,Lahore,0.0,Email
ORD_00055,CUST_0227,PROD_076,Smart Device 076,Home & Kitchen,4,473.05,1892.21,2024-02-29,Lahore,0.0,Email
ORD_00055,CUST_0227,PROD_029,Elite Device 029,Electronics,4,237.01,948.05,2024-02-29,Lahore,0.0,Email
ORD_00056,CUST_0105,PROD_033,Premium Item 033,Beauty,3,81.48,244.45,2023-11-05,Peshawar,0.0,Google Ads
ORD_00056,CUST_0105,PROD_056,Premium Widget 056,Electronics,2,176.54,353.07,2023-11-05,Peshawar,0.0,Google Ads
ORD_00057,CUST_0118,PROD_046,Pro Tool 046,Sports,1,221.71,192.7,2024-05-27,Peshawar,29.01,Referral
ORD_00057,CUST_0118,PROD_059,Pro Tool 059,Clothing,1,502.01,502.01,2024-05-27,Peshawar,0.0,Referral
ORD_00057,CUST_0118,PROD_074,Smart Gadget 074,Sports,4,326.56,1306.24,2024-05-27,Peshawar,0.0,Referral
ORD_00057,CUST_0118,PROD_015,Pro Widget 015,Toys,4,100.29,401.16,2024-05-27,Peshawar,0.0,Referral
ORD_00057,CUST_0118,PROD_080,Smart Widget 080,Electronics,4,309.76,1206.26,2024-05-27,Peshawar,32.76,Referral
ORD_00058,CUST_0433,PROD_052,Elite Gadget 052,Sports,1,71.71,71.71,2023-04-19,Rawalpindi,0.0,Email
ORD_00058,CUST_0433,PROD_044,Smart Tool 044,Clothing,2,434.11,868.22,2023-04-19,Rawalpindi,0.0,Email
ORD_00059,CUST_0262,PROD_025,Basic Device 025,Sports,3,130.48,315.64,2024-10-10,Faisalabad,75.79,Email
ORD_00060,CUST_0076,PROD_026,Smart Tool 026,Sports,2,214.14,344.05,2023-08-30,Lahore,84.22,Facebook
ORD_00061,CUST_0091,PROD_075,Smart Widget 075,Beauty,4,356.17,1149.87,2025-03-02,Rawalpindi,274.82,Email
ORD_00061,CUST_0091,PROD_080,Smart Widget 080,Electronics,3,313.28,897.28,2025-03-02,Rawalpindi,42.56,Email
ORD_00061,CUST_0091,PROD_009,Pro Widget 009,Electronics,4,191.63,766.5,2025-03-02,Rawalpindi,0.0,Email
ORD_00061,CUST_0091,PROD_036,Smart Device 036,Clothing,1,79.86,79.86,2025-03-02,Rawalpindi,0.0,Email
ORD_00062,CUST_0237,PROD_037,Basic Device 037,Toys,1,488.72,475.48,2024-04-07,Karachi,13.24,Facebook
ORD_00063,CUST_0305,PROD_071,Premium Device 071,Electronics,1,418.57,336.72,2024-06-03,Rawalpindi,81.85,Email
ORD_00063,CUST_0305,PROD_042,Premium Device 042,Toys,4,71.66,247.9,2024-06-03,Rawalpindi,38.74,Email
ORD_00063,CUST_0305,PROD_044,Smart Tool 044,Clothing,1,466.02,466.02,2024-06-03,Rawalpindi,0.0,Email
ORD_00063,CUST_0305,PROD_032,Smart Item 032,Toys,4,387.72,1550.86,2024-06-03,Rawalpindi,0.0,Email
ORD_00064,CUST_0313,PROD_050,Basic Widget 050,Electronics,4,478.56,1884.18,2023-06-12,Islamabad,30.07,Facebook
ORD_00064,CUST_0313,PROD_043,Elite Device 043,Clothing,1,130.35,130.35,2023-06-12,Islamabad,0.0,Facebook
ORD_00064,CUST_0313,PROD_050,Basic Widget 050,Electronics,3,388.44,828.17,2023-06-12,Islamabad,337.16,Facebook
ORD_00065,CUST_0309,PROD_075,Smart Widget 075,Beauty,2,387.47,774.94,2025-06-13,Islamabad,0.0,Organic
ORD_00065,CUST_0309,PROD_051,Premium Device 051,Clothing,2,152.02,275.8,2025-06-13,Islamabad,28.24,Organic
ORD_00066,CUST_0193,PROD_068,Basic Widget 068,Sports,1,392.15,392.15,2024-10-20,Peshawar,0.0,Google Ads
ORD_00066,CUST_0193,PROD_047,Basic Gadget 047,Electronics,1,166.01,166.01,2024-10-20,Peshawar,0.0,Google Ads
ORD_00066,CUST_0193,PROD_028,Premium Widget 028,Clothing,3,374.29,1122.88,2024-10-20,Peshawar,0.0,Google Ads
ORD_00067,CUST_0116,PROD_013,Smart Item 013,Sports,1,110.97,90.4,2023-05-21,Karachi,20.57,Facebook
ORD_00067,CUST_0116,PROD_077,Basic Item 077,Clothing,4,120.77,483.07,2023-05-21,Karachi,0.0,Facebook
ORD_00068,CUST_0355,PROD_057,Pro Widget 057,Clothing,1,100.18,93.04,2025-02-28,Peshawar,7.14,Google Ads
ORD_00068,CUST_0355,PROD_057,Pro Widget 057,Clothing,3,114.37,319.01,2025-02-28,Peshawar,24.09,Google Ads
ORD_00068,CUST_0355,PROD_031,Smart Widget 031,Books,3,430.78,941.88,2025-02-28,Peshawar,350.47,Google Ads
ORD_00068,CUST_0355,PROD_025,Basic Device 025,Sports,3,148.64,445.91,2025-02-28,Peshawar,0.0,Google Ads
ORD_00068,CUST_0355,PROD_057,Pro Widget 057,Clothing,4,115.08,390.85,2025-02-28,Peshawar,69.45,Google Ads
ORD_00069,CUST_0215,PROD_018,Pro Widget 018,Sports,3,263.61,790.84,2023-06-15,Peshawar,0.0,Email
ORD_00069,CUST_0215,PROD_048,Smart Device 048,Clothing,1,323.57,323.57,2023-06-15,Peshawar,0.0,Email
ORD_00070,CUST_0064,PROD_035,Smart Widget 035,Toys,4,367.7,1470.78,2023-10-19,Peshawar,0.0,Google Ads
ORD_00071,CUST_0224,PROD_045,Basic Item 045,Beauty,1,480.68,480.68,2023-04-04,Peshawar,0.0,Instagram
ORD_00071,CUST_0224,PROD_048,Smart Device 048,Clothing,2,284.76,569.51,2023-04-04,Peshawar,0.0,Instagram
ORD_00072,CUST_0115,PROD_043,Elite Device 043,Clothing,2,119.6,239.21,2023-01-29,Karachi,0.0,Referral
ORD_00072,CUST_0115,PROD_061,Smart Widget 061,Electronics,2,363.67,727.34,2023-01-29,Karachi,0.0,Referral
ORD_00072,CUST_0115,PROD_079,Premium Widget 079,Beauty,1,365.41,365.41,2023-01-29,Karachi,0.0,Referral
ORD_00073,CUST_0111,PROD_078,Basic Item 078,Beauty,4,139.28,557.12,2025-05-05,Faisalabad,0.0,Referral
ORD_00073,CUST_0111,PROD_039,Premium Item 039,Toys,1,332.0,332.0,2025-05-05,Faisalabad,0.0,Referral
ORD_00074,CUST_0407,PROD_064,Basic Tool 064,Electronics,1,95.46,95.46,2024-09-29,Karachi,0.0,Organic
ORD_00074,CUST_0407,PROD_019,Smart Gadget 019,Clothing,3,229.82,639.69,2024-09-29,Karachi,49.76,Organic
ORD_00074,CUST_0407,PROD_054,Elite Tool 054,Clothing,2,59.92,119.83,2024-09-29,Karachi,0.0,Organic
ORD_00074,CUST_0407,PROD_047,Basic Gadget 047,Electronics,1,207.52,207.52,2024-09-29,Karachi,0.0,Organic
ORD_00075,CUST_0403,PROD_061,Smart Widget 061,Electronics,1,347.43,320.99,2024-06-03,Karachi,26.44,Instagram
ORD_00075,CUST_0403,PROD_003,Smart Widget 003,Sports,3,241.75,725.26,2024-06-03,Karachi,0.0,Instagram
ORD_00075,CUST_0403,PROD_014,Premium Widget 014,Books,3,103.83,311.49,2024-06-03,Karachi,0.0,Instagram
ORD_00075,CUST_0403,PROD_044,Smart Tool 044,Clothing,2,526.64,743.36,2024-06-03,Karachi,309.93,Instagram
ORD_00075,CUST_0403,PROD_062,Smart Widget 062,Electronics,2,521.72,1043.45,2024-06-03,Karachi,0.0,Instagram
ORD_00076,CUST_0398,PROD_006,Smart Tool 006,Clothing,2,265.62,531.24,2024-04-13,Islamabad,0.0,Google Ads
ORD_00077,CUST_0159,PROD_061,Smart Widget 061,Electronics,3,268.47,736.27,2024-06-11,Peshawar,69.13,Email
ORD_00077,CUST_0159,PROD_007,Pro Widget 007,Toys,3,368.12,959.6,2024-06-11,Peshawar,144.77,Email
ORD_00077,CUST_0159,PROD_052,Elite Gadget 052,Sports,4,86.64,346.57,2024-06-11,Peshawar,0.0,Email
ORD_00077,CUST_0159,PROD_024,Elite Tool 024,Clothing,4,150.53,602.12,2024-06-11,Peshawar,0.0,Email
ORD_00078,CUST_0409,PROD_055,Elite Item 055,Beauty,1,205.57,194.44,2024-06-15,Peshawar,11.13,Organic
ORD_00078,CUST_0409,PROD_038,Premium Device 038,Home & Kitchen,3,209.77,629.32,2024-06-15,Peshawar,0.0,Organic
ORD_00078,CUST_0409,PROD_038,Premium Device 038,Home & Kitchen,3,244.02,695.47,2024-06-15,Peshawar,36.6,Organic
ORD_00079,CUST_0228,PROD_046,Pro Tool 046,Sports,4,210.38,602.21,2023-12-26,Karachi,239.3,Referral
ORD_00079,CUST_0228,PROD_010,Pro Item 010,Sports,4,131.99,420.33,2023-12-26,Karachi,107.61,Referral
ORD_00079,CUST_0228,PROD_004,Premium Widget 004,Clothing,2,141.29,245.44,2023-12-26,Karachi,37.15,Referral
ORD_00079,CUST_0228,PROD_017,Pro Gadget 017,Home & Kitchen,1,164.64,146.75,2023-12-26,Karachi,17.89,Referral
ORD_00080,CUST_0487,PROD_058,Smart Tool 058,Clothing,3,205.63,510.67,2024-08-03,Faisalabad,106.21,Google Ads
ORD_00081,CUST_0272,PROD_036,Smart Device 036,Clothing,2,100.53,201.05,2024-01-11,Islamabad,0.0,Referral
ORD_00081,CUST_0272,PROD_024,Elite Tool 024,Clothing,4,140.78,543.24,2024-01-11,Islamabad,19.89,Referral
ORD_00081,CUST_0272,PROD_034,Premium Item 034,Sports,4,339.59,1075.56,2024-01-11,Islamabad,282.8,Referral
ORD_00081,CUST_0272,PROD_063,Basic Gadget 063,Beauty,2,210.53,363.96,2024-01-11,Islamabad,57.1,Referral
ORD_00082,CUST_0461,PROD_041,Premium Widget 041,Books,3,268.94,806.81,2024-12-31,Karachi,0.0,Referral
ORD_00082,CUST_0461,PROD_038,Premium Device 038,Home & Kitchen,3,284.47,616.0,2024-12-31,Karachi,237.42,Referral
ORD_00082,CUST_0461,PROD_023,Smart Item 023,Clothing,3,332.32,996.96,2024-12-31,Karachi,0.0,Referral
ORD_00082,CUST_0461,PROD_026,Smart Tool 026,Sports,2,184.05,368.1,2024-12-31,Karachi,0.0,Referral
ORD_00083,CUST_0185,PROD_071,Premium Device 071,Electronics,2,446.29,892.58,2024-07-21,Islamabad,0.0,Instagram
ORD_00083,CUST_0185,PROD_040,Basic Widget 040,Clothing,4,528.19,1779.57,2024-07-21,Islamabad,333.2,Instagram
ORD_00083,CUST_0185,PROD_053,Smart Device 053,Beauty,1,109.73,109.73,2024-07-21,Islamabad,0.0,Instagram
ORD_00083,CUST_0185,PROD_010,Pro Item 010,Sports,4,137.71,550.85,2024-07-21,Islamabad,0.0,Instagram
ORD_00083,CUST_0185,PROD_017,Pro Gadget 017,Home & Kitchen,2,203.8,407.59,2024-07-21,Islamabad,0.0,Instagram
ORD_00084,CUST_0258,PROD_067,Smart Tool 067,Clothing,2,94.98,189.95,2025-06-08,Peshawar,0.0,Organic
ORD_00085,CUST_0479,PROD_037,Basic Device 037,Toys,1,415.9,347.17,2024-12-27,Islamabad,68.73,Email
ORD_00085,CUST_0479,PROD_017,Pro Gadget 017,Home & Kitchen,3,192.51,577.52,2024-12-27,Islamabad,0.0,Email
ORD_00086,CUST_0329,PROD_022,Pro Tool 022,Home & Kitchen,3,48.24,144.73,2023-06-22,Faisalabad,0.0,Google Ads
ORD_00086,CUST_0329,PROD_004,Premium Widget 004,Clothing,1,101.45,83.9,2023-06-22,Faisalabad,17.55,Google Ads
ORD_00086,CUST_0329,PROD_027,Basic Gadget 027,Sports,4,263.72,1054.87,2023-06-22,Faisalabad,0.0,Google Ads
ORD_00086,CUST_0329,PROD_070,Elite Device 070,Toys,3,285.59,856.77,2023-06-22,Faisalabad,0.0,Google Ads
ORD_00086,CUST_0329,PROD_032,Smart Item 032,Toys,4,297.81,1191.25,2023-06-22,Faisalabad,0.0,Google Ads
ORD_00087,CUST_0031,PROD_060,Premium Tool 060,Toys,2,404.44,808.88,2023-06-11,Rawalpindi,0.0,Instagram
ORD_00087,CUST_0031,PROD_041,Premium Widget 041,Books,3,295.32,885.97,2023-06-11,Rawalpindi,0.0,Instagram
ORD_00087,CUST_0031,PROD_048,Smart Device 048,Clothing,1,276.75,276.75,2023-06-11,Rawalpindi,0.0,Instagram
ORD_00087,CUST_0031,PROD_035,Smart Widget 035,Toys,4,284.5,1137.99,2023-06-11,Rawalpindi,0.0,Instagram
ORD_00088,CUST_0149,PROD_021,Premium Gadget 021,Toys,3,30.19,85.42,2024-01-29,Rawalpindi,5.16,Google Ads
ORD_00088,CUST_0149,PROD_021,Premium Gadget 021,Toys,4,30.83,123.34,2024-01-29,Rawalpindi,0.0,Google Ads
ORD_00088,CUST_0149,PROD_040,Basic Widget 040,Clothing,4,356.26,1208.95,2024-01-29,Rawalpindi,216.08,Google Ads
ORD_00088,CUST_0149,PROD_031,Smart Widget 031,Books,2,375.26,750.51,2024-01-29,Rawalpindi,0.0,Google Ads
ORD_00088,CUST_0149,PROD_037,Basic Device 037,Toys,4,480.01,1532.66,2024-01-29,Rawalpindi,387.38,Google Ads
ORD_00089,CUST_0147,PROD_056,Premium Widget 056,Electronics,2,238.99,368.45,2024-07-03,Peshawar,109.53,Organic
ORD_00090,CUST_0188,PROD_072,Premium Device 072,Electronics,2,322.11,644.21,2023-02-16,Karachi,0.0,Email
ORD_00090,CUST_0188,PROD_050,Basic Widget 050,Electronics,4,476.83,1907.31,2023-02-16,Karachi,0.0,Email
ORD_00090,CUST_0188,PROD_080,Smart Widget 080,Electronics,1,232.82,232.82,2023-02-16,Karachi,0.0,Email
ORD_00090,CUST_0188,PROD_048,Smart Device 048,Clothing,3,305.24,915.72,2023-02-16,Karachi,0.0,Email
ORD_00091,CUST_0074,PROD_065,Premium Tool 065,Home & Kitchen,1,379.6,379.6,2023-07-23,Faisalabad,0.0,Instagram
ORD_00091,CUST_0074,PROD_043,Elite Device 043,Clothing,4,140.96,563.85,2023-07-23,Faisalabad,0.0,Instagram
ORD_00091,CUST_0074,PROD_066,Elite Item 066,Beauty,2,327.15,622.41,2023-07-23,Faisalabad,31.9,Instagram
ORD_00091,CUST_0074,PROD_079,Premium Widget 079,Beauty,3,326.16,978.47,2023-07-23,Faisalabad,0.0,Instagram
ORD_00091,CUST_0074,PROD_066,Elite Item 066,Beauty,4,380.66,1522.66,2023-07-23,Faisalabad,0.0,Instagram
ORD_00092,CUST_0418,PROD_015,Pro Widget 015,Toys,4,128.22,401.3,2023-01-18,Islamabad,111.6,Referral
ORD_00092,CUST_0418,PROD_004,Premium Widget 004,Clothing,4,112.37,318.4,2023-01-18,Islamabad,131.08,Referral
ORD_00092,CUST_0418,PROD_075,Smart Widget 075,Beauty,2,361.52,723.04,2023-01-18,Islamabad,0.0,Referral
ORD_00093,CUST_0088,PROD_019,Smart Gadget 019,Clothing,2,192.19,371.72,2024-06-20,Peshawar,12.67,Instagram
ORD_00093,CUST_0088,PROD_003,Smart Widget 003,Sports,4,200.59,802.35,2024-06-20,Peshawar,0.0,Instagram
ORD_00093,CUST_0088,PROD_027,Basic Gadget 027,Sports,4,252.0,865.39,2024-06-20,Peshawar,142.62,Instagram
ORD_00093,CUST_0088,PROD_008,Elite Item 008,Home & Kitchen,2,86.82,173.65,2024-06-20,Peshawar,0.0,Instagram
ORD_00093,CUST_0088,PROD_062,Smart Widget 062,Electronics,4,429.36,1717.43,2024-06-20,Peshawar,0.0,Instagram
ORD_00094,CUST_0468,PROD_034,Premium Item 034,Sports,4,336.17,1344.68,2024-06-29,Faisalabad,0.0,Facebook
ORD_00094,CUST_0468,PROD_072,Premium Device 072,Electronics,3,303.34,828.77,2024-06-29,Faisalabad,81.25,Facebook
ORD_00094,CUST_0468,PROD_037,Basic Device 037,Toys,2,497.15,994.29,2024-06-29,Faisalabad,0.0,Facebook
ORD_00095,CUST_0246,PROD_036,Smart Device 036,Clothing,3,72.05,191.53,2023-12-24,Peshawar,24.62,Referral
ORD_00095,CUST_0246,PROD_051,Premium Device 051,Clothing,3,173.08,474.0,2023-12-24,Peshawar,45.24,Referral
ORD_00095,CUST_0246,PROD_037,Basic Device 037,Toys,1,433.6,433.6,2023-12-24,Peshawar,0.0,Referral
ORD_00095,CUST_0246,PROD_033,Premium Item 033,Beauty,4,77.49,284.75,2023-12-24,Peshawar,25.21,Referral
ORD_00095,CUST_0246,PROD_072,Premium Device 072,Electronics,3,291.4,720.29,2023-12-24,Peshawar,153.9,Referral
ORD_00096,CUST_0125,PROD_030,Smart Tool 030,Sports,1,111.89,111.89,2023-02-21,Lahore,0.0,Referral
ORD_00096,CUST_0125,PROD_061,Smart Widget 061,Electronics,1,353.43,353.43,2023-02-21,Lahore,0.0,Referral
ORD_00096,CUST_0125,PROD_071,Premium Device 071,Electronics,2,411.25,605.76,2023-02-21,Lahore,216.75,Referral
ORD_00096,CUST_0125,PROD_062,Smart Widget 062,Electronics,2,511.41,1022.82,2023-02-21,Lahore,0.0,Referral
ORD_00096,CUST_0125,PROD_037,Basic Device 037,Toys,1,537.38,537.38,2023-02-21,Lahore,0.0,Referral
ORD_00097,CUST_0294,PROD_005,Smart Widget 005,Sports,2,103.9,149.58,2023-08-26,Multan,58.22,Referral
ORD_00097,CUST_0294,PROD_005,Smart Widget 005,Sports,4,119.8,479.22,2023-08-26,Multan,0.0,Referral
ORD_00097,CUST_0294,PROD_038,Premium Device 038,Home & Kitchen,1,200.46,200.46,2023-08-26,Multan,0.0,Referral
ORD_00097,CUST_0294,PROD_014,Premium Widget 014,Books,3,111.19,279.19,2023-08-26,Multan,54.37,Referral
ORD_00097,CUST_0294,PROD_064,Basic Tool 064,Electronics,2,103.4,206.8,2023-08-26,Multan,0.0,Referral
ORD_00098,CUST_0099,PROD_059,Pro Tool 059,Clothing,3,476.84,1430.53,2025-04-08,Islamabad,0.0,Google Ads
ORD_00099,CUST_0173,PROD_025,Basic Device 025,Sports,2,144.9,254.55,2025-03-20,Faisalabad,35.25,Referral
ORD_00099,CUST_0173,PROD_055,Elite Item 055,Beauty,3,176.49,500.11,2025-03-20,Faisalabad,29.35,Referral
ORD_00099,CUST_0173,PROD_018,Pro Widget 018,Sports,4,298.48,1193.92,2025-03-20,Faisalabad,0.0,Referral
ORD_00100,CUST_0134,PROD_043,Elite Device 043,Clothing,3,144.49,433.48,2024-01-28,Rawalpindi,0.0,Facebook
ORD_00100,CUST_0134,PROD_034,Premium Item 034,Sports,3,412.92,1238.76,2024-01-28,Rawalpindi,0.0,Facebook
ORD_00101,CUST_0061,PROD_065,Premium Tool 065,Home & Kitchen,3,499.31,1075.22,2024-04-21,Lahore,422.7,Instagram
ORD_00101,CUST_0061,PROD_048,Smart Device 048,Clothing,2,264.82,529.64,2024-04-21,Lahore,0.0,Instagram
ORD_00101,CUST_0061,PROD_020,Pro Device 020,Clothing,4,379.69,1329.3,2024-04-21,Lahore,189.47,Instagram
ORD_00102,CUST_0282,PROD_028,Premium Widget 028,Clothing,2,340.35,680.7,2024-04-27,Peshawar,0.0,Referral
ORD_00102,CUST_0282,PROD_011,Premium Tool 011,Sports,4,71.96,287.85,2024-04-27,Peshawar,0.0,Referral
ORD_00102,CUST_0282,PROD_073,Basic Tool 073,Electronics,1,388.75,388.75,2024-04-27,Peshawar,0.0,Referral
ORD_00102,CUST_0282,PROD_065,Premium Tool 065,Home & Kitchen,2,477.48,954.97,2024-04-27,Peshawar,0.0,Referral
ORD_00102,CUST_0282,PROD_042,Premium Device 042,Toys,4,60.63,242.5,2024-04-27,Peshawar,0.0,Referral
ORD_00103,CUST_0299,PROD_008,Elite Item 008,Home & Kitchen,4,73.49,293.97,2024-05-15,Faisalabad,0.0,Instagram
ORD_00104,CUST_0289,PROD_040,Basic Widget 040,Clothing,1,421.9,327.5,2023-03-01,Rawalpindi,94.4,Referral
ORD_00104,CUST_0289,PROD_075,Smart Widget 075,Beauty,1,271.7,271.7,2023-03-01,Rawalpindi,0.0,Referral
ORD_00104,CUST_0289,PROD_009,Pro Widget 009,Electronics,1,230.26,230.26,2023-03-01,Rawalpindi,0.0,Referral
ORD_00104,CUST_0289,PROD_061,Smart Widget 061,Electronics,1,301.48,301.48,2023-03-01,Rawalpindi,0.0,Referral
ORD_00104,CUST_0289,PROD_018,Pro Widget 018,Sports,4,305.01,1055.89,2023-03-01,Rawalpindi,164.17,Referral
ORD_00105,CUST_0470,PROD_070,Elite Device 070,Toys,2,286.85,573.69,2024-01-22,Karachi,0.0,Referral
ORD_00105,CUST_0470,PROD_023,Smart Item 023,Clothing,4,334.98,1250.4,2024-01-22,Karachi,89.52,Referral
ORD_00105,CUST_0470,PROD_001,Premium Widget 001,Books,1,172.47,172.47,2024-01-22,Karachi,0.0,Referral
ORD_00105,CUST_0470,PROD_070,Elite Device 070,Toys,4,273.7,1013.52,2024-01-22,Karachi,81.29,Referral
ORD_00106,CUST_0178,PROD_015,Pro Widget 015,Toys,1,139.43,139.43,2023-06-08,Lahore,0.0,Referral
ORD_00106,CUST_0178,PROD_003,Smart Widget 003,Sports,2,191.26,382.52,2023-06-08,Lahore,0.0,Referral
ORD_00106,CUST_0178,PROD_005,Smart Widget 005,Sports,4,111.63,440.01,2023-06-08,Lahore,6.52,Referral
ORD_00107,CUST_0380,PROD_070,Elite Device 070,Toys,2,297.75,570.46,2023-02-15,Rawalpindi,25.04,Google Ads
ORD_00107,CUST_0380,PROD_038,Premium Device 038,Home & Kitchen,2,280.93,508.1,2023-02-15,Rawalpindi,53.75,Google Ads
ORD_00107,CUST_0380,PROD_077,Basic Item 077,Clothing,3,125.4,264.95,2023-02-15,Rawalpindi,111.25,Google Ads
ORD_00107,CUST_0380,PROD_067,Smart Tool 067,Clothing,2,99.49,198.97,2023-02-15,Rawalpindi,0.0,Google Ads
ORD_00108,CUST_0286,PROD_055,Elite Item 055,Beauty,4,173.12,692.47,2024-08-28,Multan,0.0,Referral
ORD_00108,CUST_0286,PROD_049,Premium Widget 049,Books,3,344.31,1032.92,2024-08-28,Multan,0.0,Referral
ORD_00109,CUST_0154,PROD_061,Smart Widget 061,Electronics,2,375.6,751.2,2024-01-21,Peshawar,0.0,Email
ORD_00109,CUST_0154,PROD_019,Smart Gadget 019,Clothing,4,275.75,1102.98,2024-01-21,Peshawar,0.0,Email
ORD_00110,CUST_0496,PROD_050,Basic Widget 050,Electronics,2,388.96,777.92,2024-03-02,Faisalabad,0.0,Google Ads
ORD_00110,CUST_0496,PROD_011,Premium Tool 011,Sports,4,81.04,324.16,2024-03-02,Faisalabad,0.0,Google Ads
ORD_00110,CUST_0496,PROD_025,Basic Device 025,Sports,1,125.89,103.12,2024-03-02,Faisalabad,22.77,Google Ads
ORD_00110,CUST_0496,PROD_010,Pro Item 010,Sports,2,156.63,313.27,2024-03-02,Faisalabad,0.0,Google Ads
ORD_00110,CUST_0496,PROD_072,Premium Device 072,Electronics,2,338.04,608.55,2024-03-02,Faisalabad,67.53,Google Ads
ORD_00111,CUST_0490,PROD_016,Premium Tool 016,Home & Kitchen,4,270.66,854.05,2023-01-16,Lahore,228.58,Referral
ORD_00111,CUST_0490,PROD_051,Premium Device 051,Clothing,2,149.5,264.85,2023-01-16,Lahore,34.15,Referral
ORD_00112,CUST_0274,PROD_047,Basic Gadget 047,Electronics,4,173.27,542.88,2024-10-26,Islamabad,150.21,Facebook
ORD_00112,CUST_0274,PROD_041,Premium Widget 041,Books,2,235.31,470.61,2024-10-26,Islamabad,0.0,Facebook
ORD_00112,CUST_0274,PROD_073,Basic Tool 073,Electronics,2,516.87,1033.74,2024-10-26,Islamabad,0.0,Facebook
ORD_00113,CUST_0284,PROD_038,Premium Device 038,Home & Kitchen,2,219.11,438.22,2024-08-21,Multan,0.0,Instagram
ORD_00113,CUST_0284,PROD_073,Basic Tool 073,Electronics,2,471.25,748.86,2024-08-21,Multan,193.64,Instagram
ORD_00113,CUST_0284,PROD_033,Premium Item 033,Beauty,4,103.83,354.19,2024-08-21,Multan,61.12,Instagram
ORD_00113,CUST_0284,PROD_022,Pro Tool 022,Home & Kitchen,3,36.82,94.27,2024-08-21,Multan,16.18,Instagram
ORD_00113,CUST_0284,PROD_070,Elite Device 070,Toys,1,272.84,266.76,2024-08-21,Multan,6.08,Instagram
ORD_00114,CUST_0419,PROD_053,Smart Device 053,Beauty,2,146.75,293.51,2024-11-15,Peshawar,0.0,Organic
ORD_00115,CUST_0363,PROD_059,Pro Tool 059,Clothing,3,361.4,780.45,2023-06-04,Lahore,303.76,Email
ORD_00116,CUST_0468,PROD_069,Premium Item 069,Electronics,4,27.82,111.28,2024-05-09,Karachi,0.0,Organic
ORD_00116,CUST_0468,PROD_036,Smart Device 036,Clothing,3,68.49,163.93,2024-05-09,Karachi,41.55,Organic
ORD_00116,CUST_0468,PROD_023,Smart Item 023,Clothing,1,386.54,386.54,2024-05-09,Karachi,0.0,Organic
ORD_00116,CUST_0468,PROD_031,Smart Widget 031,Books,2,380.55,761.1,2024-05-09,Karachi,0.0,Organic
ORD_00117,CUST_0182,PROD_052,Elite Gadget 052,Sports,4,76.78,286.29,2023-10-01,Karachi,20.81,Facebook
ORD_00117,CUST_0182,PROD_011,Premium Tool 011,Sports,1,59.59,59.59,2023-10-01,Karachi,0.0,Facebook
ORD_00117,CUST_0182,PROD_071,Premium Device 071,Electronics,4,351.32,1405.26,2023-10-01,Karachi,0.0,Facebook
ORD_00117,CUST_0182,PROD_022,Pro Tool 022,Home & Kitchen,1,42.43,42.43,2023-10-01,Karachi,0.0,Facebook
ORD_00118,CUST_0402,PROD_068,Basic Widget 068,Sports,1,330.46,261.83,2023-12-06,Peshawar,68.63,Organic
ORD_00118,CUST_0402,PROD_073,Basic Tool 073,Electronics,4,428.22,1361.18,2023-12-06,Peshawar,351.7,Organic
ORD_00118,CUST_0402,PROD_036,Smart Device 036,Clothing,1,74.0,73.65,2023-12-06,Peshawar,0.35,Organic
ORD_00118,CUST_0402,PROD_027,Basic Gadget 027,Sports,2,277.23,488.21,2023-12-06,Peshawar,66.25,Organic
ORD_00118,CUST_0402,PROD_010,Pro Item 010,Sports,3,120.77,362.31,2023-12-06,Peshawar,0.0,Organic
ORD_00119,CUST_0428,PROD_043,Elite Device 043,Clothing,4,154.18,616.73,2025-05-19,Multan,0.0,Email
ORD_00119,CUST_0428,PROD_011,Premium Tool 011,Sports,3,58.46,175.37,2025-05-19,Multan,0.0,Email
ORD_00119,CUST_0428,PROD_010,Pro Item 010,Sports,3,145.49,358.49,2025-05-19,Multan,77.99,Email
ORD_00119,CUST_0428,PROD_042,Premium Device 042,Toys,1,75.46,65.26,2025-05-19,Multan,10.2,Email
ORD_00120,CUST_0117,PROD_024,Elite Tool 024,Clothing,4,116.62,354.8,2023-12-31,Rawalpindi,111.69,Instagram
ORD_00120,CUST_0117,PROD_010,Pro Item 010,Sports,1,126.66,126.66,2023-12-31,Rawalpindi,0.0,Instagram
ORD_00120,CUST_0117,PROD_020,Pro Device 020,Clothing,4,320.13,1280.51,2023-12-31,Rawalpindi,0.0,Instagram
ORD_00120,CUST_0117,PROD_001,Premium Widget 001,Books,3,141.56,411.66,2023-12-31,Rawalpindi,13.02,Instagram
ORD_00120,CUST_0117,PROD_012,Elite Widget 012,Sports,2,149.42,298.84,2023-12-31,Rawalpindi,0.0,Instagram
ORD_00121,CUST_0263,PROD_046,Pro Tool 046,Sports,1,240.19,177.95,2024-02-22,Karachi,62.24,Organic
ORD_00122,CUST_0007,PROD_072,Premium Device 072,Electronics,2,350.66,701.32,2023-10-26,Rawalpindi,0.0,Organic
ORD_00122,CUST_0007,PROD_049,Premium Widget 049,Books,2,273.12,546.24,2023-10-26,Rawalpindi,0.0,Organic
ORD_00122,CUST_0007,PROD_064,Basic Tool 064,Electronics,2,74.83,149.66,2023-10-26,Rawalpindi,0.0,Organic
ORD_00122,CUST_0007,PROD_054,Elite Tool 054,Clothing,3,55.87,167.6,2023-10-26,Rawalpindi,0.0,Organic
ORD_00123,CUST_0129,PROD_026,Smart Tool 026,Sports,4,173.37,693.48,2023-09-10,Faisalabad,0.0,Email
ORD_00123,CUST_0129,PROD_051,Premium Device 051,Clothing,3,166.46,499.39,2023-09-10,Faisalabad,0.0,Email
ORD_00123,CUST_0129,PROD_043,Elite Device 043,Clothing,4,130.63,387.79,2023-09-10,Faisalabad,134.74,Email
ORD_00123,CUST_0129,PROD_077,Basic Item 077,Clothing,2,128.96,204.12,2023-09-10,Faisalabad,53.8,Email
ORD_00124,CUST_0246,PROD_038,Premium Device 038,Home & Kitchen,4,296.09,1068.56,2023-11-18,Rawalpindi,115.79,Facebook
ORD_00124,CUST_0246,PROD_036,Smart Device 036,Clothing,4,80.31,301.98,2023-11-18,Rawalpindi,19.25,Facebook
ORD_00125,CUST_0280,PROD_060,Premium Tool 060,Toys,2,421.42,842.85,2023-07-04,Karachi,0.0,Referral
ORD_00125,CUST_0280,PROD_009,Pro Widget 009,Electronics,4,209.73,838.93,2023-07-04,Karachi,0.0,Referral
ORD_00125,CUST_0280,PROD_039,Premium Item 039,Toys,2,365.22,730.45,2023-07-04,Karachi,0.0,Referral
ORD_00125,CUST_0280,PROD_055,Elite Item 055,Beauty,4,175.41,600.76,2023-07-04,Karachi,100.87,Referral
ORD_00125,CUST_0280,PROD_052,Elite Gadget 052,Sports,4,76.14,271.7,2023-07-04,Karachi,32.85,Referral
ORD_00126,CUST_0459,PROD_011,Premium Tool 011,Sports,1,78.82,70.43,2025-04-11,Faisalabad,8.39,Referral
ORD_00126,CUST_0459,PROD_079,Premium Widget 079,Beauty,1,322.32,259.78,2025-04-11,Faisalabad,62.54,Referral
ORD_00126,CUST_0459,PROD_043,Elite Device 043,Clothing,4,117.83,471.33,2025-04-11,Faisalabad,0.0,Referral
ORD_00126,CUST_0459,PROD_029,Elite Device 029,Electronics,2,194.23,388.47,2025-04-11,Faisalabad,0.0,Referral
ORD_00126,CUST_0459,PROD_076,Smart Device 076,Home & Kitchen,2,438.99,877.97,2025-04-11,Faisalabad,0.0,Referral
ORD_00127,CUST_0054,PROD_019,Smart Gadget 019,Clothing,3,218.71,656.14,2023-10-30,Karachi,0.0,Organic
ORD_00127,CUST_0054,PROD_027,Basic Gadget 027,Sports,4,236.54,946.16,2023-10-30,Karachi,0.0,Organic
ORD_00127,CUST_0054,PROD_058,Smart Tool 058,Clothing,3,179.2,537.6,2023-10-30,Karachi,0.0,Organic
ORD_00127,CUST_0054,PROD_015,Pro Widget 015,Toys,1,141.4,112.68,2023-10-30,Karachi,28.72,Organic
ORD_00128,CUST_0085,PROD_071,Premium Device 071,Electronics,2,398.28,796.56,2025-01-28,Faisalabad,0.0,Google Ads
ORD_00128,CUST_0085,PROD_060,Premium Tool 060,Toys,2,483.52,912.97,2025-01-28,Faisalabad,54.07,Google Ads
ORD_00129,CUST_0337,PROD_079,Premium Widget 079,Beauty,2,308.03,616.06,2024-03-18,Karachi,0.0,Referral
ORD_00129,CUST_0337,PROD_001,Premium Widget 001,Books,2,127.72,193.47,2024-03-18,Karachi,61.98,Referral
ORD_00129,CUST_0337,PROD_009,Pro Widget 009,Electronics,1,219.66,219.66,2024-03-18,Karachi,0.0,Referral
ORD_00129,CUST_0337,PROD_047,Basic Gadget 047,Electronics,3,154.38,463.13,2024-03-18,Karachi,0.0,Referral
ORD_00130,CUST_0344,PROD_041,Premium Widget 041,Books,4,259.19,1036.75,2025-06-02,Faisalabad,0.0,Referral
ORD_00130,CUST_0344,PROD_045,Basic Item 045,Beauty,3,566.39,1284.37,2025-06-02,Faisalabad,414.81,Referral
ORD_00130,CUST_0344,PROD_039,Premium Item 039,Toys,1,433.22,433.22,2025-06-02,Faisalabad,0.0,Referral
ORD_00130,CUST_0344,PROD_031,Smart Widget 031,Books,3,307.51,922.52,2025-06-02,Faisalabad,0.0,Referral
ORD_00131,CUST_0073,PROD_018,Pro Widget 018,Sports,4,311.25,1245.02,2024-06-07,Rawalpindi,0.0,Email
ORD_00131,CUST_0073,PROD_069,Premium Item 069,Electronics,2,35.33,70.66,2024-06-07,Rawalpindi,0.0,Email
ORD_00131,CUST_0073,PROD_018,Pro Widget 018,Sports,2,297.32,594.64,2024-06-07,Rawalpindi,0.0,Email
ORD_00131,CUST_0073,PROD_007,Pro Widget 007,Toys,3,478.02,1434.06,2024-06-07,Rawalpindi,0.0,Email
ORD_00132,CUST_0100,PROD_064,Basic Tool 064,Electronics,4,97.37,389.47,2025-04-14,Faisalabad,0.0,Email
ORD_00132,CUST_0100,PROD_057,Pro Widget 057,Clothing,4,90.05,360.21,2025-04-14,Faisalabad,0.0,Email
ORD_00132,CUST_0100,PROD_029,Elite Device 029,Electronics,3,161.43,484.29,2025-04-14,Faisalabad,0.0,Email
ORD_00132,CUST_0100,PROD_037,Basic Device 037,Toys,2,513.87,1027.74,2025-04-14,Faisalabad,0.0,Email
ORD_00133,CUST_0396,PROD_015,Pro Widget 015,Toys,1,112.55,112.55,2025-02-23,Faisalabad,0.0,Email
ORD_00133,CUST_0396,PROD_047,Basic Gadget 047,Electronics,1,193.93,193.93,2025-02-23,Faisalabad,0.0,Email
ORD_00133,CUST_0396,PROD_028,Premium Widget 028,Clothing,4,266.96,827.16,2025-02-23,Faisalabad,240.7,Email
ORD_00133,CUST_0396,PROD_039,Premium Item 039,Toys,1,397.17,397.17,2025-02-23,Faisalabad,0.0,Email
ORD_00134,CUST_0419,PROD_031,Smart Widget 031,Books,2,408.28,816.57,2023-03-31,Peshawar,0.0,Organic
ORD_00134,CUST_0419,PROD_045,Basic Item 045,Beauty,4,431.13,1724.54,2023-03-31,Peshawar,0.0,Organic
ORD_00134,CUST_0419,PROD_027,Basic Gadget 027,Sports,2,282.59,565.17,2023-03-31,Peshawar,0.0,Organic
ORD_00134,CUST_0419,PROD_069,Premium Item 069,Electronics,3,35.91,107.73,2023-03-31,Peshawar,0.0,Organic
ORD_00135,CUST_0361,PROD_066,Elite Item 066,Beauty,1,300.12,263.06,2023-10-27,Faisalabad,37.06,Facebook
ORD_00135,CUST_0361,PROD_008,Elite Item 008,Home & Kitchen,3,98.83,296.5,2023-10-27,Faisalabad,0.0,Facebook
ORD_00135,CUST_0361,PROD_017,Pro Gadget 017,Home & Kitchen,2,158.03,316.06,2023-10-27,Faisalabad,0.0,Facebook
ORD_00136,CUST_0127,PROD_074,Smart Gadget 074,Sports,3,316.71,950.14,2025-02-18,Rawalpindi,0.0,Google Ads
ORD_00136,CUST_0127,PROD_010,Pro Item 010,Sports,1,134.19,106.22,2025-02-18,Rawalpindi,27.97,Google Ads
ORD_00136,CUST_0127,PROD_048,Smart Device 048,Clothing,4,352.07,1408.29,2025-02-18,Rawalpindi,0.0,Google Ads
ORD_00136,CUST_0127,PROD_001,Premium Widget 001,Books,1,158.13,158.13,2025-02-18,Rawalpindi,0.0,Google Ads
ORD_00137,CUST_0341,PROD_069,Premium Item 069,Electronics,4,30.67,122.67,2024-12-15,Peshawar,0.0,Organic
ORD_00137,CUST_0341,PROD_028,Premium Widget 028,Clothing,4,288.06,1035.49,2024-12-15,Peshawar,116.75,Organic
ORD_00137,CUST_0341,PROD_074,Smart Gadget 074,Sports,2,309.28,618.56,2024-12-15,Peshawar,0.0,Organic
ORD_00138,CUST_0176,PROD_059,Pro Tool 059,Clothing,1,372.59,323.26,2024-11-29,Karachi,49.33,Organic
ORD_00139,CUST_0001,PROD_039,Premium Item 039,Toys,2,466.02,905.95,2024-03-14,Multan,26.1,Google Ads
ORD_00139,CUST_0001,PROD_047,Basic Gadget 047,Electronics,3,146.32,353.51,2024-03-14,Multan,85.45,Google Ads
ORD_00140,CUST_0027,PROD_030,Smart Tool 030,Sports,4,141.47,565.71,2024-02-10,Multan,0.18,Referral
ORD_00140,CUST_0027,PROD_062,Smart Widget 062,Electronics,1,395.76,395.76,2024-02-10,Multan,0.0,Referral
ORD_00140,CUST_0027,PROD_057,Pro Widget 057,Clothing,1,83.44,83.44,2024-02-10,Multan,0.0,Referral
ORD_00141,CUST_0062,PROD_062,Smart Widget 062,Electronics,1,413.62,413.62,2025-05-30,Multan,0.0,Google Ads
ORD_00141,CUST_0062,PROD_014,Premium Widget 014,Books,1,112.59,107.96,2025-05-30,Multan,4.63,Google Ads
ORD_00141,CUST_0062,PROD_018,Pro Widget 018,Sports,2,265.7,531.4,2025-05-30,Multan,0.0,Google Ads
ORD_00141,CUST_0062,PROD_079,Premium Widget 079,Beauty,2,306.84,498.05,2025-05-30,Multan,115.63,Google Ads
ORD_00142,CUST_0078,PROD_028,Premium Widget 028,Clothing,1,367.81,367.81,2024-02-26,Multan,0.0,Instagram
ORD_00142,CUST_0078,PROD_016,Premium Tool 016,Home & Kitchen,4,218.38,873.53,2024-02-26,Multan,0.0,Instagram
ORD_00142,CUST_0078,PROD_018,Pro Widget 018,Sports,2,292.49,584.98,2024-02-26,Multan,0.0,Instagram
ORD_00142,CUST_0078,PROD_071,Premium Device 071,Electronics,3,474.83,1062.14,2024-02-26,Multan,362.34,Instagram
ORD_00142,CUST_0078,PROD_039,Premium Item 039,Toys,2,408.2,816.4,2024-02-26,Multan,0.0,Instagram
ORD_00143,CUST_0383,PROD_031,Smart Widget 031,Books,4,346.57,1386.29,2024-02-06,Multan,0.0,Organic
ORD_00143,CUST_0383,PROD_077,Basic Item 077,Clothing,1,141.74,99.78,2024-02-06,Multan,41.96,Organic
ORD_00143,CUST_0383,PROD_041,Premium Widget 041,Books,2,236.91,414.0,2024-02-06,Multan,59.82,Organic
ORD_00144,CUST_0280,PROD_010,Pro Item 010,Sports,1,144.5,144.5,2024-11-30,Peshawar,0.0,Instagram
ORD_00144,CUST_0280,PROD_028,Premium Widget 028,Clothing,1,371.11,326.8,2024-11-30,Peshawar,44.31,Instagram
ORD_00145,CUST_0147,PROD_055,Elite Item 055,Beauty,4,176.12,704.49,2024-10-05,Peshawar,0.0,Instagram
ORD_00145,CUST_0147,PROD_079,Premium Widget 079,Beauty,2,286.39,572.77,2024-10-05,Peshawar,0.0,Instagram
ORD_00145,CUST_0147,PROD_066,Elite Item 066,Beauty,2,417.99,835.97,2024-10-05,Peshawar,0.0,Instagram
ORD_00145,CUST_0147,PROD_042,Premium Device 042,Toys,4,74.1,238.61,2024-10-05,Peshawar,57.78,Instagram
ORD_00145,CUST_0147,PROD_009,Pro Widget 009,Electronics,3,211.75,473.94,2024-10-05,Peshawar,161.31,Instagram
ORD_00146,CUST_0030,PROD_059,Pro Tool 059,Clothing,1,405.05,315.05,2023-09-08,Rawalpindi,90.0,Organic
ORD_00147,CUST_0062,PROD_021,Premium Gadget 021,Toys,4,30.39,121.57,2023-01-13,Multan,0.0,Organic
ORD_00147,CUST_0062,PROD_034,Premium Item 034,Sports,2,363.71,536.81,2023-01-13,Multan,190.61,Organic
ORD_00148,CUST_0376,PROD_043,Elite Device 043,Clothing,4,127.12,508.49,2025-06-26,Peshawar,0.0,Organic
ORD_00149,CUST_0365,PROD_066,Elite Item 066,Beauty,3,288.85,823.18,2024-08-13,Rawalpindi,43.38,Instagram
ORD_00150,CUST_0081,PROD_015,Pro Widget 015,Toys,2,136.02,272.04,2023-09-19,Faisalabad,0.0,Referral
ORD_00151,CUST_0440,PROD_061,Smart Widget 061,Electronics,3,314.12,942.37,2025-06-02,Lahore,0.0,Organic
ORD_00152,CUST_0477,PROD_054,Elite Tool 054,Clothing,2,52.21,104.43,2025-05-28,Faisalabad,0.0,Referral
ORD_00153,CUST_0369,PROD_074,Smart Gadget 074,Sports,3,255.44,754.21,2023-11-24,Peshawar,12.11,Organic
ORD_00153,CUST_0369,PROD_029,Elite Device 029,Electronics,1,234.6,234.6,2023-11-24,Peshawar,0.0,Organic
ORD_00153,CUST_0369,PROD_060,Premium Tool 060,Toys,3,479.33,1438.0,2023-11-24,Peshawar,0.0,Organic
ORD_00154,CUST_0045,PROD_026,Smart Tool 026,Sports,3,210.96,632.88,2024-07-20,Karachi,0.0,Facebook
ORD_00154,CUST_0045,PROD_080,Smart Widget 080,Electronics,2,269.49,538.99,2024-07-20,Karachi,0.0,Facebook
ORD_00154,CUST_0045,PROD_064,Basic Tool 064,Electronics,2,99.1,198.2,2024-07-20,Karachi,0.0,Facebook
ORD_00154,CUST_0045,PROD_032,Smart Item 032,Toys,2,260.08,520.17,2024-07-20,Karachi,0.0,Facebook
ORD_00155,CUST_0120,PROD_002,Basic Gadget 002,Books,3,48.21,107.79,2024-07-08,Multan,36.84,Referral
ORD_00155,CUST_0120,PROD_040,Basic Widget 040,Clothing,1,388.31,339.4,2024-07-08,Multan,48.91,Referral
ORD_00155,CUST_0120,PROD_008,Elite Item 008,Home & Kitchen,2,93.48,186.95,2024-07-08,Multan,0.0,Referral
ORD_00156,CUST_0472,PROD_048,Smart Device 048,Clothing,4,354.97,1419.89,2023-08-26,Rawalpindi,0.0,Referral
ORD_00156,CUST_0472,PROD_013,Smart Item 013,Sports,2,109.94,219.88,2023-08-26,Rawalpindi,0.0,Referral
ORD_00156,CUST_0472,PROD_076,Smart Device 076,Home & Kitchen,1,455.84,423.46,2023-08-26,Rawalpindi,32.38,Referral
ORD_00156,CUST_0472,PROD_034,Premium Item 034,Sports,3,448.69,1346.07,2023-08-26,Rawalpindi,0.0,Referral
ORD_00156,CUST_0472,PROD_042,Premium Device 042,Toys,3,70.27,210.8,2023-08-26,Rawalpindi,0.0,Referral
ORD_00157,CUST_0484,PROD_014,Premium Widget 014,Books,2,102.48,204.96,2023-07-27,Peshawar,0.0,Email
ORD_00157,CUST_0484,PROD_041,Premium Widget 041,Books,4,210.5,841.98,2023-07-27,Peshawar,0.0,Email
ORD_00158,CUST_0395,PROD_034,Premium Item 034,Sports,1,320.55,291.29,2023-08-01,Islamabad,29.26,Instagram
ORD_00158,CUST_0395,PROD_078,Basic Item 078,Beauty,1,146.13,139.63,2023-08-01,Islamabad,6.5,Instagram
ORD_00158,CUST_0395,PROD_032,Smart Item 032,Toys,3,310.62,931.86,2023-08-01,Islamabad,0.0,Instagram
ORD_00158,CUST_0395,PROD_039,Premium Item 039,Toys,3,457.22,1371.65,2023-08-01,Islamabad,0.0,Instagram
ORD_00159,CUST_0488,PROD_071,Premium Device 071,Electronics,2,357.91,715.83,2024-02-19,Faisalabad,0.0,Referral
ORD_00159,CUST_0488,PROD_018,Pro Widget 018,Sports,1,258.45,182.27,2024-02-19,Faisalabad,76.18,Referral
ORD_00159,CUST_0488,PROD_017,Pro Gadget 017,Home & Kitchen,2,207.91,415.83,2024-02-19,Faisalabad,0.0,Referral
ORD_00159,CUST_0488,PROD_011,Premium Tool 011,Sports,3,83.04,249.13,2024-02-19,Faisalabad,0.0,Referral
ORD_00160,CUST_0034,PROD_012,Elite Widget 012,Sports,3,130.46,385.43,2023-07-22,Peshawar,5.95,Google Ads
ORD_00160,CUST_0034,PROD_074,Smart Gadget 074,Sports,4,340.08,1360.32,2023-07-22,Peshawar,0.0,Google Ads
ORD_00160,CUST_0034,PROD_004,Premium Widget 004,Clothing,4,133.09,532.35,2023-07-22,Peshawar,0.0,Google Ads
ORD_00160,CUST_0034,PROD_028,Premium Widget 028,Clothing,2,288.88,577.75,2023-07-22,Peshawar,0.0,Google Ads
ORD_00161,CUST_0077,PROD_032,Smart Item 032,Toys,3,323.93,832.13,2023-02-05,Faisalabad,139.65,Email
ORD_00161,CUST_0077,PROD_012,Elite Widget 012,Sports,3,146.47,439.41,2023-02-05,Faisalabad,0.0,Email
ORD_00161,CUST_0077,PROD_068,Basic Widget 068,Sports,2,389.89,593.84,2023-02-05,Faisalabad,185.94,Email
ORD_00161,CUST_0077,PROD_049,Premium Widget 049,Books,3,316.65,851.9,2023-02-05,Faisalabad,98.04,Email
ORD_00161,CUST_0077,PROD_073,Basic Tool 073,Electronics,3,450.33,1351.0,2023-02-05,Faisalabad,0.0,Email
ORD_00162,CUST_0164,PROD_008,Elite Item 008,Home & Kitchen,4,87.19,244.19,2024-09-03,Karachi,104.59,Facebook
ORD_00162,CUST_0164,PROD_021,Premium Gadget 021,Toys,1,23.13,23.13,2024-09-03,Karachi,0.0,Facebook
ORD_00163,CUST_0274,PROD_074,Smart Gadget 074,Sports,4,283.81,847.38,2025-04-15,Peshawar,287.86,Google Ads
ORD_00164,CUST_0091,PROD_046,Pro Tool 046,Sports,1,250.05,250.05,2023-08-31,Islamabad,0.0,Referral
ORD_00164,CUST_0091,PROD_073,Basic Tool 073,Electronics,2,483.28,966.56,2023-08-31,Islamabad,0.0,Referral
ORD_00164,CUST_0091,PROD_064,Basic Tool 064,Electronics,3,78.9,236.71,2023-08-31,Islamabad,0.0,Referral
ORD_00164,CUST_0091,PROD_008,Elite Item 008,Home & Kitchen,2,89.68,179.37,2023-08-31,Islamabad,0.0,Referral
ORD_00164,CUST_0091,PROD_062,Smart Widget 062,Electronics,1,432.7,328.02,2023-08-31,Islamabad,104.68,Referral
ORD_00165,CUST_0175,PROD_008,Elite Item 008,Home & Kitchen,1,74.04,70.89,2025-01-04,Peshawar,3.15,Facebook
ORD_00165,CUST_0175,PROD_015,Pro Widget 015,Toys,3,146.93,440.78,2025-01-04,Peshawar,0.0,Facebook
ORD_00166,CUST_0483,PROD_044,Smart Tool 044,Clothing,3,432.16,1011.64,2024-11-09,Faisalabad,284.85,Organic
ORD_00166,CUST_0483,PROD_056,Premium Widget 056,Electronics,4,219.65,878.6,2024-11-09,Faisalabad,0.0,Organic
ORD_00166,CUST_0483,PROD_072,Premium Device 072,Electronics,3,303.12,909.35,2024-11-09,Faisalabad,0.0,Organic
ORD_00166,CUST_0483,PROD_023,Smart Item 023,Clothing,4,305.57,1175.58,2024-11-09,Faisalabad,46.7,Organic
ORD_00167,CUST_0374,PROD_005,Smart Widget 005,Sports,2,111.83,158.74,2023-01-02,Rawalpindi,64.92,Email
ORD_00167,CUST_0374,PROD_029,Elite Device 029,Electronics,1,233.22,233.22,2023-01-02,Rawalpindi,0.0,Email
ORD_00167,CUST_0374,PROD_010,Pro Item 010,Sports,2,131.06,262.13,2023-01-02,Rawalpindi,0.0,Email
ORD_00167,CUST_0374,PROD_012,Elite Widget 012,Sports,3,150.38,451.14,2023-01-02,Rawalpindi,0.0,Email
ORD_00167,CUST_0374,PROD_032,Smart Item 032,Toys,1,304.69,238.84,2023-01-02,Rawalpindi,65.85,Email
ORD_00168,CUST_0025,PROD_022,Pro Tool 022,Home & Kitchen,4,42.31,169.25,2024-01-31,Multan,0.0,Instagram
ORD_00168,CUST_0025,PROD_070,Elite Device 070,Toys,4,227.16,908.66,2024-01-31,Multan,0.0,Instagram
ORD_00168,CUST_0025,PROD_074,Smart Gadget 074,Sports,2,260.65,521.3,2024-01-31,Multan,0.0,Instagram
ORD_00168,CUST_0025,PROD_005,Smart Widget 005,Sports,3,86.81,260.42,2024-01-31,Multan,0.0,Instagram
ORD_00169,CUST_0054,PROD_021,Premium Gadget 021,Toys,1,26.21,25.48,2023-03-17,Lahore,0.73,Instagram
ORD_00169,CUST_0054,PROD_077,Basic Item 077,Clothing,4,151.61,606.46,2023-03-17,Lahore,0.0,Instagram
ORD_00169,CUST_0054,PROD_022,Pro Tool 022,Home & Kitchen,4,36.61,146.44,2023-03-17,Lahore,0.0,Instagram
ORD_00170,CUST_0106,PROD_070,Elite Device 070,Toys,3,287.61,862.83,2023-07-14,Multan,0.0,Email
ORD_00170,CUST_0106,PROD_013,Smart Item 013,Sports,1,99.76,99.76,2023-07-14,Multan,0.0,Email
ORD_00170,CUST_0106,PROD_063,Basic Gadget 063,Beauty,2,203.77,407.55,2023-07-14,Multan,0.0,Email
ORD_00170,CUST_0106,PROD_012,Elite Widget 012,Sports,3,173.57,445.67,2023-07-14,Multan,75.03,Email
ORD_00171,CUST_0050,PROD_038,Premium Device 038,Home & Kitchen,1,246.78,246.78,2023-01-27,Lahore,0.0,Referral
ORD_00171,CUST_0050,PROD_051,Premium Device 051,Clothing,4,145.81,567.3,2023-01-27,Lahore,15.95,Referral
ORD_00172,CUST_0279,PROD_048,Smart Device 048,Clothing,2,291.87,583.74,2024-02-01,Islamabad,0.0,Instagram
ORD_00172,CUST_0279,PROD_060,Premium Tool 060,Toys,3,384.75,1154.24,2024-02-01,Islamabad,0.0,Instagram
ORD_00173,CUST_0032,PROD_045,Basic Item 045,Beauty,4,591.31,2365.25,2023-06-04,Karachi,0.0,Referral
ORD_00174,CUST_0284,PROD_054,Elite Tool 054,Clothing,4,57.86,231.42,2023-03-04,Peshawar,0.0,Email
ORD_00174,CUST_0284,PROD_039,Premium Item 039,Toys,1,388.26,384.21,2023-03-04,Peshawar,4.05,Email
ORD_00174,CUST_0284,PROD_074,Smart Gadget 074,Sports,2,255.54,484.58,2023-03-04,Peshawar,26.51,Email
ORD_00174,CUST_0284,PROD_022,Pro Tool 022,Home & Kitchen,2,47.67,95.33,2023-03-04,Peshawar,0.0,Email
ORD_00175,CUST_0217,PROD_019,Smart Gadget 019,Clothing,3,219.46,498.91,2023-03-22,Lahore,159.46,Referral
ORD_00175,CUST_0217,PROD_012,Elite Widget 012,Sports,4,157.12,628.5,2023-03-22,Lahore,0.0,Referral
ORD_00175,CUST_0217,PROD_036,Smart Device 036,Clothing,4,99.06,396.22,2023-03-22,Lahore,0.0,Referral
ORD_00175,CUST_0217,PROD_080,Smart Widget 080,Electronics,4,231.06,924.24,2023-03-22,Lahore,0.0,Referral
ORD_00176,CUST_0291,PROD_014,Premium Widget 014,Books,1,135.58,99.78,2024-08-25,Peshawar,35.8,Organic
ORD_00176,CUST_0291,PROD_053,Smart Device 053,Beauty,3,123.03,369.1,2024-08-25,Peshawar,0.0,Organic
ORD_00176,CUST_0291,PROD_078,Basic Item 078,Beauty,4,134.42,537.66,2024-08-25,Peshawar,0.0,Organic
ORD_00176,CUST_0291,PROD_019,Smart Gadget 019,Clothing,4,192.88,694.78,2024-08-25,Peshawar,76.73,Organic
ORD_00176,CUST_0291,PROD_031,Smart Widget 031,Books,1,398.85,291.52,2024-08-25,Peshawar,107.33,Organic
ORD_00177,CUST_0011,PROD_063,Basic Gadget 063,Beauty,1,294.82,294.82,2023-12-12,Islamabad,0.0,Facebook
ORD_00177,CUST_0011,PROD_039,Premium Item 039,Toys,4,449.75,1798.99,2023-12-12,Islamabad,0.0,Facebook
ORD_00177,CUST_0011,PROD_054,Elite Tool 054,Clothing,1,49.2,49.2,2023-12-12,Islamabad,0.0,Facebook
ORD_00178,CUST_0422,PROD_048,Smart Device 048,Clothing,1,300.16,300.16,2024-02-21,Peshawar,0.0,Email
ORD_00178,CUST_0422,PROD_040,Basic Widget 040,Clothing,4,376.06,1107.43,2024-02-21,Peshawar,396.82,Email
ORD_00178,CUST_0422,PROD_004,Premium Widget 004,Clothing,2,108.76,162.9,2024-02-21,Peshawar,54.62,Email
ORD_00178,CUST_0422,PROD_032,Smart Item 032,Toys,1,318.42,251.11,2024-02-21,Peshawar,67.31,Email
ORD_00179,CUST_0141,PROD_016,Premium Tool 016,Home & Kitchen,1,208.2,208.2,2024-01-13,Faisalabad,0.0,Instagram
ORD_00179,CUST_0141,PROD_058,Smart Tool 058,Clothing,2,256.64,513.28,2024-01-13,Faisalabad,0.0,Instagram
ORD_00179,CUST_0141,PROD_071,Premium Device 071,Electronics,3,400.55,1108.39,2024-01-13,Faisalabad,93.25,Instagram
ORD_00179,CUST_0141,PROD_012,Elite Widget 012,Sports,3,124.62,373.85,2024-01-13,Faisalabad,0.0,Instagram
ORD_00180,CUST_0438,PROD_029,Elite Device 029,Electronics,2,180.2,360.4,2024-08-08,Peshawar,0.0,Google Ads
ORD_00180,CUST_0438,PROD_003,Smart Widget 003,Sports,1,214.49,214.49,2024-08-08,Peshawar,0.0,Google Ads
ORD_00181,CUST_0089,PROD_078,Basic Item 078,Beauty,3,178.96,492.54,2024-09-07,Lahore,44.35,Facebook
ORD_00182,CUST_0459,PROD_028,Premium Widget 028,Clothing,4,292.33,1169.31,2024-01-21,Rawalpindi,0.0,Facebook
ORD_00182,CUST_0459,PROD_080,Smart Widget 080,Electronics,4,282.68,1130.72,2024-01-21,Rawalpindi,0.0,Facebook
ORD_00182,CUST_0459,PROD_048,Smart Device 048,Clothing,3,274.29,822.87,2024-01-21,Rawalpindi,0.0,Facebook
ORD_00183,CUST_0033,PROD_036,Smart Device 036,Clothing,3,90.19,217.69,2023-12-11,Multan,52.88,Facebook
ORD_00183,CUST_0033,PROD_025,Basic Device 025,Sports,2,139.7,279.4,2023-12-11,Multan,0.0,Facebook
ORD_00183,CUST_0033,PROD_008,Elite Item 008,Home & Kitchen,4,91.71,287.48,2023-12-11,Multan,79.38,Facebook
ORD_00184,CUST_0336,PROD_052,Elite Gadget 052,Sports,4,81.92,327.66,2024-05-24,Islamabad,0.0,Instagram
ORD_00184,CUST_0336,PROD_074,Smart Gadget 074,Sports,2,282.41,448.53,2024-05-24,Islamabad,116.29,Instagram
ORD_00184,CUST_0336,PROD_061,Smart Widget 061,Electronics,3,330.51,741.48,2024-05-24,Islamabad,250.06,Instagram
ORD_00185,CUST_0449,PROD_061,Smart Widget 061,Electronics,2,361.31,601.43,2024-07-25,Islamabad,121.19,Organic
ORD_00185,CUST_0449,PROD_024,Elite Tool 024,Clothing,3,148.43,445.28,2024-07-25,Islamabad,0.0,Organic
ORD_00186,CUST_0115,PROD_048,Smart Device 048,Clothing,3,308.55,925.65,2025-02-01,Rawalpindi,0.0,Facebook
ORD_00186,CUST_0115,PROD_016,Premium Tool 016,Home & Kitchen,4,190.72,630.07,2025-02-01,Rawalpindi,132.81,Facebook
ORD_00186,CUST_0115,PROD_080,Smart Widget 080,Electronics,1,270.4,270.4,2025-02-01,Rawalpindi,0.0,Facebook
ORD_00187,CUST_0062,PROD_053,Smart Device 053,Beauty,1,148.22,148.22,2025-06-07,Faisalabad,0.0,Facebook
ORD_00187,CUST_0062,PROD_026,Smart Tool 026,Sports,3,198.24,594.71,2025-06-07,Faisalabad,0.0,Facebook
ORD_00187,CUST_0062,PROD_059,Pro Tool 059,Clothing,2,406.29,622.7,2025-06-07,Faisalabad,189.89,Facebook
ORD_00187,CUST_0062,PROD_063,Basic Gadget 063,Beauty,3,260.96,782.87,2025-06-07,Faisalabad,0.0,Facebook
ORD_00188,CUST_0325,PROD_027,Basic Gadget 027,Sports,2,259.5,519.01,2023-03-01,Rawalpindi,0.0,Facebook
ORD_00189,CUST_0403,PROD_056,Premium Widget 056,Electronics,4,199.27,705.42,2025-02-20,Lahore,91.66,Email
ORD_00190,CUST_0020,PROD_002,Basic Gadget 002,Books,3,66.41,199.22,2024-06-30,Multan,0.0,Facebook
ORD_00190,CUST_0020,PROD_003,Smart Widget 003,Sports,1,227.72,227.72,2024-06-30,Multan,0.0,Facebook
ORD_00191,CUST_0356,PROD_014,Premium Widget 014,Books,4,121.83,487.33,2025-06-17,Islamabad,0.0,Google Ads
ORD_00191,CUST_0356,PROD_009,Pro Widget 009,Electronics,1,180.33,180.33,2025-06-17,Islamabad,0.0,Google Ads
ORD_00191,CUST_0356,PROD_067,Smart Tool 067,Clothing,3,100.32,288.87,2025-06-17,Islamabad,12.08,Google Ads
ORD_00192,CUST_0462,PROD_022,Pro Tool 022,Home & Kitchen,4,34.27,137.07,2024-05-16,Peshawar,0.0,Google Ads
ORD_00192,CUST_0462,PROD_017,Pro Gadget 017,Home & Kitchen,2,201.32,402.63,2024-05-16,Peshawar,0.0,Google Ads
ORD_00192,CUST_0462,PROD_022,Pro Tool 022,Home & Kitchen,1,40.17,39.72,2024-05-16,Peshawar,0.45,Google Ads
ORD_00193,CUST_0449,PROD_080,Smart Widget 080,Electronics,1,283.71,283.71,2024-10-17,Peshawar,0.0,Email
ORD_00193,CUST_0449,PROD_014,Premium Widget 014,Books,1,99.68,99.68,2024-10-17,Peshawar,0.0,Email
ORD_00193,CUST_0449,PROD_057,Pro Widget 057,Clothing,4,88.24,352.96,2024-10-17,Peshawar,0.0,Email
ORD_00194,CUST_0360,PROD_002,Basic Gadget 002,Books,3,58.31,174.94,2023-06-06,Multan,0.0,Referral
ORD_00194,CUST_0360,PROD_067,Smart Tool 067,Clothing,3,108.11,283.59,2023-06-06,Multan,40.75,Referral
ORD_00195,CUST_0461,PROD_016,Premium Tool 016,Home & Kitchen,3,196.32,588.97,2023-04-18,Multan,0.0,Email
ORD_00195,CUST_0461,PROD_026,Smart Tool 026,Sports,2,228.58,323.7,2023-04-18,Multan,133.46,Email
ORD_00195,CUST_0461,PROD_046,Pro Tool 046,Sports,4,212.3,849.21,2023-04-18,Multan,0.0,Email
ORD_00195,CUST_0461,PROD_064,Basic Tool 064,Electronics,2,97.5,194.99,2023-04-18,Multan,0.0,Email
ORD_00195,CUST_0461,PROD_031,Smart Widget 031,Books,1,292.37,292.37,2023-04-18,Multan,0.0,Email
ORD_00196,CUST_0057,PROD_020,Pro Device 020,Clothing,1,384.09,384.09,2025-05-05,Multan,0.0,Instagram
ORD_00196,CUST_0057,PROD_013,Smart Item 013,Sports,3,110.24,330.71,2025-05-05,Multan,0.0,Instagram
ORD_00196,CUST_0057,PROD_038,Premium Device 038,Home & Kitchen,3,245.86,737.57,2025-05-05,Multan,0.0,Instagram
ORD_00196,CUST_0057,PROD_023,Smart Item 023,Clothing,1,377.82,377.82,2025-05-05,Multan,0.0,Instagram
ORD_00196,CUST_0057,PROD_041,Premium Widget 041,Books,4,271.82,1087.27,2025-05-05,Multan,0.0,Instagram
ORD_00197,CUST_0389,PROD_022,Pro Tool 022,Home & Kitchen,3,40.01,120.04,2025-06-30,Karachi,0.0,Google Ads
ORD_00198,CUST_0319,PROD_024,Elite Tool 024,Clothing,1,134.24,123.29,2023-10-02,Islamabad,10.95,Facebook
ORD_00199,CUST_0198,PROD_022,Pro Tool 022,Home & Kitchen,1,36.19,25.53,2024-12-07,Peshawar,10.66,Instagram
ORD_00199,CUST_0198,PROD_021,Premium Gadget 021,Toys,1,24.87,24.87,2024-12-07,Peshawar,0.0,Instagram
ORD_00199,CUST_0198,PROD_073,Basic Tool 073,Electronics,4,411.28,1645.12,2024-12-07,Peshawar,0.0,Instagram
ORD_00199,CUST_0198,PROD_046,Pro Tool 046,Sports,1,264.77,207.0,2024-12-07,Peshawar,57.77,Instagram
ORD_00200,CUST_0457,PROD_053,Smart Device 053,Beauty,4,105.63,422.52,2023-05-14,Rawalpindi,0.0,Organic
ORD_00200,CUST_0457,PROD_041,Premium Widget 041,Books,1,268.44,206.63,2023-05-14,Rawalpindi,61.81,Organic
ORD_00200,CUST_0457,PROD_074,Smart Gadget 074,Sports,2,358.91,644.97,2023-05-14,Rawalpindi,72.85,Organic
ORD_00200,CUST_0457,PROD_067,Smart Tool 067,Clothing,1,100.28,85.78,2023-05-14,Rawalpindi,14.5,Organic
ORD_00201,CUST_0340,PROD_079,Premium Widget 079,Beauty,1,252.96,214.59,2024-11-23,Lahore,38.37,Email
ORD_00201,CUST_0340,PROD_061,Smart Widget 061,Electronics,4,378.25,1512.99,2024-11-23,Lahore,0.0,Email
ORD_00201,CUST_0340,PROD_063,Basic Gadget 063,Beauty,3,222.26,656.71,2024-11-23,Lahore,10.07,Email
ORD_00201,CUST_0340,PROD_029,Elite Device 029,Electronics,4,190.86,763.43,2024-11-23,Lahore,0.0,Email
ORD_00202,CUST_0236,PROD_064,Basic Tool 064,Electronics,4,84.0,260.88,2024-03-30,Rawalpindi,75.12,Organic
ORD_00202,CUST_0236,PROD_003,Smart Widget 003,Sports,1,208.37,208.37,2024-03-30,Rawalpindi,0.0,Organic
ORD_00202,CUST_0236,PROD_071,Premium Device 071,Electronics,1,482.85,343.33,2024-03-30,Rawalpindi,139.52,Organic
ORD_00202,CUST_0236,PROD_039,Premium Item 039,Toys,2,430.38,860.77,2024-03-30,Rawalpindi,0.0,Organic
ORD_00202,CUST_0236,PROD_044,Smart Tool 044,Clothing,3,525.7,1177.63,2024-03-30,Rawalpindi,399.47,Organic
ORD_00203,CUST_0170,PROD_047,Basic Gadget 047,Electronics,4,148.54,554.63,2024-07-27,Faisalabad,39.53,Instagram
ORD_00203,CUST_0170,PROD_044,Smart Tool 044,Clothing,3,526.55,1441.28,2024-07-27,Faisalabad,138.37,Instagram
ORD_00203,CUST_0170,PROD_067,Smart Tool 067,Clothing,3,111.38,334.14,2024-07-27,Faisalabad,0.0,Instagram
ORD_00203,CUST_0170,PROD_022,Pro Tool 022,Home & Kitchen,4,36.33,113.85,2024-07-27,Faisalabad,31.46,Instagram
ORD_00203,CUST_0170,PROD_014,Premium Widget 014,Books,3,127.06,381.19,2024-07-27,Faisalabad,0.0,Instagram
ORD_00204,CUST_0477,PROD_025,Basic Device 025,Sports,3,116.97,350.92,2025-05-22,Lahore,0.0,Instagram
ORD_00204,CUST_0477,PROD_076,Smart Device 076,Home & Kitchen,1,518.96,518.96,2025-05-22,Lahore,0.0,Instagram
ORD_00204,CUST_0477,PROD_076,Smart Device 076,Home & Kitchen,2,554.85,1109.69,2025-05-22,Lahore,0.0,Instagram
ORD_00204,CUST_0477,PROD_007,Pro Widget 007,Toys,4,459.72,1838.87,2025-05-22,Lahore,0.0,Instagram
ORD_00205,CUST_0261,PROD_023,Smart Item 023,Clothing,2,278.65,455.95,2025-03-10,Multan,101.34,Email
ORD_00205,CUST_0261,PROD_042,Premium Device 042,Toys,4,69.29,219.58,2025-03-10,Multan,57.58,Email
ORD_00206,CUST_0128,PROD_058,Smart Tool 058,Clothing,2,185.35,272.13,2023-10-08,Islamabad,98.58,Facebook
ORD_00206,CUST_0128,PROD_066,Elite Item 066,Beauty,3,399.54,1198.63,2023-10-08,Islamabad,0.0,Facebook
ORD_00206,CUST_0128,PROD_041,Premium Widget 041,Books,2,218.45,398.81,2023-10-08,Islamabad,38.09,Facebook
ORD_00206,CUST_0128,PROD_045,Basic Item 045,Beauty,2,593.43,845.64,2023-10-08,Islamabad,341.22,Facebook
ORD_00207,CUST_0258,PROD_046,Pro Tool 046,Sports,4,238.89,751.99,2024-07-09,Multan,203.57,Organic
ORD_00207,CUST_0258,PROD_069,Premium Item 069,Electronics,3,39.79,119.37,2024-07-09,Multan,0.0,Organic
ORD_00207,CUST_0258,PROD_002,Basic Gadget 002,Books,1,48.78,48.78,2024-07-09,Multan,0.0,Organic
ORD_00208,CUST_0344,PROD_037,Basic Device 037,Toys,3,396.65,1189.95,2023-02-27,Islamabad,0.0,Google Ads
ORD_00208,CUST_0344,PROD_038,Premium Device 038,Home & Kitchen,2,274.72,549.44,2023-02-27,Islamabad,0.0,Google Ads
ORD_00209,CUST_0417,PROD_072,Premium Device 072,Electronics,2,373.9,747.8,2024-04-08,Faisalabad,0.0,Referral
ORD_00210,CUST_0122,PROD_007,Pro Widget 007,Toys,4,386.64,1093.81,2024-06-07,Multan,452.75,Referral
ORD_00210,CUST_0122,PROD_041,Premium Widget 041,Books,1,199.8,199.8,2024-06-07,Multan,0.0,Referral
ORD_00210,CUST_0122,PROD_080,Smart Widget 080,Electronics,4,309.53,976.4,2024-06-07,Multan,261.73,Referral
ORD_00211,CUST_0332,PROD_078,Basic Item 078,Beauty,2,183.15,333.97,2024-01-12,Faisalabad,32.33,Referral
ORD_00211,CUST_0332,PROD_023,Smart Item 023,Clothing,1,289.7,289.7,2024-01-12,Faisalabad,0.0,Referral
ORD_00211,CUST_0332,PROD_066,Elite Item 066,Beauty,1,334.07,334.07,2024-01-12,Faisalabad,0.0,Referral
ORD_00211,CUST_0332,PROD_072,Premium Device 072,Electronics,3,290.41,871.24,2024-01-12,Faisalabad,0.0,Referral
ORD_00211,CUST_0332,PROD_033,Premium Item 033,Beauty,1,81.57,77.78,2024-01-12,Faisalabad,3.79,Referral
ORD_00212,CUST_0079,PROD_079,Premium Widget 079,Beauty,3,313.18,939.55,2023-11-27,Karachi,0.0,Referral
ORD_00212,CUST_0079,PROD_046,Pro Tool 046,Sports,1,257.5,257.5,2023-11-27,Karachi,0.0,Referral
ORD_00212,CUST_0079,PROD_029,Elite Device 029,Electronics,2,200.18,381.21,2023-11-27,Karachi,19.14,Referral
ORD_00212,CUST_0079,PROD_070,Elite Device 070,Toys,4,226.14,904.56,2023-11-27,Karachi,0.0,Referral
ORD_00212,CUST_0079,PROD_028,Premium Widget 028,Clothing,3,296.0,888.0,2023-11-27,Karachi,0.0,Referral
ORD_00213,CUST_0487,PROD_072,Premium Device 072,Electronics,1,288.32,288.32,2025-02-09,Faisalabad,0.0,Instagram
ORD_00213,CUST_0487,PROD_031,Smart Widget 031,Books,2,429.81,776.85,2025-02-09,Faisalabad,82.77,Instagram
ORD_00213,CUST_0487,PROD_015,Pro Widget 015,Toys,4,111.99,444.64,2025-02-09,Faisalabad,3.32,Instagram
ORD_00213,CUST_0487,PROD_067,Smart Tool 067,Clothing,3,103.64,310.92,2025-02-09,Faisalabad,0.0,Instagram
ORD_00213,CUST_0487,PROD_063,Basic Gadget 063,Beauty,1,227.77,205.88,2025-02-09,Faisalabad,21.89,Instagram
ORD_00214,CUST_0043,PROD_069,Premium Item 069,Electronics,1,36.33,36.33,2023-04-09,Peshawar,0.0,Email
ORD_00214,CUST_0043,PROD_028,Premium Widget 028,Clothing,4,360.07,1440.29,2023-04-09,Peshawar,0.0,Email
ORD_00215,CUST_0425,PROD_020,Pro Device 020,Clothing,1,339.83,339.83,2024-12-20,Multan,0.0,Organic
ORD_00215,CUST_0425,PROD_012,Elite Widget 012,Sports,1,126.26,105.12,2024-12-20,Multan,21.14,Organic
ORD_00215,CUST_0425,PROD_074,Smart Gadget 074,Sports,2,350.84,701.69,2024-12-20,Multan,0.0,Organic
ORD_00215,CUST_0425,PROD_058,Smart Tool 058,Clothing,4,210.91,843.66,2024-12-20,Multan,0.0,Organic
ORD_00216,CUST_0345,PROD_080,Smart Widget 080,Electronics,1,301.44,301.44,2023-05-02,Karachi,0.0,Referral
ORD_00216,CUST_0345,PROD_010,Pro Item 010,Sports,3,163.53,490.58,2023-05-02,Karachi,0.0,Referral
ORD_00216,CUST_0345,PROD_039,Premium Item 039,Toys,1,369.9,327.57,2023-05-02,Karachi,42.33,Referral
ORD_00216,CUST_0345,PROD_004,Premium Widget 004,Clothing,4,106.95,427.81,2023-05-02,Karachi,0.0,Referral
ORD_00216,CUST_0345,PROD_051,Premium Device 051,Clothing,3,173.4,520.21,2023-05-02,Karachi,0.0,Referral
ORD_00217,CUST_0347,PROD_072,Premium Device 072,Electronics,2,289.48,578.96,2025-06-27,Karachi,0.0,Email
ORD_00217,CUST_0347,PROD_077,Basic Item 077,Clothing,4,142.23,516.93,2025-06-27,Karachi,52.0,Email
ORD_00217,CUST_0347,PROD_045,Basic Item 045,Beauty,2,480.23,812.78,2025-06-27,Karachi,147.69,Email
ORD_00218,CUST_0083,PROD_025,Basic Device 025,Sports,1,121.06,90.11,2023-07-08,Faisalabad,30.95,Facebook
ORD_00218,CUST_0083,PROD_071,Premium Device 071,Electronics,4,451.88,1807.52,2023-07-08,Faisalabad,0.0,Facebook
ORD_00219,CUST_0344,PROD_075,Smart Widget 075,Beauty,4,392.09,1568.38,2023-03-10,Karachi,0.0,Google Ads
ORD_00219,CUST_0344,PROD_031,Smart Widget 031,Books,1,331.94,331.94,2023-03-10,Karachi,0.0,Google Ads
ORD_00219,CUST_0344,PROD_025,Basic Device 025,Sports,3,137.96,413.87,2023-03-10,Karachi,0.0,Google Ads
ORD_00220,CUST_0338,PROD_073,Basic Tool 073,Electronics,3,529.4,1507.84,2023-11-10,Lahore,80.35,Email
ORD_00220,CUST_0338,PROD_041,Premium Widget 041,Books,2,276.49,446.68,2023-11-10,Lahore,106.31,Email
ORD_00220,CUST_0338,PROD_036,Smart Device 036,Clothing,3,72.47,160.16,2023-11-10,Lahore,57.26,Email
ORD_00220,CUST_0338,PROD_060,Premium Tool 060,Toys,4,407.65,1630.59,2023-11-10,Lahore,0.0,Email
ORD_00220,CUST_0338,PROD_071,Premium Device 071,Electronics,1,371.76,277.88,2023-11-10,Lahore,93.88,Email
ORD_00221,CUST_0440,PROD_034,Premium Item 034,Sports,1,418.23,311.63,2025-04-26,Faisalabad,106.6,Google Ads
ORD_00221,CUST_0440,PROD_004,Premium Widget 004,Clothing,4,137.35,549.41,2025-04-26,Faisalabad,0.0,Google Ads
ORD_00222,CUST_0019,PROD_061,Smart Widget 061,Electronics,2,311.86,623.72,2024-07-18,Faisalabad,0.0,Email
ORD_00222,CUST_0019,PROD_076,Smart Device 076,Home & Kitchen,3,399.47,1198.41,2024-07-18,Faisalabad,0.0,Email
ORD_00222,CUST_0019,PROD_012,Elite Widget 012,Sports,4,145.29,581.17,2024-07-18,Faisalabad,0.0,Email
ORD_00223,CUST_0123,PROD_066,Elite Item 066,Beauty,2,343.77,687.54,2025-05-18,Multan,0.0,Google Ads
ORD_00223,CUST_0123,PROD_073,Basic Tool 073,Electronics,2,515.86,1031.73,2025-05-18,Multan,0.0,Google Ads
ORD_00223,CUST_0123,PROD_046,Pro Tool 046,Sports,1,205.22,205.22,2025-05-18,Multan,0.0,Google Ads
ORD_00223,CUST_0123,PROD_009,Pro Widget 009,Electronics,3,185.92,557.75,2025-05-18,Multan,0.0,Google Ads
ORD_00223,CUST_0123,PROD_027,Basic Gadget 027,Sports,3,240.55,530.79,2025-05-18,Multan,190.85,Google Ads
ORD_00224,CUST_0021,PROD_067,Smart Tool 067,Clothing,3,116.85,350.56,2024-10-26,Karachi,0.0,Referral
ORD_00224,CUST_0021,PROD_070,Elite Device 070,Toys,2,256.92,513.83,2024-10-26,Karachi,0.0,Referral
ORD_00224,CUST_0021,PROD_076,Smart Device 076,Home & Kitchen,1,471.13,471.13,2024-10-26,Karachi,0.0,Referral
ORD_00225,CUST_0465,PROD_045,Basic Item 045,Beauty,4,555.87,2219.09,2023-08-17,Rawalpindi,4.4,Facebook
ORD_00225,CUST_0465,PROD_018,Pro Widget 018,Sports,4,278.19,1112.74,2023-08-17,Rawalpindi,0.0,Facebook
ORD_00225,CUST_0465,PROD_036,Smart Device 036,Clothing,2,73.01,146.03,2023-08-17,Rawalpindi,0.0,Facebook
ORD_00225,CUST_0465,PROD_078,Basic Item 078,Beauty,1,175.56,175.56,2023-08-17,Rawalpindi,0.0,Facebook
ORD_00225,CUST_0465,PROD_043,Elite Device 043,Clothing,1,138.85,138.85,2023-08-17,Rawalpindi,0.0,Facebook
ORD_00226,CUST_0108,PROD_003,Smart Widget 003,Sports,2,177.13,354.26,2024-08-27,Multan,0.0,Instagram
ORD_00226,CUST_0108,PROD_021,Premium Gadget 021,Toys,2,27.06,54.13,2024-08-27,Multan,0.0,Instagram
ORD_00227,CUST_0294,PROD_024,Elite Tool 024,Clothing,4,145.35,581.38,2023-05-31,Lahore,0.0,Facebook
ORD_00228,CUST_0010,PROD_058,Smart Tool 058,Clothing,4,248.56,994.24,2025-06-18,Karachi,0.0,Google Ads
ORD_00228,CUST_0010,PROD_053,Smart Device 053,Beauty,2,144.28,272.81,2025-06-18,Karachi,15.75,Google Ads
ORD_00228,CUST_0010,PROD_066,Elite Item 066,Beauty,3,304.63,661.02,2025-06-18,Karachi,252.88,Google Ads
ORD_00229,CUST_0306,PROD_050,Basic Widget 050,Electronics,2,363.7,727.41,2024-08-27,Lahore,0.0,Instagram
ORD_00230,CUST_0441,PROD_078,Basic Item 078,Beauty,1,143.65,117.8,2024-05-31,Peshawar,25.85,Google Ads
ORD_00230,CUST_0441,PROD_069,Premium Item 069,Electronics,1,28.94,21.11,2024-05-31,Peshawar,7.83,Google Ads
ORD_00230,CUST_0441,PROD_070,Elite Device 070,Toys,1,313.16,252.17,2024-05-31,Peshawar,60.99,Google Ads
ORD_00230,CUST_0441,PROD_067,Smart Tool 067,Clothing,4,97.71,390.83,2024-05-31,Peshawar,0.0,Google Ads
ORD_00231,CUST_0272,PROD_049,Premium Widget 049,Books,3,330.61,765.23,2024-03-15,Peshawar,226.6,Instagram
ORD_00231,CUST_0272,PROD_074,Smart Gadget 074,Sports,1,292.33,292.33,2024-03-15,Peshawar,0.0,Instagram
ORD_00232,CUST_0393,PROD_070,Elite Device 070,Toys,4,244.07,976.27,2023-08-27,Islamabad,0.0,Email
ORD_00233,CUST_0381,PROD_016,Premium Tool 016,Home & Kitchen,1,220.56,220.56,2025-03-19,Faisalabad,0.0,Email
ORD_00234,CUST_0412,PROD_020,Pro Device 020,Clothing,4,366.41,1465.62,2023-11-20,Islamabad,0.0,Organic
ORD_00234,CUST_0412,PROD_069,Premium Item 069,Electronics,4,35.46,99.65,2023-11-20,Islamabad,42.21,Organic
ORD_00234,CUST_0412,PROD_051,Premium Device 051,Clothing,2,141.37,241.81,2023-11-20,Islamabad,40.92,Organic
ORD_00234,CUST_0412,PROD_048,Smart Device 048,Clothing,4,268.96,1075.83,2023-11-20,Islamabad,0.0,Organic
ORD_00235,CUST_0177,PROD_016,Premium Tool 016,Home & Kitchen,2,227.21,432.36,2025-03-03,Multan,22.06,Google Ads
ORD_00235,CUST_0177,PROD_028,Premium Widget 028,Clothing,4,353.78,1154.44,2025-03-03,Multan,260.67,Google Ads
ORD_00235,CUST_0177,PROD_007,Pro Widget 007,Toys,2,386.89,587.06,2025-03-03,Multan,186.72,Google Ads
ORD_00235,CUST_0177,PROD_019,Smart Gadget 019,Clothing,4,276.8,1107.19,2025-03-03,Multan,0.0,Google Ads
ORD_00236,CUST_0033,PROD_078,Basic Item 078,Beauty,1,179.74,158.14,2023-09-27,Islamabad,21.6,Organic
ORD_00236,CUST_0033,PROD_067,Smart Tool 067,Clothing,3,111.77,335.32,2023-09-27,Islamabad,0.0,Organic
ORD_00237,CUST_0485,PROD_057,Pro Widget 057,Clothing,1,91.49,69.43,2025-03-03,Multan,22.06,Instagram
ORD_00237,CUST_0485,PROD_037,Basic Device 037,Toys,2,375.8,751.61,2025-03-03,Multan,0.0,Instagram
ORD_00238,CUST_0265,PROD_005,Smart Widget 005,Sports,3,96.23,288.68,2024-12-16,Faisalabad,0.0,Google Ads
ORD_00238,CUST_0265,PROD_021,Premium Gadget 021,Toys,1,30.84,27.57,2024-12-16,Faisalabad,3.27,Google Ads
ORD_00239,CUST_0203,PROD_002,Basic Gadget 002,Books,1,70.32,70.32,2024-02-20,Lahore,0.0,Email
ORD_00239,CUST_0203,PROD_072,Premium Device 072,Electronics,3,320.05,894.98,2024-02-20,Lahore,65.18,Email
ORD_00239,CUST_0203,PROD_025,Basic Device 025,Sports,4,162.59,650.35,2024-02-20,Lahore,0.0,Email
ORD_00239,CUST_0203,PROD_034,Premium Item 034,Sports,2,369.12,738.24,2024-02-20,Lahore,0.0,Email
ORD_00239,CUST_0203,PROD_010,Pro Item 010,Sports,3,130.68,392.05,2024-02-20,Lahore,0.0,Email
ORD_00240,CUST_0263,PROD_033,Premium Item 033,Beauty,4,103.81,415.25,2023-09-21,Peshawar,0.0,Email
ORD_00240,CUST_0263,PROD_032,Smart Item 032,Toys,3,383.86,1151.58,2023-09-21,Peshawar,0.0,Email
ORD_00240,CUST_0263,PROD_059,Pro Tool 059,Clothing,1,435.34,435.34,2023-09-21,Peshawar,0.0,Email
ORD_00240,CUST_0263,PROD_049,Premium Widget 049,Books,2,341.83,683.66,2023-09-21,Peshawar,0.0,Email
ORD_00240,CUST_0263,PROD_041,Premium Widget 041,Books,4,293.35,1173.38,2023-09-21,Peshawar,0.0,Email
ORD_00241,CUST_0005,PROD_012,Elite Widget 012,Sports,4,164.34,642.35,2024-12-18,Lahore,14.99,Facebook
ORD_00241,CUST_0005,PROD_023,Smart Item 023,Clothing,4,306.5,1226.02,2024-12-18,Lahore,0.0,Facebook
ORD_00241,CUST_0005,PROD_074,Smart Gadget 074,Sports,3,263.08,568.97,2024-12-18,Lahore,220.26,Facebook
ORD_00242,CUST_0098,PROD_031,Smart Widget 031,Books,3,320.56,961.67,2024-05-25,Lahore,0.0,Referral
ORD_00242,CUST_0098,PROD_032,Smart Item 032,Toys,3,279.48,838.43,2024-05-25,Lahore,0.0,Referral
ORD_00243,CUST_0472,PROD_070,Elite Device 070,Toys,1,307.87,307.87,2023-03-22,Faisalabad,0.0,Organic
ORD_00243,CUST_0472,PROD_041,Premium Widget 041,Books,4,287.66,952.3,2023-03-22,Faisalabad,198.32,Organic
ORD_00243,CUST_0472,PROD_036,Smart Device 036,Clothing,4,74.12,251.03,2023-03-22,Faisalabad,45.46,Organic
ORD_00243,CUST_0472,PROD_051,Premium Device 051,Clothing,2,161.1,322.21,2023-03-22,Faisalabad,0.0,Organic
ORD_00244,CUST_0270,PROD_005,Smart Widget 005,Sports,3,102.86,292.41,2025-03-29,Rawalpindi,16.18,Email
ORD_00244,CUST_0270,PROD_016,Premium Tool 016,Home & Kitchen,4,215.05,860.2,2025-03-29,Rawalpindi,0.0,Email
ORD_00244,CUST_0270,PROD_027,Basic Gadget 027,Sports,4,259.98,1039.92,2025-03-29,Rawalpindi,0.0,Email
ORD_00244,CUST_0270,PROD_079,Premium Widget 079,Beauty,3,275.03,825.09,2025-03-29,Rawalpindi,0.0,Email
ORD_00245,CUST_0138,PROD_024,Elite Tool 024,Clothing,4,135.54,542.15,2024-04-27,Islamabad,0.0,Facebook
ORD_00245,CUST_0138,PROD_048,Smart Device 048,Clothing,3,340.62,1021.87,2024-04-27,Islamabad,0.0,Facebook
ORD_00245,CUST_0138,PROD_024,Elite Tool 024,Clothing,2,166.59,251.8,2024-04-27,Islamabad,81.38,Facebook
ORD_00245,CUST_0138,PROD_035,Smart Widget 035,Toys,2,323.4,608.77,2024-04-27,Islamabad,38.04,Facebook
ORD_00245,CUST_0138,PROD_020,Pro Device 020,Clothing,4,387.7,1550.79,2024-04-27,Islamabad,0.0,Facebook
ORD_00246,CUST_0256,PROD_041,Premium Widget 041,Books,4,228.29,913.17,2023-05-18,Faisalabad,0.0,Referral
ORD_00246,CUST_0256,PROD_073,Basic Tool 073,Electronics,1,452.22,444.08,2023-05-18,Faisalabad,8.14,Referral
ORD_00246,CUST_0256,PROD_033,Premium Item 033,Beauty,4,99.36,397.46,2023-05-18,Faisalabad,0.0,Referral
ORD_00246,CUST_0256,PROD_043,Elite Device 043,Clothing,3,132.1,396.3,2023-05-18,Faisalabad,0.0,Referral
ORD_00246,CUST_0256,PROD_033,Premium Item 033,Beauty,3,70.69,212.08,2023-05-18,Faisalabad,0.0,Referral
ORD_00247,CUST_0445,PROD_074,Smart Gadget 074,Sports,2,359.09,718.17,2024-11-26,Lahore,0.0,Email
ORD_00247,CUST_0445,PROD_042,Premium Device 042,Toys,4,79.49,317.96,2024-11-26,Lahore,0.0,Email
ORD_00247,CUST_0445,PROD_011,Premium Tool 011,Sports,4,74.4,297.58,2024-11-26,Lahore,0.0,Email
ORD_00247,CUST_0445,PROD_019,Smart Gadget 019,Clothing,2,249.81,436.4,2024-11-26,Lahore,63.22,Email
ORD_00247,CUST_0445,PROD_079,Premium Widget 079,Beauty,4,358.24,1432.97,2024-11-26,Lahore,0.0,Email
ORD_00248,CUST_0083,PROD_038,Premium Device 038,Home & Kitchen,3,259.93,779.8,2023-12-18,Islamabad,0.0,Facebook
ORD_00248,CUST_0083,PROD_057,Pro Widget 057,Clothing,3,114.18,342.54,2023-12-18,Islamabad,0.0,Facebook
ORD_00249,CUST_0231,PROD_017,Pro Gadget 017,Home & Kitchen,2,196.01,309.61,2024-02-28,Lahore,82.41,Organic
ORD_00249,CUST_0231,PROD_011,Premium Tool 011,Sports,2,61.68,123.36,2024-02-28,Lahore,0.0,Organic
ORD_00250,CUST_0033,PROD_004,Premium Widget 004,Clothing,4,125.19,485.15,2025-06-18,Faisalabad,15.61,Organic
ORD_00250,CUST_0033,PROD_080,Smart Widget 080,Electronics,2,227.97,402.63,2025-06-18,Faisalabad,53.32,Organic
ORD_00250,CUST_0033,PROD_030,Smart Tool 030,Sports,2,145.85,291.7,2025-06-18,Faisalabad,0.0,Organic
ORD_00250,CUST_0033,PROD_017,Pro Gadget 017,Home & Kitchen,2,186.05,372.1,2025-06-18,Faisalabad,0.0,Organic
ORD_00251,CUST_0018,PROD_061,Smart Widget 061,Electronics,4,392.16,1568.65,2024-11-10,Peshawar,0.0,Facebook
ORD_00251,CUST_0018,PROD_035,Smart Widget 035,Toys,4,270.22,906.01,2024-11-10,Peshawar,174.87,Facebook
ORD_00251,CUST_0018,PROD_076,Smart Device 076,Home & Kitchen,4,492.54,1636.83,2024-11-10,Peshawar,333.34,Facebook
ORD_00252,CUST_0269,PROD_062,Smart Widget 062,Electronics,2,520.46,1040.93,2024-10-17,Islamabad,0.0,Facebook
ORD_00252,CUST_0269,PROD_047,Basic Gadget 047,Electronics,4,158.78,635.13,2024-10-17,Islamabad,0.0,Facebook
ORD_00252,CUST_0269,PROD_001,Premium Widget 001,Books,2,135.72,271.44,2024-10-17,Islamabad,0.0,Facebook
ORD_00252,CUST_0269,PROD_002,Basic Gadget 002,Books,4,70.99,283.95,2024-10-17,Islamabad,0.0,Facebook
ORD_00252,CUST_0269,PROD_002,Basic Gadget 002,Books,4,67.4,269.59,2024-10-17,Islamabad,0.0,Facebook
ORD_00253,CUST_0408,PROD_053,Smart Device 053,Beauty,4,123.64,494.55,2023-01-08,Islamabad,0.0,Google Ads
ORD_00253,CUST_0408,PROD_050,Basic Widget 050,Electronics,4,383.03,1532.1,2023-01-08,Islamabad,0.0,Google Ads
ORD_00253,CUST_0408,PROD_031,Smart Widget 031,Books,3,331.87,754.04,2023-01-08,Islamabad,241.58,Google Ads
ORD_00253,CUST_0408,PROD_053,Smart Device 053,Beauty,2,147.32,294.64,2023-01-08,Islamabad,0.0,Google Ads
ORD_00253,CUST_0408,PROD_038,Premium Device 038,Home & Kitchen,1,263.08,241.6,2023-01-08,Islamabad,21.48,Google Ads
ORD_00254,CUST_0319,PROD_020,Pro Device 020,Clothing,1,410.37,410.37,2024-05-18,Islamabad,0.0,Organic
ORD_00254,CUST_0319,PROD_014,Premium Widget 014,Books,3,110.44,259.04,2024-05-18,Islamabad,72.27,Organic
ORD_00255,CUST_0120,PROD_028,Premium Widget 028,Clothing,3,307.32,784.12,2023-04-03,Karachi,137.85,Instagram
ORD_00255,CUST_0120,PROD_048,Smart Device 048,Clothing,4,321.84,1287.37,2023-04-03,Karachi,0.0,Instagram
ORD_00256,CUST_0042,PROD_051,Premium Device 051,Clothing,1,148.98,148.98,2025-05-13,Karachi,0.0,Facebook
ORD_00256,CUST_0042,PROD_033,Premium Item 033,Beauty,4,98.99,395.96,2025-05-13,Karachi,0.0,Facebook
ORD_00257,CUST_0394,PROD_032,Smart Item 032,Toys,1,285.08,277.04,2025-01-01,Rawalpindi,8.04,Instagram
ORD_00257,CUST_0394,PROD_027,Basic Gadget 027,Sports,4,240.65,692.25,2025-01-01,Rawalpindi,270.36,Instagram
ORD_00258,CUST_0082,PROD_067,Smart Tool 067,Clothing,1,92.88,87.34,2024-10-06,Multan,5.54,Email
ORD_00259,CUST_0455,PROD_056,Premium Widget 056,Electronics,3,167.07,413.3,2023-02-23,Karachi,87.92,Google Ads
ORD_00259,CUST_0455,PROD_051,Premium Device 051,Clothing,2,117.68,235.37,2023-02-23,Karachi,0.0,Google Ads
ORD_00260,CUST_0402,PROD_020,Pro Device 020,Clothing,3,382.88,1148.64,2024-12-08,Multan,0.0,Email
ORD_00260,CUST_0402,PROD_064,Basic Tool 064,Electronics,1,97.41,97.41,2024-12-08,Multan,0.0,Email
ORD_00260,CUST_0402,PROD_008,Elite Item 008,Home & Kitchen,1,81.2,81.2,2024-12-08,Multan,0.0,Email
ORD_00260,CUST_0402,PROD_069,Premium Item 069,Electronics,1,29.4,29.4,2024-12-08,Multan,0.0,Email
ORD_00261,CUST_0286,PROD_025,Basic Device 025,Sports,1,149.24,149.24,2025-03-18,Peshawar,0.0,Instagram
ORD_00261,CUST_0286,PROD_018,Pro Widget 018,Sports,3,372.35,1117.05,2025-03-18,Peshawar,0.0,Instagram
ORD_00261,CUST_0286,PROD_057,Pro Widget 057,Clothing,3,105.66,316.97,2025-03-18,Peshawar,0.0,Instagram
ORD_00262,CUST_0291,PROD_060,Premium Tool 060,Toys,3,495.6,1486.8,2023-07-11,Islamabad,0.0,Facebook
ORD_00262,CUST_0291,PROD_071,Premium Device 071,Electronics,2,353.5,706.99,2023-07-11,Islamabad,0.0,Facebook
ORD_00262,CUST_0291,PROD_038,Premium Device 038,Home & Kitchen,3,253.57,760.71,2023-07-11,Islamabad,0.0,Facebook
ORD_00262,CUST_0291,PROD_065,Premium Tool 065,Home & Kitchen,4,507.36,1652.11,2023-07-11,Islamabad,377.31,Facebook
ORD_00262,CUST_0291,PROD_047,Basic Gadget 047,Electronics,2,163.06,326.12,2023-07-11,Islamabad,0.0,Facebook
ORD_00263,CUST_0496,PROD_064,Basic Tool 064,Electronics,2,94.77,189.54,2024-07-05,Lahore,0.0,Email
ORD_00263,CUST_0496,PROD_042,Premium Device 042,Toys,1,60.05,59.26,2024-07-05,Lahore,0.79,Email
ORD_00263,CUST_0496,PROD_017,Pro Gadget 017,Home & Kitchen,2,211.58,423.16,2024-07-05,Lahore,0.0,Email
ORD_00263,CUST_0496,PROD_063,Basic Gadget 063,Beauty,2,208.16,416.33,2024-07-05,Lahore,0.0,Email
ORD_00264,CUST_0429,PROD_076,Smart Device 076,Home & Kitchen,3,383.6,1150.79,2024-02-02,Faisalabad,0.0,Email
ORD_00264,CUST_0429,PROD_010,Pro Item 010,Sports,1,163.65,163.65,2024-02-02,Faisalabad,0.0,Email
ORD_00264,CUST_0429,PROD_063,Basic Gadget 063,Beauty,1,244.79,218.28,2024-02-02,Faisalabad,26.51,Email
ORD_00264,CUST_0429,PROD_054,Elite Tool 054,Clothing,3,62.84,188.51,2024-02-02,Faisalabad,0.0,Email
ORD_00265,CUST_0316,PROD_010,Pro Item 010,Sports,3,116.05,348.15,2023-09-30,Karachi,0.0,Referral
ORD_00265,CUST_0316,PROD_067,Smart Tool 067,Clothing,1,86.61,86.61,2023-09-30,Karachi,0.0,Referral
ORD_00265,CUST_0316,PROD_050,Basic Widget 050,Electronics,2,378.29,627.19,2023-09-30,Karachi,129.38,Referral
ORD_00265,CUST_0316,PROD_023,Smart Item 023,Clothing,4,363.76,1203.36,2023-09-30,Karachi,251.68,Referral
ORD_00265,CUST_0316,PROD_059,Pro Tool 059,Clothing,4,505.65,2022.59,2023-09-30,Karachi,0.0,Referral
ORD_00266,CUST_0093,PROD_021,Premium Gadget 021,Toys,4,30.19,100.84,2024-07-17,Faisalabad,19.93,Facebook
ORD_00266,CUST_0093,PROD_042,Premium Device 042,Toys,3,69.11,155.94,2024-07-17,Faisalabad,51.39,Facebook
ORD_00266,CUST_0093,PROD_042,Premium Device 042,Toys,2,73.43,146.86,2024-07-17,Faisalabad,0.0,Facebook
ORD_00266,CUST_0093,PROD_071,Premium Device 071,Electronics,3,403.24,1209.72,2024-07-17,Faisalabad,0.0,Facebook
ORD_00267,CUST_0492,PROD_037,Basic Device 037,Toys,1,465.24,423.11,2024-02-11,Multan,42.13,Organic
ORD_00268,CUST_0154,PROD_003,Smart Widget 003,Sports,3,253.08,759.23,2023-08-16,Peshawar,0.0,Facebook
ORD_00268,CUST_0154,PROD_074,Smart Gadget 074,Sports,2,252.41,504.82,2023-08-16,Peshawar,0.0,Facebook
ORD_00269,CUST_0080,PROD_032,Smart Item 032,Toys,2,292.47,584.94,2023-05-22,Islamabad,0.0,Email
ORD_00269,CUST_0080,PROD_074,Smart Gadget 074,Sports,4,309.63,1238.54,2023-05-22,Islamabad,0.0,Email
ORD_00269,CUST_0080,PROD_010,Pro Item 010,Sports,3,155.98,467.93,2023-05-22,Islamabad,0.0,Email
ORD_00270,CUST_0423,PROD_077,Basic Item 077,Clothing,3,114.22,303.43,2024-12-07,Peshawar,39.22,Organic
ORD_00270,CUST_0423,PROD_008,Elite Item 008,Home & Kitchen,3,80.94,212.47,2024-12-07,Peshawar,30.34,Organic
ORD_00270,CUST_0423,PROD_016,Premium Tool 016,Home & Kitchen,2,255.17,368.16,2024-12-07,Peshawar,142.18,Organic
ORD_00270,CUST_0423,PROD_049,Premium Widget 049,Books,1,294.31,294.31,2024-12-07,Peshawar,0.0,Organic
ORD_00270,CUST_0423,PROD_070,Elite Device 070,Toys,2,251.53,479.94,2024-12-07,Peshawar,23.12,Organic
ORD_00271,CUST_0345,PROD_074,Smart Gadget 074,Sports,1,267.81,267.81,2025-01-19,Rawalpindi,0.0,Email
ORD_00271,CUST_0345,PROD_051,Premium Device 051,Clothing,2,124.9,249.81,2025-01-19,Rawalpindi,0.0,Email
ORD_00271,CUST_0345,PROD_074,Smart Gadget 074,Sports,1,307.11,307.11,2025-01-19,Rawalpindi,0.0,Email
ORD_00271,CUST_0345,PROD_052,Elite Gadget 052,Sports,4,83.03,332.1,2025-01-19,Rawalpindi,0.0,Email
ORD_00272,CUST_0070,PROD_051,Premium Device 051,Clothing,2,150.03,252.88,2024-05-07,Lahore,47.19,Instagram
ORD_00272,CUST_0070,PROD_032,Smart Item 032,Toys,1,293.77,293.77,2024-05-07,Lahore,0.0,Instagram
ORD_00272,CUST_0070,PROD_074,Smart Gadget 074,Sports,1,254.61,254.61,2024-05-07,Lahore,0.0,Instagram
ORD_00272,CUST_0070,PROD_047,Basic Gadget 047,Electronics,3,153.91,461.74,2024-05-07,Lahore,0.0,Instagram
ORD_00272,CUST_0070,PROD_004,Premium Widget 004,Clothing,3,107.6,322.79,2024-05-07,Lahore,0.0,Instagram
ORD_00273,CUST_0421,PROD_057,Pro Widget 057,Clothing,1,121.51,121.51,2025-04-02,Faisalabad,0.0,Google Ads
ORD_00273,CUST_0421,PROD_048,Smart Device 048,Clothing,2,329.1,636.0,2025-04-02,Faisalabad,22.19,Google Ads
ORD_00273,CUST_0421,PROD_007,Pro Widget 007,Toys,2,477.55,706.18,2025-04-02,Faisalabad,248.92,Google Ads
ORD_00273,CUST_0421,PROD_037,Basic Device 037,Toys,1,433.03,393.39,2025-04-02,Faisalabad,39.64,Google Ads
ORD_00274,CUST_0242,PROD_069,Premium Item 069,Electronics,2,30.47,60.95,2023-01-24,Lahore,0.0,Referral
ORD_00274,CUST_0242,PROD_034,Premium Item 034,Sports,4,402.23,1273.42,2023-01-24,Lahore,335.49,Referral
ORD_00274,CUST_0242,PROD_003,Smart Widget 003,Sports,4,223.94,884.06,2023-01-24,Lahore,11.68,Referral
ORD_00275,CUST_0088,PROD_080,Smart Widget 080,Electronics,3,224.56,671.99,2023-03-03,Lahore,1.68,Referral
ORD_00275,CUST_0088,PROD_050,Basic Widget 050,Electronics,3,459.33,1229.09,2023-03-03,Lahore,148.91,Referral
ORD_00275,CUST_0088,PROD_014,Premium Widget 014,Books,1,111.57,98.63,2023-03-03,Lahore,12.94,Referral
ORD_00276,CUST_0195,PROD_077,Basic Item 077,Clothing,1,122.57,122.57,2024-06-04,Islamabad,0.0,Instagram
ORD_00277,CUST_0235,PROD_068,Basic Widget 068,Sports,3,345.84,1037.53,2024-07-28,Karachi,0.0,Google Ads
ORD_00278,CUST_0081,PROD_046,Pro Tool 046,Sports,3,206.83,527.18,2023-01-19,Multan,93.31,Facebook
ORD_00278,CUST_0081,PROD_008,Elite Item 008,Home & Kitchen,3,99.23,224.92,2023-01-19,Multan,72.78,Facebook
ORD_00278,CUST_0081,PROD_004,Premium Widget 004,Clothing,3,110.39,331.17,2023-01-19,Multan,0.0,Facebook
ORD_00279,CUST_0202,PROD_049,Premium Widget 049,Books,2,308.68,617.37,2024-11-03,Karachi,0.0,Referral
ORD_00279,CUST_0202,PROD_055,Elite Item 055,Beauty,3,246.09,738.28,2024-11-03,Karachi,0.0,Referral
ORD_00280,CUST_0278,PROD_075,Smart Widget 075,Beauty,2,380.28,760.56,2023-05-15,Multan,0.0,Google Ads
ORD_00280,CUST_0278,PROD_068,Basic Widget 068,Sports,2,360.15,553.89,2023-05-15,Multan,166.4,Google Ads
ORD_00281,CUST_0336,PROD_072,Premium Device 072,Electronics,1,297.78,284.78,2024-08-01,Islamabad,13.0,Organic
ORD_00281,CUST_0336,PROD_004,Premium Widget 004,Clothing,3,142.85,428.56,2024-08-01,Islamabad,0.0,Organic
ORD_00282,CUST_0211,PROD_036,Smart Device 036,Clothing,2,94.37,188.73,2023-11-07,Multan,0.0,Referral
ORD_00282,CUST_0211,PROD_024,Elite Tool 024,Clothing,1,154.47,142.1,2023-11-07,Multan,12.37,Referral
ORD_00282,CUST_0211,PROD_073,Basic Tool 073,Electronics,2,489.55,979.1,2023-11-07,Multan,0.0,Referral
ORD_00282,CUST_0211,PROD_004,Premium Widget 004,Clothing,3,103.14,296.98,2023-11-07,Multan,12.45,Referral
ORD_00283,CUST_0434,PROD_048,Smart Device 048,Clothing,2,340.36,680.72,2024-09-11,Multan,0.0,Referral
ORD_00283,CUST_0434,PROD_018,Pro Widget 018,Sports,2,281.74,563.47,2024-09-11,Multan,0.0,Referral
ORD_00283,CUST_0434,PROD_002,Basic Gadget 002,Books,3,71.06,213.19,2024-09-11,Multan,0.0,Referral
ORD_00283,CUST_0434,PROD_026,Smart Tool 026,Sports,2,170.01,239.48,2024-09-11,Multan,100.54,Referral
ORD_00284,CUST_0444,PROD_059,Pro Tool 059,Clothing,2,425.79,696.28,2024-09-23,Multan,155.31,Facebook
ORD_00284,CUST_0444,PROD_049,Premium Widget 049,Books,3,305.72,759.8,2024-09-23,Multan,157.37,Facebook
ORD_00284,CUST_0444,PROD_069,Premium Item 069,Electronics,1,34.86,34.86,2024-09-23,Multan,0.0,Facebook
ORD_00284,CUST_0444,PROD_006,Smart Tool 006,Clothing,2,231.83,463.66,2024-09-23,Multan,0.0,Facebook
ORD_00285,CUST_0377,PROD_007,Pro Widget 007,Toys,2,371.03,742.07,2023-02-10,Rawalpindi,0.0,Email
ORD_00285,CUST_0377,PROD_039,Premium Item 039,Toys,3,399.05,1197.16,2023-02-10,Rawalpindi,0.0,Email
ORD_00285,CUST_0377,PROD_079,Premium Widget 079,Beauty,1,338.26,291.22,2023-02-10,Rawalpindi,47.04,Email
ORD_00285,CUST_0377,PROD_058,Smart Tool 058,Clothing,1,236.02,236.02,2023-02-10,Rawalpindi,0.0,Email
ORD_00285,CUST_0377,PROD_075,Smart Widget 075,Beauty,2,317.9,635.81,2023-02-10,Rawalpindi,0.0,Email
ORD_00286,CUST_0013,PROD_026,Smart Tool 026,Sports,4,171.99,687.95,2023-07-03,Faisalabad,0.0,Referral
ORD_00286,CUST_0013,PROD_021,Premium Gadget 021,Toys,1,21.52,17.43,2023-07-03,Faisalabad,4.09,Referral
ORD_00286,CUST_0013,PROD_011,Premium Tool 011,Sports,4,77.62,253.46,2023-07-03,Faisalabad,57.01,Referral
ORD_00286,CUST_0013,PROD_021,Premium Gadget 021,Toys,4,26.25,104.99,2023-07-03,Faisalabad,0.0,Referral
ORD_00287,CUST_0088,PROD_020,Pro Device 020,Clothing,2,396.42,792.85,2023-12-10,Peshawar,0.0,Referral
ORD_00287,CUST_0088,PROD_007,Pro Widget 007,Toys,4,373.77,1064.06,2023-12-10,Peshawar,431.01,Referral
ORD_00287,CUST_0088,PROD_037,Basic Device 037,Toys,2,391.32,782.63,2023-12-10,Peshawar,0.0,Referral
ORD_00287,CUST_0088,PROD_026,Smart Tool 026,Sports,1,215.79,215.79,2023-12-10,Peshawar,0.0,Referral
ORD_00287,CUST_0088,PROD_059,Pro Tool 059,Clothing,4,500.84,2003.36,2023-12-10,Peshawar,0.0,Referral
ORD_00288,CUST_0003,PROD_076,Smart Device 076,Home & Kitchen,4,459.35,1837.4,2024-09-14,Lahore,0.0,Google Ads
ORD_00288,CUST_0003,PROD_077,Basic Item 077,Clothing,1,125.84,125.84,2024-09-14,Lahore,0.0,Google Ads
ORD_00288,CUST_0003,PROD_080,Smart Widget 080,Electronics,2,224.1,448.21,2024-09-14,Lahore,0.0,Google Ads
ORD_00288,CUST_0003,PROD_045,Basic Item 045,Beauty,1,427.03,427.03,2024-09-14,Lahore,0.0,Google Ads
ORD_00289,CUST_0296,PROD_012,Elite Widget 012,Sports,1,129.62,123.35,2025-05-08,Islamabad,6.27,Facebook
ORD_00289,CUST_0296,PROD_037,Basic Device 037,Toys,2,548.16,977.86,2025-05-08,Islamabad,118.46,Facebook
ORD_00289,CUST_0296,PROD_005,Smart Widget 005,Sports,1,118.97,118.97,2025-05-08,Islamabad,0.0,Facebook
ORD_00289,CUST_0296,PROD_049,Premium Widget 049,Books,1,352.24,345.38,2025-05-08,Islamabad,6.86,Facebook
ORD_00289,CUST_0296,PROD_061,Smart Widget 061,Electronics,2,279.73,504.2,2025-05-08,Islamabad,55.25,Facebook
ORD_00290,CUST_0212,PROD_079,Premium Widget 079,Beauty,1,265.24,215.19,2024-06-21,Multan,50.05,Google Ads
ORD_00290,CUST_0212,PROD_012,Elite Widget 012,Sports,4,167.43,511.37,2024-06-21,Multan,158.36,Google Ads
ORD_00291,CUST_0362,PROD_034,Premium Item 034,Sports,3,448.85,1146.03,2023-10-22,Faisalabad,200.53,Facebook
ORD_00291,CUST_0362,PROD_064,Basic Tool 064,Electronics,4,101.84,378.92,2023-10-22,Faisalabad,28.44,Facebook
ORD_00291,CUST_0362,PROD_038,Premium Device 038,Home & Kitchen,2,199.69,399.39,2023-10-22,Faisalabad,0.0,Facebook
ORD_00291,CUST_0362,PROD_016,Premium Tool 016,Home & Kitchen,2,259.99,455.39,2023-10-22,Faisalabad,64.59,Facebook
ORD_00292,CUST_0171,PROD_028,Premium Widget 028,Clothing,1,335.31,309.72,2023-12-25,Peshawar,25.59,Referral
ORD_00292,CUST_0171,PROD_009,Pro Widget 009,Electronics,3,180.49,541.47,2023-12-25,Peshawar,0.0,Referral
ORD_00292,CUST_0171,PROD_001,Premium Widget 001,Books,1,155.52,155.52,2023-12-25,Peshawar,0.0,Referral
ORD_00292,CUST_0171,PROD_073,Basic Tool 073,Electronics,1,533.99,533.99,2023-12-25,Peshawar,0.0,Referral
ORD_00292,CUST_0171,PROD_044,Smart Tool 044,Clothing,4,542.6,1750.02,2023-12-25,Peshawar,420.4,Referral
ORD_00293,CUST_0247,PROD_043,Elite Device 043,Clothing,4,155.77,623.08,2023-06-09,Peshawar,0.0,Email
ORD_00293,CUST_0247,PROD_008,Elite Item 008,Home & Kitchen,3,88.42,221.08,2023-06-09,Peshawar,44.18,Email
ORD_00293,CUST_0247,PROD_003,Smart Widget 003,Sports,2,223.45,446.9,2023-06-09,Peshawar,0.0,Email
ORD_00293,CUST_0247,PROD_046,Pro Tool 046,Sports,1,274.67,274.67,2023-06-09,Peshawar,0.0,Email
ORD_00294,CUST_0016,PROD_022,Pro Tool 022,Home & Kitchen,4,37.12,148.5,2023-12-14,Multan,0.0,Email
ORD_00294,CUST_0016,PROD_040,Basic Widget 040,Clothing,3,477.17,1431.51,2023-12-14,Multan,0.0,Email
ORD_00294,CUST_0016,PROD_012,Elite Widget 012,Sports,4,176.83,707.34,2023-12-14,Multan,0.0,Email
ORD_00294,CUST_0016,PROD_039,Premium Item 039,Toys,2,409.39,818.78,2023-12-14,Multan,0.0,Email
ORD_00295,CUST_0192,PROD_012,Elite Widget 012,Sports,4,154.03,448.84,2025-03-14,Peshawar,167.27,Google Ads
ORD_00296,CUST_0079,PROD_068,Basic Widget 068,Sports,3,411.35,1234.04,2023-07-14,Rawalpindi,0.0,Referral
ORD_00296,CUST_0079,PROD_013,Smart Item 013,Sports,2,91.93,183.86,2023-07-14,Rawalpindi,0.0,Referral
ORD_00296,CUST_0079,PROD_050,Basic Widget 050,Electronics,1,345.68,274.43,2023-07-14,Rawalpindi,71.25,Referral
ORD_00297,CUST_0305,PROD_006,Smart Tool 006,Clothing,1,232.0,210.25,2025-06-11,Islamabad,21.75,Instagram
ORD_00298,CUST_0296,PROD_042,Premium Device 042,Toys,2,62.81,125.62,2025-02-15,Multan,0.0,Google Ads
ORD_00298,CUST_0296,PROD_041,Premium Widget 041,Books,4,265.13,1060.5,2025-02-15,Multan,0.0,Google Ads
ORD_00298,CUST_0296,PROD_021,Premium Gadget 021,Toys,3,21.76,54.33,2025-02-15,Multan,10.96,Google Ads
ORD_00299,CUST_0053,PROD_041,Premium Widget 041,Books,3,212.56,583.5,2023-07-31,Islamabad,54.19,Email
ORD_00299,CUST_0053,PROD_032,Smart Item 032,Toys,2,268.49,482.41,2023-07-31,Islamabad,54.57,Email
ORD_00299,CUST_0053,PROD_057,Pro Widget 057,Clothing,1,88.51,88.51,2023-07-31,Islamabad,0.0,Email
ORD_00299,CUST_0053,PROD_007,Pro Widget 007,Toys,1,386.0,386.0,2023-07-31,Islamabad,0.0,Email
ORD_00299,CUST_0053,PROD_051,Premium Device 051,Clothing,2,158.44,257.04,2023-07-31,Islamabad,59.84,Email
ORD_00300,CUST_0354,PROD_040,Basic Widget 040,Clothing,3,496.12,1188.8,2024-12-17,Faisalabad,299.55,Facebook
ORD_00300,CUST_0354,PROD_069,Premium Item 069,Electronics,1,41.12,35.38,2024-12-17,Faisalabad,5.74,Facebook
ORD_00300,CUST_0354,PROD_017,Pro Gadget 017,Home & Kitchen,1,207.12,178.02,2024-12-17,Faisalabad,29.1,Facebook
ORD_00300,CUST_0354,PROD_059,Pro Tool 059,Clothing,3,470.86,1215.35,2024-12-17,Faisalabad,197.22,Facebook
ORD_00301,CUST_0119,PROD_034,Premium Item 034,Sports,3,366.81,880.83,2023-08-18,Peshawar,219.6,Email
ORD_00301,CUST_0119,PROD_042,Premium Device 042,Toys,4,71.26,285.05,2023-08-18,Peshawar,0.0,Email
ORD_00302,CUST_0058,PROD_037,Basic Device 037,Toys,3,481.29,1443.87,2023-12-26,Rawalpindi,0.0,Google Ads
ORD_00302,CUST_0058,PROD_014,Premium Widget 014,Books,4,137.12,494.88,2023-12-26,Rawalpindi,53.62,Google Ads
ORD_00302,CUST_0058,PROD_010,Pro Item 010,Sports,3,141.45,424.35,2023-12-26,Rawalpindi,0.0,Google Ads
ORD_00302,CUST_0058,PROD_053,Smart Device 053,Beauty,2,135.31,270.62,2023-12-26,Rawalpindi,0.0,Google Ads
ORD_00303,CUST_0499,PROD_027,Basic Gadget 027,Sports,4,280.46,1121.83,2024-05-08,Karachi,0.0,Facebook
ORD_00303,CUST_0499,PROD_044,Smart Tool 044,Clothing,2,404.34,629.31,2024-05-08,Karachi,179.37,Facebook
ORD_00303,CUST_0499,PROD_074,Smart Gadget 074,Sports,4,254.83,1019.31,2024-05-08,Karachi,0.0,Facebook
ORD_00303,CUST_0499,PROD_042,Premium Device 042,Toys,1,80.85,80.85,2024-05-08,Karachi,0.0,Facebook
ORD_00304,CUST_0490,PROD_077,Basic Item 077,Clothing,4,130.47,512.27,2024-02-20,Faisalabad,9.63,Organic
ORD_00305,CUST_0112,PROD_001,Premium Widget 001,Books,2,154.08,308.15,2025-04-16,Faisalabad,0.0,Referral
ORD_00305,CUST_0112,PROD_038,Premium Device 038,Home & Kitchen,4,260.95,1043.8,2025-04-16,Faisalabad,0.0,Referral
ORD_00306,CUST_0106,PROD_039,Premium Item 039,Toys,4,440.63,1238.9,2024-11-28,Islamabad,523.62,Email
ORD_00306,CUST_0106,PROD_075,Smart Widget 075,Beauty,1,346.92,346.92,2024-11-28,Islamabad,0.0,Email
ORD_00306,CUST_0106,PROD_017,Pro Gadget 017,Home & Kitchen,3,151.86,323.29,2024-11-28,Islamabad,132.29,Email
ORD_00307,CUST_0001,PROD_015,Pro Widget 015,Toys,3,142.22,426.65,2024-12-21,Peshawar,0.0,Facebook
ORD_00307,CUST_0001,PROD_076,Smart Device 076,Home & Kitchen,4,491.45,1726.35,2024-12-21,Peshawar,239.45,Facebook
ORD_00307,CUST_0001,PROD_056,Premium Widget 056,Electronics,2,220.75,441.5,2024-12-21,Peshawar,0.0,Facebook
ORD_00307,CUST_0001,PROD_025,Basic Device 025,Sports,4,157.79,631.17,2024-12-21,Peshawar,0.0,Facebook
ORD_00307,CUST_0001,PROD_054,Elite Tool 054,Clothing,2,51.46,99.05,2024-12-21,Peshawar,3.88,Facebook
ORD_00308,CUST_0006,PROD_063,Basic Gadget 063,Beauty,4,295.07,1180.28,2023-03-15,Lahore,0.0,Referral
ORD_00309,CUST_0071,PROD_078,Basic Item 078,Beauty,4,173.06,692.24,2024-10-19,Peshawar,0.0,Instagram
ORD_00309,CUST_0071,PROD_055,Elite Item 055,Beauty,4,201.69,806.76,2024-10-19,Peshawar,0.0,Instagram
ORD_00309,CUST_0071,PROD_055,Elite Item 055,Beauty,1,218.03,202.54,2024-10-19,Peshawar,15.49,Instagram
ORD_00309,CUST_0071,PROD_065,Premium Tool 065,Home & Kitchen,3,447.44,1342.33,2024-10-19,Peshawar,0.0,Instagram
ORD_00310,CUST_0188,PROD_048,Smart Device 048,Clothing,1,307.92,300.52,2023-02-04,Faisalabad,7.4,Instagram
ORD_00311,CUST_0374,PROD_060,Premium Tool 060,Toys,1,436.1,404.02,2025-01-18,Peshawar,32.08,Facebook
ORD_00311,CUST_0374,PROD_010,Pro Item 010,Sports,3,145.93,367.53,2025-01-18,Peshawar,70.27,Facebook
ORD_00311,CUST_0374,PROD_002,Basic Gadget 002,Books,4,59.11,195.74,2025-01-18,Peshawar,40.71,Facebook
ORD_00311,CUST_0374,PROD_043,Elite Device 043,Clothing,4,131.65,480.06,2025-01-18,Peshawar,46.54,Facebook
ORD_00311,CUST_0374,PROD_022,Pro Tool 022,Home & Kitchen,1,45.74,45.74,2025-01-18,Peshawar,0.0,Facebook
ORD_00312,CUST_0156,PROD_061,Smart Widget 061,Electronics,2,339.15,618.94,2025-01-14,Islamabad,59.37,Organic
ORD_00312,CUST_0156,PROD_080,Smart Widget 080,Electronics,1,250.12,250.12,2025-01-14,Islamabad,0.0,Organic
ORD_00312,CUST_0156,PROD_065,Premium Tool 065,Home & Kitchen,1,529.22,529.22,2025-01-14,Islamabad,0.0,Organic
ORD_00312,CUST_0156,PROD_017,Pro Gadget 017,Home & Kitchen,3,167.53,502.59,2025-01-14,Islamabad,0.0,Organic
ORD_00312,CUST_0156,PROD_015,Pro Widget 015,Toys,2,144.42,231.73,2025-01-14,Islamabad,57.12,Organic
ORD_00313,CUST_0190,PROD_031,Smart Widget 031,Books,4,316.78,1267.14,2025-04-07,Islamabad,0.0,Referral
ORD_00313,CUST_0190,PROD_005,Smart Widget 005,Sports,3,128.23,315.96,2025-04-07,Islamabad,68.73,Referral
ORD_00314,CUST_0421,PROD_050,Basic Widget 050,Electronics,2,458.93,871.81,2023-06-07,Peshawar,46.06,Instagram
ORD_00314,CUST_0421,PROD_074,Smart Gadget 074,Sports,3,247.6,742.79,2023-06-07,Peshawar,0.0,Instagram
ORD_00314,CUST_0421,PROD_015,Pro Widget 015,Toys,1,107.57,107.57,2023-06-07,Peshawar,0.0,Instagram
ORD_00314,CUST_0421,PROD_039,Premium Item 039,Toys,4,445.23,1496.4,2023-06-07,Peshawar,284.51,Instagram
ORD_00315,CUST_0195,PROD_019,Smart Gadget 019,Clothing,4,190.33,658.81,2024-11-30,Rawalpindi,102.51,Facebook
ORD_00315,CUST_0195,PROD_041,Premium Widget 041,Books,1,208.18,208.18,2024-11-30,Rawalpindi,0.0,Facebook
ORD_00315,CUST_0195,PROD_046,Pro Tool 046,Sports,4,241.45,886.82,2024-11-30,Rawalpindi,78.98,Facebook
ORD_00315,CUST_0195,PROD_035,Smart Widget 035,Toys,3,354.66,1063.98,2024-11-30,Rawalpindi,0.0,Facebook
ORD_00316,CUST_0300,PROD_031,Smart Widget 031,Books,2,366.05,513.96,2024-02-05,Peshawar,218.14,Referral
ORD_00316,CUST_0300,PROD_041,Premium Widget 041,Books,1,265.29,264.34,2024-02-05,Peshawar,0.95,Referral
ORD_00316,CUST_0300,PROD_013,Smart Item 013,Sports,1,111.95,111.95,2024-02-05,Peshawar,0.0,Referral
ORD_00316,CUST_0300,PROD_037,Basic Device 037,Toys,3,405.27,1215.82,2024-02-05,Peshawar,0.0,Referral
ORD_00317,CUST_0048,PROD_077,Basic Item 077,Clothing,1,151.81,151.81,2023-02-28,Multan,0.0,Google Ads
ORD_00317,CUST_0048,PROD_078,Basic Item 078,Beauty,2,156.75,252.56,2023-02-28,Multan,60.93,Google Ads
ORD_00317,CUST_0048,PROD_024,Elite Tool 024,Clothing,1,150.73,150.73,2023-02-28,Multan,0.0,Google Ads
ORD_00317,CUST_0048,PROD_060,Premium Tool 060,Toys,1,456.04,418.23,2023-02-28,Multan,37.81,Google Ads
ORD_00317,CUST_0048,PROD_055,Elite Item 055,Beauty,3,190.92,525.11,2023-02-28,Multan,47.64,Google Ads
ORD_00318,CUST_0032,PROD_034,Premium Item 034,Sports,3,333.97,1001.92,2024-01-27,Islamabad,0.0,Organic
ORD_00318,CUST_0032,PROD_026,Smart Tool 026,Sports,4,179.25,717.0,2024-01-27,Islamabad,0.0,Organic
ORD_00318,CUST_0032,PROD_019,Smart Gadget 019,Clothing,4,209.87,609.64,2024-01-27,Islamabad,229.83,Organic
ORD_00318,CUST_0032,PROD_034,Premium Item 034,Sports,1,312.03,312.03,2024-01-27,Islamabad,0.0,Organic
ORD_00319,CUST_0373,PROD_020,Pro Device 020,Clothing,1,405.28,372.89,2023-09-14,Karachi,32.39,Instagram
ORD_00319,CUST_0373,PROD_043,Elite Device 043,Clothing,4,144.06,576.23,2023-09-14,Karachi,0.0,Instagram
ORD_00319,CUST_0373,PROD_063,Basic Gadget 063,Beauty,4,241.62,740.04,2023-09-14,Karachi,226.43,Instagram
ORD_00319,CUST_0373,PROD_009,Pro Widget 009,Electronics,2,157.19,237.23,2023-09-14,Karachi,77.15,Instagram
ORD_00320,CUST_0247,PROD_043,Elite Device 043,Clothing,3,134.32,287.05,2023-05-05,Faisalabad,115.91,Facebook
ORD_00320,CUST_0247,PROD_012,Elite Widget 012,Sports,3,155.79,456.08,2023-05-05,Faisalabad,11.28,Facebook
ORD_00320,CUST_0247,PROD_059,Pro Tool 059,Clothing,3,464.42,1393.27,2023-05-05,Faisalabad,0.0,Facebook
ORD_00320,CUST_0247,PROD_006,Smart Tool 006,Clothing,4,244.9,979.62,2023-05-05,Faisalabad,0.0,Facebook
ORD_00320,CUST_0247,PROD_050,Basic Widget 050,Electronics,1,453.75,453.75,2023-05-05,Faisalabad,0.0,Facebook
ORD_00321,CUST_0044,PROD_018,Pro Widget 018,Sports,1,281.72,231.61,2025-06-25,Multan,50.11,Google Ads
ORD_00321,CUST_0044,PROD_063,Basic Gadget 063,Beauty,4,204.62,818.46,2025-06-25,Multan,0.0,Google Ads
ORD_00321,CUST_0044,PROD_040,Basic Widget 040,Clothing,4,446.2,1544.21,2025-06-25,Multan,240.58,Google Ads
ORD_00321,CUST_0044,PROD_003,Smart Widget 003,Sports,1,202.81,202.81,2025-06-25,Multan,0.0,Google Ads
ORD_00322,CUST_0370,PROD_067,Smart Tool 067,Clothing,4,121.19,406.73,2023-02-13,Karachi,78.03,Google Ads
ORD_00322,CUST_0370,PROD_075,Smart Widget 075,Beauty,2,388.54,777.09,2023-02-13,Karachi,0.0,Google Ads
ORD_00322,CUST_0370,PROD_019,Smart Gadget 019,Clothing,4,251.06,1004.25,2023-02-13,Karachi,0.0,Google Ads
ORD_00322,CUST_0370,PROD_080,Smart Widget 080,Electronics,1,245.3,244.24,2023-02-13,Karachi,1.06,Google Ads
ORD_00323,CUST_0324,PROD_059,Pro Tool 059,Clothing,2,497.32,994.64,2023-02-21,Peshawar,0.0,Organic
ORD_00323,CUST_0324,PROD_014,Premium Widget 014,Books,1,121.53,113.49,2023-02-21,Peshawar,8.04,Organic
ORD_00323,CUST_0324,PROD_026,Smart Tool 026,Sports,4,192.33,598.99,2023-02-21,Peshawar,170.31,Organic
ORD_00324,CUST_0206,PROD_070,Elite Device 070,Toys,2,250.96,469.82,2023-11-29,Multan,32.11,Email
ORD_00325,CUST_0024,PROD_016,Premium Tool 016,Home & Kitchen,3,198.85,596.56,2024-08-30,Islamabad,0.0,Organic
ORD_00325,CUST_0024,PROD_048,Smart Device 048,Clothing,2,291.02,574.93,2024-08-30,Islamabad,7.11,Organic
ORD_00326,CUST_0052,PROD_003,Smart Widget 003,Sports,4,180.39,721.56,2025-03-21,Rawalpindi,0.0,Google Ads
ORD_00326,CUST_0052,PROD_012,Elite Widget 012,Sports,3,148.51,342.27,2025-03-21,Rawalpindi,103.26,Google Ads
ORD_00326,CUST_0052,PROD_017,Pro Gadget 017,Home & Kitchen,2,157.8,315.6,2025-03-21,Rawalpindi,0.0,Google Ads
ORD_00326,CUST_0052,PROD_058,Smart Tool 058,Clothing,4,194.12,776.47,2025-03-21,Rawalpindi,0.0,Google Ads
ORD_00326,CUST_0052,PROD_005,Smart Widget 005,Sports,2,116.76,227.36,2025-03-21,Rawalpindi,6.17,Google Ads
ORD_00327,CUST_0424,PROD_001,Premium Widget 001,Books,2,126.92,179.46,2025-03-12,Islamabad,74.38,Instagram
ORD_00327,CUST_0424,PROD_080,Smart Widget 080,Electronics,3,313.11,796.31,2025-03-12,Islamabad,143.03,Instagram
ORD_00327,CUST_0424,PROD_060,Premium Tool 060,Toys,2,393.42,786.84,2025-03-12,Islamabad,0.0,Instagram
ORD_00328,CUST_0408,PROD_021,Premium Gadget 021,Toys,1,21.14,21.14,2023-06-02,Rawalpindi,0.0,Google Ads
ORD_00328,CUST_0408,PROD_027,Basic Gadget 027,Sports,4,226.78,664.89,2023-06-02,Rawalpindi,242.22,Google Ads
ORD_00328,CUST_0408,PROD_059,Pro Tool 059,Clothing,1,369.12,369.12,2023-06-02,Rawalpindi,0.0,Google Ads
ORD_00328,CUST_0408,PROD_069,Premium Item 069,Electronics,2,29.84,59.68,2023-06-02,Rawalpindi,0.0,Google Ads
ORD_00329,CUST_0264,PROD_057,Pro Widget 057,Clothing,3,100.52,220.28,2023-04-29,Lahore,81.27,Referral
ORD_00330,CUST_0118,PROD_013,Smart Item 013,Sports,2,114.13,202.54,2025-03-08,Islamabad,25.72,Google Ads
ORD_00331,CUST_0113,PROD_007,Pro Widget 007,Toys,4,347.35,1199.76,2023-03-17,Faisalabad,189.65,Instagram
ORD_00331,CUST_0113,PROD_050,Basic Widget 050,Electronics,3,368.5,895.9,2023-03-17,Faisalabad,209.61,Instagram
ORD_00331,CUST_0113,PROD_035,Smart Widget 035,Toys,2,295.63,591.26,2023-03-17,Faisalabad,0.0,Instagram
ORD_00331,CUST_0113,PROD_073,Basic Tool 073,Electronics,1,430.01,430.01,2023-03-17,Faisalabad,0.0,Instagram
ORD_00332,CUST_0239,PROD_029,Elite Device 029,Electronics,3,206.77,501.58,2024-04-14,Lahore,118.73,Facebook
ORD_00332,CUST_0239,PROD_079,Premium Widget 079,Beauty,2,324.19,648.39,2024-04-14,Lahore,0.0,Facebook
ORD_00332,CUST_0239,PROD_030,Smart Tool 030,Sports,1,128.49,128.49,2024-04-14,Lahore,0.0,Facebook
ORD_00332,CUST_0239,PROD_028,Premium Widget 028,Clothing,4,360.24,1440.96,2024-04-14,Lahore,0.0,Facebook
ORD_00333,CUST_0374,PROD_056,Premium Widget 056,Electronics,2,239.77,479.53,2024-03-14,Lahore,0.0,Facebook
ORD_00333,CUST_0374,PROD_020,Pro Device 020,Clothing,1,334.1,334.1,2024-03-14,Lahore,0.0,Facebook
ORD_00334,CUST_0241,PROD_068,Basic Widget 068,Sports,4,367.44,1107.62,2025-01-21,Karachi,362.13,Instagram
ORD_00334,CUST_0241,PROD_058,Smart Tool 058,Clothing,4,194.23,776.9,2025-01-21,Karachi,0.0,Instagram
ORD_00334,CUST_0241,PROD_002,Basic Gadget 002,Books,4,71.06,284.23,2025-01-21,Karachi,0.0,Instagram
ORD_00334,CUST_0241,PROD_038,Premium Device 038,Home & Kitchen,2,264.15,528.3,2025-01-21,Karachi,0.0,Instagram
ORD_00334,CUST_0241,PROD_062,Smart Widget 062,Electronics,3,401.16,1203.48,2025-01-21,Karachi,0.0,Instagram
ORD_00335,CUST_0293,PROD_060,Premium Tool 060,Toys,2,496.73,993.46,2025-02-04,Karachi,0.0,Instagram
ORD_00335,CUST_0293,PROD_048,Smart Device 048,Clothing,4,322.67,1290.69,2025-02-04,Karachi,0.0,Instagram
ORD_00335,CUST_0293,PROD_010,Pro Item 010,Sports,4,161.59,646.37,2025-02-04,Karachi,0.0,Instagram
ORD_00335,CUST_0293,PROD_005,Smart Widget 005,Sports,3,104.25,312.74,2025-02-04,Karachi,0.0,Instagram
ORD_00335,CUST_0293,PROD_079,Premium Widget 079,Beauty,2,350.55,701.09,2025-02-04,Karachi,0.0,Instagram
ORD_00336,CUST_0451,PROD_047,Basic Gadget 047,Electronics,1,148.32,148.32,2023-12-10,Faisalabad,0.0,Referral
ORD_00337,CUST_0317,PROD_072,Premium Device 072,Electronics,1,349.13,334.63,2023-02-11,Islamabad,14.5,Google Ads
ORD_00337,CUST_0317,PROD_043,Elite Device 043,Clothing,2,142.1,221.33,2023-02-11,Islamabad,62.87,Google Ads
ORD_00337,CUST_0317,PROD_075,Smart Widget 075,Beauty,2,365.74,661.17,2023-02-11,Islamabad,70.32,Google Ads
ORD_00338,CUST_0460,PROD_036,Smart Device 036,Clothing,1,70.06,70.06,2023-10-01,Multan,0.0,Instagram
ORD_00338,CUST_0460,PROD_063,Basic Gadget 063,Beauty,1,245.0,245.0,2023-10-01,Multan,0.0,Instagram
ORD_00338,CUST_0460,PROD_069,Premium Item 069,Electronics,3,33.91,101.72,2023-10-01,Multan,0.0,Instagram
ORD_00338,CUST_0460,PROD_009,Pro Widget 009,Electronics,2,226.91,453.82,2023-10-01,Multan,0.0,Instagram
ORD_00338,CUST_0460,PROD_011,Premium Tool 011,Sports,4,82.49,329.95,2023-10-01,Multan,0.0,Instagram
ORD_00339,CUST_0490,PROD_015,Pro Widget 015,Toys,2,123.89,209.08,2023-03-20,Lahore,38.7,Facebook
ORD_00340,CUST_0322,PROD_070,Elite Device 070,Toys,2,267.43,534.86,2023-01-24,Rawalpindi,0.0,Referral
ORD_00340,CUST_0322,PROD_003,Smart Widget 003,Sports,3,189.78,569.35,2023-01-24,Rawalpindi,0.0,Referral
ORD_00340,CUST_0322,PROD_030,Smart Tool 030,Sports,3,128.49,385.46,2023-01-24,Rawalpindi,0.0,Referral
ORD_00341,CUST_0331,PROD_068,Basic Widget 068,Sports,4,364.29,1457.15,2025-03-16,Rawalpindi,0.0,Email
ORD_00341,CUST_0331,PROD_040,Basic Widget 040,Clothing,2,491.16,982.31,2025-03-16,Rawalpindi,0.0,Email
ORD_00341,CUST_0331,PROD_048,Smart Device 048,Clothing,3,330.53,991.59,2025-03-16,Rawalpindi,0.0,Email
ORD_00342,CUST_0181,PROD_021,Premium Gadget 021,Toys,3,22.46,67.38,2023-10-19,Lahore,0.0,Email
ORD_00342,CUST_0181,PROD_020,Pro Device 020,Clothing,2,309.24,618.49,2023-10-19,Lahore,0.0,Email
ORD_00342,CUST_0181,PROD_041,Premium Widget 041,Books,2,242.27,484.55,2023-10-19,Lahore,0.0,Email
ORD_00342,CUST_0181,PROD_027,Basic Gadget 027,Sports,1,268.5,256.58,2023-10-19,Lahore,11.92,Email
ORD_00343,CUST_0230,PROD_016,Premium Tool 016,Home & Kitchen,1,223.31,223.31,2024-07-06,Faisalabad,0.0,Facebook
ORD_00343,CUST_0230,PROD_019,Smart Gadget 019,Clothing,4,276.98,1107.93,2024-07-06,Faisalabad,0.0,Facebook
ORD_00344,CUST_0497,PROD_038,Premium Device 038,Home & Kitchen,4,288.93,894.22,2025-01-26,Faisalabad,261.48,Facebook
ORD_00344,CUST_0497,PROD_074,Smart Gadget 074,Sports,2,337.42,488.11,2025-01-26,Faisalabad,186.72,Facebook
ORD_00344,CUST_0497,PROD_044,Smart Tool 044,Clothing,1,508.27,487.01,2025-01-26,Faisalabad,21.26,Facebook
ORD_00344,CUST_0497,PROD_071,Premium Device 071,Electronics,1,394.37,394.37,2025-01-26,Faisalabad,0.0,Facebook
ORD_00344,CUST_0497,PROD_029,Elite Device 029,Electronics,4,187.21,748.86,2025-01-26,Faisalabad,0.0,Facebook
ORD_00345,CUST_0312,PROD_029,Elite Device 029,Electronics,3,174.37,523.12,2024-10-18,Faisalabad,0.0,Email
ORD_00345,CUST_0312,PROD_058,Smart Tool 058,Clothing,1,257.97,257.97,2024-10-18,Faisalabad,0.0,Email
ORD_00346,CUST_0252,PROD_008,Elite Item 008,Home & Kitchen,3,82.65,216.14,2023-11-22,Faisalabad,31.81,Email
ORD_00346,CUST_0252,PROD_050,Basic Widget 050,Electronics,3,347.08,1041.24,2023-11-22,Faisalabad,0.0,Email
ORD_00346,CUST_0252,PROD_040,Basic Widget 040,Clothing,4,506.13,2024.52,2023-11-22,Faisalabad,0.0,Email
ORD_00346,CUST_0252,PROD_057,Pro Widget 057,Clothing,4,116.5,465.99,2023-11-22,Faisalabad,0.0,Email
ORD_00346,CUST_0252,PROD_055,Elite Item 055,Beauty,4,180.96,723.82,2023-11-22,Faisalabad,0.0,Email
ORD_00347,CUST_0045,PROD_068,Basic Widget 068,Sports,3,306.21,710.25,2023-05-28,Islamabad,208.37,Instagram
ORD_00347,CUST_0045,PROD_012,Elite Widget 012,Sports,1,148.1,129.68,2023-05-28,Islamabad,18.42,Instagram
ORD_00348,CUST_0285,PROD_026,Smart Tool 026,Sports,2,233.05,466.1,2024-04-18,Peshawar,0.0,Google Ads
ORD_00348,CUST_0285,PROD_063,Basic Gadget 063,Beauty,1,279.98,279.98,2024-04-18,Peshawar,0.0,Google Ads
ORD_00348,CUST_0285,PROD_075,Smart Widget 075,Beauty,3,331.33,927.03,2024-04-18,Peshawar,66.95,Google Ads
ORD_00348,CUST_0285,PROD_001,Premium Widget 001,Books,2,131.02,196.46,2024-04-18,Peshawar,65.58,Google Ads
ORD_00348,CUST_0285,PROD_061,Smart Widget 061,Electronics,1,349.83,306.05,2024-04-18,Peshawar,43.78,Google Ads
ORD_00349,CUST_0252,PROD_036,Smart Device 036,Clothing,4,101.68,406.7,2024-12-05,Karachi,0.0,Organic
ORD_00349,CUST_0252,PROD_047,Basic Gadget 047,Electronics,4,180.27,585.22,2024-12-05,Karachi,135.85,Organic
ORD_00350,CUST_0244,PROD_074,Smart Gadget 074,Sports,1,342.92,342.92,2024-12-11,Islamabad,0.0,Email
ORD_00351,CUST_0030,PROD_018,Pro Widget 018,Sports,3,277.89,833.67,2023-05-30,Rawalpindi,0.0,Referral
ORD_00351,CUST_0030,PROD_054,Elite Tool 054,Clothing,3,46.07,138.21,2023-05-30,Rawalpindi,0.0,Referral
ORD_00351,CUST_0030,PROD_010,Pro Item 010,Sports,2,154.5,309.0,2023-05-30,Rawalpindi,0.0,Referral
ORD_00352,CUST_0049,PROD_041,Premium Widget 041,Books,3,225.46,602.81,2024-09-05,Faisalabad,73.56,Facebook
ORD_00352,CUST_0049,PROD_069,Premium Item 069,Electronics,3,39.04,117.12,2024-09-05,Faisalabad,0.0,Facebook
ORD_00353,CUST_0266,PROD_053,Smart Device 053,Beauty,3,150.8,452.4,2023-10-16,Peshawar,0.0,Instagram
ORD_00353,CUST_0266,PROD_028,Premium Widget 028,Clothing,2,317.88,484.11,2023-10-16,Peshawar,151.65,Instagram
ORD_00353,CUST_0266,PROD_072,Premium Device 072,Electronics,1,329.58,318.05,2023-10-16,Peshawar,11.53,Instagram
ORD_00354,CUST_0068,PROD_047,Basic Gadget 047,Electronics,2,197.94,324.89,2023-01-18,Islamabad,70.98,Facebook
ORD_00354,CUST_0068,PROD_044,Smart Tool 044,Clothing,2,504.22,1008.45,2023-01-18,Islamabad,0.0,Facebook
ORD_00354,CUST_0068,PROD_016,Premium Tool 016,Home & Kitchen,2,197.69,313.77,2023-01-18,Islamabad,81.61,Facebook
ORD_00354,CUST_0068,PROD_040,Basic Widget 040,Clothing,2,389.13,679.07,2023-01-18,Islamabad,99.18,Facebook
ORD_00355,CUST_0391,PROD_062,Smart Widget 062,Electronics,4,379.03,1516.1,2025-03-13,Karachi,0.0,Organic
ORD_00356,CUST_0407,PROD_061,Smart Widget 061,Electronics,1,383.4,383.4,2024-11-06,Faisalabad,0.0,Organic
ORD_00356,CUST_0407,PROD_039,Premium Item 039,Toys,1,446.59,323.32,2024-11-06,Faisalabad,123.27,Organic
ORD_00356,CUST_0407,PROD_027,Basic Gadget 027,Sports,2,220.07,440.14,2024-11-06,Faisalabad,0.0,Organic
ORD_00356,CUST_0407,PROD_012,Elite Widget 012,Sports,2,174.92,250.26,2024-11-06,Faisalabad,99.58,Organic
ORD_00356,CUST_0407,PROD_045,Basic Item 045,Beauty,3,430.05,1290.16,2024-11-06,Faisalabad,0.0,Organic
ORD_00357,CUST_0374,PROD_009,Pro Widget 009,Electronics,1,221.24,186.14,2024-09-19,Faisalabad,35.1,Email
ORD_00357,CUST_0374,PROD_025,Basic Device 025,Sports,3,120.52,361.1,2024-09-19,Faisalabad,0.47,Email
ORD_00358,CUST_0372,PROD_061,Smart Widget 061,Electronics,3,355.67,1067.0,2023-04-12,Faisalabad,0.0,Referral
ORD_00358,CUST_0372,PROD_014,Premium Widget 014,Books,2,137.96,240.82,2023-04-12,Faisalabad,35.1,Referral
ORD_00359,CUST_0264,PROD_016,Premium Tool 016,Home & Kitchen,4,195.98,783.92,2023-08-22,Karachi,0.0,Facebook
ORD_00359,CUST_0264,PROD_047,Basic Gadget 047,Electronics,3,179.67,539.02,2023-08-22,Karachi,0.0,Facebook
ORD_00359,CUST_0264,PROD_042,Premium Device 042,Toys,4,60.61,242.44,2023-08-22,Karachi,0.0,Facebook
ORD_00359,CUST_0264,PROD_077,Basic Item 077,Clothing,3,150.64,421.29,2023-08-22,Karachi,30.62,Facebook
ORD_00360,CUST_0209,PROD_061,Smart Widget 061,Electronics,3,287.27,734.71,2023-10-25,Lahore,127.11,Organic
ORD_00360,CUST_0209,PROD_014,Premium Widget 014,Books,4,118.66,462.52,2023-10-25,Lahore,12.1,Organic
ORD_00360,CUST_0209,PROD_019,Smart Gadget 019,Clothing,4,227.11,908.43,2023-10-25,Lahore,0.0,Organic
ORD_00360,CUST_0209,PROD_014,Premium Widget 014,Books,2,100.49,180.55,2023-10-25,Lahore,20.42,Organic
ORD_00361,CUST_0305,PROD_055,Elite Item 055,Beauty,4,192.71,636.26,2025-05-14,Karachi,134.57,Google Ads
ORD_00361,CUST_0305,PROD_035,Smart Widget 035,Toys,4,298.19,852.77,2025-05-14,Karachi,339.98,Google Ads
ORD_00361,CUST_0305,PROD_063,Basic Gadget 063,Beauty,3,212.99,638.96,2025-05-14,Karachi,0.0,Google Ads
ORD_00361,CUST_0305,PROD_016,Premium Tool 016,Home & Kitchen,3,231.18,693.54,2025-05-14,Karachi,0.0,Google Ads
ORD_00362,CUST_0483,PROD_007,Pro Widget 007,Toys,1,404.55,404.55,2023-05-18,Karachi,0.0,Referral
ORD_00363,CUST_0092,PROD_020,Pro Device 020,Clothing,3,362.31,1086.94,2024-01-27,Multan,0.0,Facebook
ORD_00363,CUST_0092,PROD_010,Pro Item 010,Sports,4,155.97,623.87,2024-01-27,Multan,0.0,Facebook
ORD_00363,CUST_0092,PROD_064,Basic Tool 064,Electronics,4,90.84,363.38,2024-01-27,Multan,0.0,Facebook
ORD_00363,CUST_0092,PROD_070,Elite Device 070,Toys,1,319.17,319.17,2024-01-27,Multan,0.0,Facebook
ORD_00363,CUST_0092,PROD_056,Premium Widget 056,Electronics,1,197.63,197.63,2024-01-27,Multan,0.0,Facebook
ORD_00364,CUST_0193,PROD_023,Smart Item 023,Clothing,3,382.12,1146.36,2024-03-29,Karachi,0.0,Organic
ORD_00364,CUST_0193,PROD_056,Premium Widget 056,Electronics,2,191.73,383.46,2024-03-29,Karachi,0.0,Organic
ORD_00364,CUST_0193,PROD_015,Pro Widget 015,Toys,4,132.01,437.41,2024-03-29,Karachi,90.65,Organic
ORD_00364,CUST_0193,PROD_061,Smart Widget 061,Electronics,2,330.43,660.86,2024-03-29,Karachi,0.0,Organic
ORD_00365,CUST_0254,PROD_046,Pro Tool 046,Sports,3,214.63,643.88,2024-08-28,Faisalabad,0.0,Referral
ORD_00365,CUST_0254,PROD_006,Smart Tool 006,Clothing,2,261.12,522.25,2024-08-28,Faisalabad,0.0,Referral
ORD_00365,CUST_0254,PROD_075,Smart Widget 075,Beauty,1,367.34,325.4,2024-08-28,Faisalabad,41.94,Referral
ORD_00365,CUST_0254,PROD_055,Elite Item 055,Beauty,3,253.05,759.14,2024-08-28,Faisalabad,0.0,Referral
ORD_00366,CUST_0029,PROD_040,Basic Widget 040,Clothing,1,512.48,512.48,2024-11-08,Lahore,0.0,Google Ads
ORD_00366,CUST_0029,PROD_040,Basic Widget 040,Clothing,1,411.62,411.62,2024-11-08,Lahore,0.0,Google Ads
ORD_00367,CUST_0167,PROD_073,Basic Tool 073,Electronics,4,427.38,1407.95,2023-02-08,Multan,301.55,Instagram
ORD_00367,CUST_0167,PROD_041,Premium Widget 041,Books,4,255.12,1020.49,2023-02-08,Multan,0.0,Instagram
ORD_00367,CUST_0167,PROD_013,Smart Item 013,Sports,4,87.55,314.89,2023-02-08,Multan,35.3,Instagram
ORD_00367,CUST_0167,PROD_065,Premium Tool 065,Home & Kitchen,3,402.12,1206.35,2023-02-08,Multan,0.0,Instagram
ORD_00368,CUST_0497,PROD_010,Pro Item 010,Sports,2,127.74,255.49,2024-03-22,Rawalpindi,0.0,Referral
ORD_00368,CUST_0497,PROD_074,Smart Gadget 074,Sports,4,338.02,963.52,2024-03-22,Rawalpindi,388.57,Referral
ORD_00369,CUST_0368,PROD_044,Smart Tool 044,Clothing,3,384.65,989.43,2025-05-14,Karachi,164.53,Email
ORD_00369,CUST_0368,PROD_027,Basic Gadget 027,Sports,3,281.6,768.3,2025-05-14,Karachi,76.5,Email
ORD_00369,CUST_0368,PROD_039,Premium Item 039,Toys,4,431.82,1727.28,2025-05-14,Karachi,0.0,Email
ORD_00369,CUST_0368,PROD_054,Elite Tool 054,Clothing,4,50.63,202.51,2025-05-14,Karachi,0.0,Email
ORD_00369,CUST_0368,PROD_071,Premium Device 071,Electronics,2,492.24,832.02,2025-05-14,Karachi,152.46,Email
ORD_00370,CUST_0096,PROD_060,Premium Tool 060,Toys,3,507.61,1522.84,2024-08-13,Lahore,0.0,Referral
ORD_00370,CUST_0096,PROD_079,Premium Widget 079,Beauty,4,369.02,1449.58,2024-08-13,Lahore,26.52,Referral
ORD_00370,CUST_0096,PROD_026,Smart Tool 026,Sports,3,202.62,607.87,2024-08-13,Lahore,0.0,Referral
ORD_00370,CUST_0096,PROD_039,Premium Item 039,Toys,4,390.77,1135.82,2024-08-13,Lahore,427.26,Referral
ORD_00371,CUST_0325,PROD_021,Premium Gadget 021,Toys,3,27.65,82.96,2023-07-28,Islamabad,0.0,Facebook
ORD_00371,CUST_0325,PROD_031,Smart Widget 031,Books,1,312.3,312.3,2023-07-28,Islamabad,0.0,Facebook
ORD_00371,CUST_0325,PROD_040,Basic Widget 040,Clothing,4,437.65,1528.95,2023-07-28,Islamabad,221.63,Facebook
ORD_00371,CUST_0325,PROD_005,Smart Widget 005,Sports,2,92.79,185.58,2023-07-28,Islamabad,0.0,Facebook
ORD_00372,CUST_0133,PROD_023,Smart Item 023,Clothing,1,392.6,392.6,2025-03-19,Multan,0.0,Email
ORD_00372,CUST_0133,PROD_003,Smart Widget 003,Sports,1,247.91,247.91,2025-03-19,Multan,0.0,Email
ORD_00372,CUST_0133,PROD_078,Basic Item 078,Beauty,3,189.15,498.17,2025-03-19,Multan,69.29,Email
ORD_00373,CUST_0187,PROD_018,Pro Widget 018,Sports,2,271.29,390.72,2024-11-18,Rawalpindi,151.86,Referral
ORD_00374,CUST_0268,PROD_033,Premium Item 033,Beauty,4,100.96,403.84,2024-11-11,Peshawar,0.0,Email
ORD_00374,CUST_0268,PROD_016,Premium Tool 016,Home & Kitchen,3,216.32,648.95,2024-11-11,Peshawar,0.0,Email
ORD_00374,CUST_0268,PROD_050,Basic Widget 050,Electronics,2,506.34,1012.68,2024-11-11,Peshawar,0.0,Email
ORD_00374,CUST_0268,PROD_014,Premium Widget 014,Books,2,107.76,215.51,2024-11-11,Peshawar,0.0,Email
ORD_00374,CUST_0268,PROD_053,Smart Device 053,Beauty,3,147.81,443.42,2024-11-11,Peshawar,0.0,Email
ORD_00375,CUST_0274,PROD_055,Elite Item 055,Beauty,4,226.9,668.13,2024-01-19,Islamabad,239.45,Email
ORD_00376,CUST_0480,PROD_048,Smart Device 048,Clothing,3,241.19,592.06,2023-05-29,Rawalpindi,131.5,Referral
ORD_00376,CUST_0480,PROD_007,Pro Widget 007,Toys,2,364.85,729.7,2023-05-29,Rawalpindi,0.0,Referral
ORD_00376,CUST_0480,PROD_047,Basic Gadget 047,Electronics,1,178.11,178.11,2023-05-29,Rawalpindi,0.0,Referral
ORD_00377,CUST_0227,PROD_039,Premium Item 039,Toys,1,476.06,433.58,2024-02-02,Rawalpindi,42.48,Facebook
ORD_00378,CUST_0441,PROD_041,Premium Widget 041,Books,4,276.86,1107.43,2025-06-30,Rawalpindi,0.0,Referral
ORD_00378,CUST_0441,PROD_011,Premium Tool 011,Sports,4,70.34,281.35,2025-06-30,Rawalpindi,0.0,Referral
ORD_00379,CUST_0431,PROD_021,Premium Gadget 021,Toys,3,25.8,77.39,2023-12-07,Peshawar,0.0,Organic
ORD_00379,CUST_0431,PROD_078,Basic Item 078,Beauty,3,161.85,485.54,2023-12-07,Peshawar,0.0,Organic
ORD_00379,CUST_0431,PROD_007,Pro Widget 007,Toys,2,425.93,817.08,2023-12-07,Peshawar,34.78,Organic
ORD_00379,CUST_0431,PROD_052,Elite Gadget 052,Sports,2,78.67,157.34,2023-12-07,Peshawar,0.0,Organic
ORD_00380,CUST_0043,PROD_017,Pro Gadget 017,Home & Kitchen,4,205.63,822.51,2023-04-24,Lahore,0.0,Email
ORD_00380,CUST_0043,PROD_062,Smart Widget 062,Electronics,2,419.51,630.92,2023-04-24,Lahore,208.1,Email
ORD_00381,CUST_0410,PROD_048,Smart Device 048,Clothing,2,285.63,571.26,2023-10-16,Karachi,0.0,Instagram
ORD_00381,CUST_0410,PROD_074,Smart Gadget 074,Sports,2,243.55,487.09,2023-10-16,Karachi,0.0,Instagram
ORD_00382,CUST_0286,PROD_012,Elite Widget 012,Sports,4,135.11,513.1,2024-10-24,Multan,27.36,Google Ads
ORD_00382,CUST_0286,PROD_052,Elite Gadget 052,Sports,4,77.83,311.34,2024-10-24,Multan,0.0,Google Ads
ORD_00382,CUST_0286,PROD_048,Smart Device 048,Clothing,2,351.71,703.42,2024-10-24,Multan,0.0,Google Ads
ORD_00382,CUST_0286,PROD_068,Basic Widget 068,Sports,4,411.02,1236.06,2024-10-24,Multan,408.03,Google Ads
ORD_00382,CUST_0286,PROD_064,Basic Tool 064,Electronics,1,80.68,80.68,2024-10-24,Multan,0.0,Google Ads
ORD_00383,CUST_0485,PROD_064,Basic Tool 064,Electronics,4,77.26,253.4,2025-06-01,Islamabad,55.63,Referral
ORD_00383,CUST_0485,PROD_037,Basic Device 037,Toys,2,446.9,893.8,2025-06-01,Islamabad,0.0,Referral
ORD_00383,CUST_0485,PROD_019,Smart Gadget 019,Clothing,1,216.66,216.66,2025-06-01,Islamabad,0.0,Referral
ORD_00384,CUST_0317,PROD_059,Pro Tool 059,Clothing,1,352.61,352.61,2024-04-06,Islamabad,0.0,Email
ORD_00384,CUST_0317,PROD_042,Premium Device 042,Toys,4,76.97,242.45,2024-04-06,Islamabad,65.44,Email
ORD_00385,CUST_0377,PROD_072,Premium Device 072,Electronics,1,279.79,240.26,2024-09-03,Karachi,39.53,Organic
ORD_00385,CUST_0377,PROD_046,Pro Tool 046,Sports,1,185.48,185.48,2024-09-03,Karachi,0.0,Organic
ORD_00385,CUST_0377,PROD_049,Premium Widget 049,Books,3,380.22,1095.4,2024-09-03,Karachi,45.25,Organic
ORD_00386,CUST_0457,PROD_034,Premium Item 034,Sports,2,383.93,565.64,2024-07-26,Faisalabad,202.23,Google Ads
ORD_00387,CUST_0068,PROD_056,Premium Widget 056,Electronics,2,187.41,374.83,2023-04-02,Multan,0.0,Email
ORD_00387,CUST_0068,PROD_017,Pro Gadget 017,Home & Kitchen,4,211.45,656.04,2023-04-02,Multan,189.75,Email
ORD_00387,CUST_0068,PROD_056,Premium Widget 056,Electronics,3,240.68,722.03,2023-04-02,Multan,0.0,Email
ORD_00388,CUST_0425,PROD_056,Premium Widget 056,Electronics,2,191.99,296.0,2025-02-18,Faisalabad,87.97,Facebook
ORD_00388,CUST_0425,PROD_020,Pro Device 020,Clothing,4,283.72,1134.89,2025-02-18,Faisalabad,0.0,Facebook
ORD_00388,CUST_0425,PROD_030,Smart Tool 030,Sports,2,108.46,216.93,2025-02-18,Faisalabad,0.0,Facebook
ORD_00389,CUST_0362,PROD_006,Smart Tool 006,Clothing,4,216.9,741.32,2024-04-23,Karachi,126.29,Instagram
ORD_00389,CUST_0362,PROD_064,Basic Tool 064,Electronics,1,103.21,99.38,2024-04-23,Karachi,3.83,Instagram
ORD_00389,CUST_0362,PROD_012,Elite Widget 012,Sports,2,176.29,352.58,2024-04-23,Karachi,0.0,Instagram
ORD_00389,CUST_0362,PROD_022,Pro Tool 022,Home & Kitchen,3,43.5,122.19,2024-04-23,Karachi,8.32,Instagram
ORD_00390,CUST_0498,PROD_024,Elite Tool 024,Clothing,4,163.3,653.19,2023-01-05,Peshawar,0.0,Email
ORD_00390,CUST_0498,PROD_064,Basic Tool 064,Electronics,1,104.72,104.72,2023-01-05,Peshawar,0.0,Email
ORD_00390,CUST_0498,PROD_016,Premium Tool 016,Home & Kitchen,4,220.43,853.65,2023-01-05,Peshawar,28.06,Email
ORD_00390,CUST_0498,PROD_042,Premium Device 042,Toys,2,58.12,116.25,2023-01-05,Peshawar,0.0,Email
ORD_00390,CUST_0498,PROD_062,Smart Widget 062,Electronics,4,487.74,1950.96,2023-01-05,Peshawar,0.0,Email
ORD_00391,CUST_0337,PROD_080,Smart Widget 080,Electronics,4,254.29,793.08,2023-01-06,Karachi,224.08,Referral
ORD_00391,CUST_0337,PROD_073,Basic Tool 073,Electronics,2,416.96,833.92,2023-01-06,Karachi,0.0,Referral
ORD_00391,CUST_0337,PROD_037,Basic Device 037,Toys,3,517.09,1296.63,2023-01-06,Karachi,254.63,Referral
ORD_00392,CUST_0309,PROD_023,Smart Item 023,Clothing,2,392.76,764.5,2024-01-26,Rawalpindi,21.02,Facebook
ORD_00393,CUST_0437,PROD_037,Basic Device 037,Toys,2,391.88,783.76,2023-08-02,Rawalpindi,0.0,Instagram
ORD_00393,CUST_0437,PROD_056,Premium Widget 056,Electronics,3,240.75,644.46,2023-08-02,Rawalpindi,77.8,Instagram
ORD_00394,CUST_0050,PROD_063,Basic Gadget 063,Beauty,4,286.19,1144.75,2025-05-02,Faisalabad,0.0,Google Ads
ORD_00394,CUST_0050,PROD_073,Basic Tool 073,Electronics,4,394.12,1576.46,2025-05-02,Faisalabad,0.0,Google Ads
ORD_00394,CUST_0050,PROD_048,Smart Device 048,Clothing,2,290.48,580.95,2025-05-02,Faisalabad,0.0,Google Ads
ORD_00395,CUST_0021,PROD_029,Elite Device 029,Electronics,2,232.74,465.48,2024-06-09,Rawalpindi,0.0,Referral
ORD_00395,CUST_0021,PROD_068,Basic Widget 068,Sports,1,339.49,339.49,2024-06-09,Rawalpindi,0.0,Referral
ORD_00395,CUST_0021,PROD_062,Smart Widget 062,Electronics,3,398.71,1196.14,2024-06-09,Rawalpindi,0.0,Referral
ORD_00396,CUST_0463,PROD_038,Premium Device 038,Home & Kitchen,1,254.51,215.31,2023-11-04,Faisalabad,39.2,Instagram
ORD_00396,CUST_0463,PROD_066,Elite Item 066,Beauty,4,339.11,1356.43,2023-11-04,Faisalabad,0.0,Instagram
ORD_00397,CUST_0369,PROD_075,Smart Widget 075,Beauty,1,367.8,367.8,2024-08-05,Islamabad,0.0,Facebook
ORD_00397,CUST_0369,PROD_060,Premium Tool 060,Toys,2,481.52,949.96,2024-08-05,Islamabad,13.08,Facebook
ORD_00397,CUST_0369,PROD_054,Elite Tool 054,Clothing,3,52.04,120.64,2024-08-05,Islamabad,35.47,Facebook
ORD_00398,CUST_0231,PROD_028,Premium Widget 028,Clothing,2,263.89,486.72,2024-09-30,Islamabad,41.06,Google Ads
ORD_00398,CUST_0231,PROD_014,Premium Widget 014,Books,4,123.34,493.37,2024-09-30,Islamabad,0.0,Google Ads
ORD_00398,CUST_0231,PROD_015,Pro Widget 015,Toys,1,107.78,107.78,2024-09-30,Islamabad,0.0,Google Ads
ORD_00399,CUST_0355,PROD_039,Premium Item 039,Toys,3,436.23,1043.65,2024-02-19,Multan,265.05,Instagram
ORD_00399,CUST_0355,PROD_039,Premium Item 039,Toys,1,344.54,344.54,2024-02-19,Multan,0.0,Instagram
ORD_00399,CUST_0355,PROD_015,Pro Widget 015,Toys,1,133.8,133.8,2024-02-19,Multan,0.0,Instagram
ORD_00399,CUST_0355,PROD_004,Premium Widget 004,Clothing,2,123.06,246.13,2024-02-19,Multan,0.0,Instagram
ORD_00399,CUST_0355,PROD_031,Smart Widget 031,Books,4,412.84,1384.55,2024-02-19,Multan,266.82,Instagram
ORD_00400,CUST_0045,PROD_055,Elite Item 055,Beauty,1,179.0,139.33,2023-11-05,Lahore,39.67,Instagram
ORD_00400,CUST_0045,PROD_057,Pro Widget 057,Clothing,4,102.7,338.66,2023-11-05,Lahore,72.12,Instagram
ORD_00400,CUST_0045,PROD_026,Smart Tool 026,Sports,3,211.42,624.58,2023-11-05,Lahore,9.69,Instagram
ORD_00400,CUST_0045,PROD_002,Basic Gadget 002,Books,1,63.36,44.74,2023-11-05,Lahore,18.62,Instagram
ORD_00401,CUST_0435,PROD_071,Premium Device 071,Electronics,3,348.05,1044.16,2024-05-22,Faisalabad,0.0,Referral
ORD_00401,CUST_0435,PROD_066,Elite Item 066,Beauty,4,313.65,1254.62,2024-05-22,Faisalabad,0.0,Referral
ORD_00401,CUST_0435,PROD_003,Smart Widget 003,Sports,4,223.36,893.46,2024-05-22,Faisalabad,0.0,Referral
ORD_00401,CUST_0435,PROD_035,Smart Widget 035,Toys,4,365.65,1462.6,2024-05-22,Faisalabad,0.0,Referral
ORD_00401,CUST_0435,PROD_080,Smart Widget 080,Electronics,3,267.79,803.36,2024-05-22,Faisalabad,0.0,Referral
ORD_00402,CUST_0083,PROD_057,Pro Widget 057,Clothing,2,104.2,208.39,2023-10-22,Rawalpindi,0.0,Facebook
ORD_00402,CUST_0083,PROD_044,Smart Tool 044,Clothing,4,396.54,1586.16,2023-10-22,Rawalpindi,0.0,Facebook
ORD_00403,CUST_0365,PROD_047,Basic Gadget 047,Electronics,4,196.72,640.09,2024-02-04,Peshawar,146.8,Referral
ORD_00403,CUST_0365,PROD_037,Basic Device 037,Toys,1,492.86,492.86,2024-02-04,Peshawar,0.0,Referral
ORD_00403,CUST_0365,PROD_026,Smart Tool 026,Sports,2,214.41,428.82,2024-02-04,Peshawar,0.0,Referral
ORD_00403,CUST_0365,PROD_054,Elite Tool 054,Clothing,4,51.8,207.22,2024-02-04,Peshawar,0.0,Referral
ORD_00404,CUST_0025,PROD_021,Premium Gadget 021,Toys,2,29.11,57.65,2023-01-19,Islamabad,0.56,Facebook
ORD_00404,CUST_0025,PROD_009,Pro Widget 009,Electronics,3,190.72,551.43,2023-01-19,Islamabad,20.72,Facebook
ORD_00404,CUST_0025,PROD_029,Elite Device 029,Electronics,4,179.31,717.23,2023-01-19,Islamabad,0.0,Facebook
ORD_00405,CUST_0182,PROD_035,Smart Widget 035,Toys,2,361.13,591.31,2025-02-26,Peshawar,130.94,Email
ORD_00406,CUST_0054,PROD_015,Pro Widget 015,Toys,1,138.05,102.5,2024-12-24,Rawalpindi,35.55,Instagram
ORD_00407,CUST_0053,PROD_014,Premium Widget 014,Books,2,127.99,186.03,2025-04-23,Karachi,69.96,Email
ORD_00407,CUST_0053,PROD_021,Premium Gadget 021,Toys,3,27.87,71.12,2025-04-23,Karachi,12.5,Email
ORD_00407,CUST_0053,PROD_013,Smart Item 013,Sports,2,110.35,220.7,2025-04-23,Karachi,0.0,Email
ORD_00407,CUST_0053,PROD_018,Pro Widget 018,Sports,1,365.92,365.92,2025-04-23,Karachi,0.0,Email
ORD_00407,CUST_0053,PROD_054,Elite Tool 054,Clothing,1,50.49,45.32,2025-04-23,Karachi,5.17,Email
ORD_00408,CUST_0259,PROD_054,Elite Tool 054,Clothing,3,59.13,177.39,2023-06-25,Islamabad,0.0,Facebook
ORD_00409,CUST_0386,PROD_018,Pro Widget 018,Sports,4,310.02,1240.07,2025-02-10,Rawalpindi,0.0,Google Ads
ORD_00409,CUST_0386,PROD_059,Pro Tool 059,Clothing,3,516.33,1549.0,2025-02-10,Rawalpindi,0.0,Google Ads
ORD_00409,CUST_0386,PROD_002,Basic Gadget 002,Books,1,50.22,50.22,2025-02-10,Rawalpindi,0.0,Google Ads
ORD_00409,CUST_0386,PROD_022,Pro Tool 022,Home & Kitchen,4,34.99,112.23,2025-02-10,Rawalpindi,27.72,Google Ads
ORD_00409,CUST_0386,PROD_020,Pro Device 020,Clothing,1,411.48,312.84,2025-02-10,Rawalpindi,98.64,Google Ads
ORD_00410,CUST_0449,PROD_071,Premium Device 071,Electronics,3,465.02,1395.05,2024-06-16,Rawalpindi,0.0,Instagram
ORD_00410,CUST_0449,PROD_045,Basic Item 045,Beauty,1,562.71,459.67,2024-06-16,Rawalpindi,103.04,Instagram
ORD_00410,CUST_0449,PROD_019,Smart Gadget 019,Clothing,4,231.42,925.68,2024-06-16,Rawalpindi,0.0,Instagram
ORD_00411,CUST_0279,PROD_045,Basic Item 045,Beauty,4,552.44,2153.88,2024-10-01,Multan,55.87,Instagram
ORD_00411,CUST_0279,PROD_069,Premium Item 069,Electronics,3,33.05,72.98,2024-10-01,Multan,26.17,Instagram
ORD_00411,CUST_0279,PROD_067,Smart Tool 067,Clothing,3,91.25,273.75,2024-10-01,Multan,0.0,Instagram
ORD_00411,CUST_0279,PROD_040,Basic Widget 040,Clothing,3,485.48,1456.45,2024-10-01,Multan,0.0,Instagram
ORD_00411,CUST_0279,PROD_004,Premium Widget 004,Clothing,3,111.17,260.82,2024-10-01,Multan,72.69,Instagram
ORD_00412,CUST_0259,PROD_034,Premium Item 034,Sports,3,325.67,701.11,2023-04-24,Peshawar,275.91,Facebook
ORD_00413,CUST_0230,PROD_059,Pro Tool 059,Clothing,3,523.21,1103.92,2023-11-02,Multan,465.71,Organic
ORD_00413,CUST_0230,PROD_073,Basic Tool 073,Electronics,2,443.16,886.32,2023-11-02,Multan,0.0,Organic
ORD_00413,CUST_0230,PROD_074,Smart Gadget 074,Sports,2,327.14,654.29,2023-11-02,Multan,0.0,Organic
ORD_00413,CUST_0230,PROD_032,Smart Item 032,Toys,1,301.75,301.75,2023-11-02,Multan,0.0,Organic
ORD_00413,CUST_0230,PROD_047,Basic Gadget 047,Electronics,4,147.41,443.1,2023-11-02,Multan,146.55,Organic
ORD_00414,CUST_0042,PROD_061,Smart Widget 061,Electronics,2,322.45,644.91,2023-04-05,Rawalpindi,0.0,Google Ads
ORD_00415,CUST_0270,PROD_051,Premium Device 051,Clothing,3,151.39,318.4,2024-02-17,Faisalabad,135.77,Email
ORD_00415,CUST_0270,PROD_063,Basic Gadget 063,Beauty,4,280.08,1120.31,2024-02-17,Faisalabad,0.0,Email
ORD_00415,CUST_0270,PROD_017,Pro Gadget 017,Home & Kitchen,4,199.63,798.51,2024-02-17,Faisalabad,0.0,Email
ORD_00415,CUST_0270,PROD_066,Elite Item 066,Beauty,1,378.66,378.66,2024-02-17,Faisalabad,0.0,Email
ORD_00415,CUST_0270,PROD_005,Smart Widget 005,Sports,2,126.51,253.03,2024-02-17,Faisalabad,0.0,Email
ORD_00416,CUST_0488,PROD_015,Pro Widget 015,Toys,1,117.6,117.6,2023-05-02,Peshawar,0.0,Instagram
ORD_00416,CUST_0488,PROD_067,Smart Tool 067,Clothing,2,87.29,174.59,2023-05-02,Peshawar,0.0,Instagram
ORD_00416,CUST_0488,PROD_048,Smart Device 048,Clothing,3,273.75,821.26,2023-05-02,Peshawar,0.0,Instagram
ORD_00416,CUST_0488,PROD_019,Smart Gadget 019,Clothing,2,263.36,526.72,2023-05-02,Peshawar,0.0,Instagram
ORD_00416,CUST_0488,PROD_040,Basic Widget 040,Clothing,3,390.14,998.78,2023-05-02,Peshawar,171.63,Instagram
ORD_00417,CUST_0063,PROD_054,Elite Tool 054,Clothing,4,57.86,231.45,2024-07-14,Karachi,0.0,Organic
ORD_00417,CUST_0063,PROD_044,Smart Tool 044,Clothing,4,460.56,1507.48,2024-07-14,Karachi,334.76,Organic
ORD_00417,CUST_0063,PROD_018,Pro Widget 018,Sports,4,354.75,1355.6,2024-07-14,Karachi,63.42,Organic
ORD_00418,CUST_0373,PROD_080,Smart Widget 080,Electronics,4,261.11,938.2,2023-11-30,Peshawar,106.22,Email
ORD_00419,CUST_0024,PROD_012,Elite Widget 012,Sports,2,166.4,332.79,2024-11-17,Multan,0.0,Facebook
ORD_00419,CUST_0024,PROD_040,Basic Widget 040,Clothing,1,465.56,465.56,2024-11-17,Multan,0.0,Facebook
ORD_00419,CUST_0024,PROD_080,Smart Widget 080,Electronics,1,323.46,323.46,2024-11-17,Multan,0.0,Facebook
ORD_00419,CUST_0024,PROD_061,Smart Widget 061,Electronics,1,279.5,264.43,2024-11-17,Multan,15.07,Facebook
ORD_00420,CUST_0010,PROD_075,Smart Widget 075,Beauty,4,276.93,1107.73,2023-10-09,Lahore,0.0,Referral
ORD_00420,CUST_0010,PROD_042,Premium Device 042,Toys,4,74.17,296.67,2023-10-09,Lahore,0.0,Referral
ORD_00421,CUST_0479,PROD_054,Elite Tool 054,Clothing,1,64.31,64.31,2023-01-24,Rawalpindi,0.0,Google Ads
ORD_00421,CUST_0479,PROD_033,Premium Item 033,Beauty,1,74.01,74.01,2023-01-24,Rawalpindi,0.0,Google Ads
ORD_00421,CUST_0479,PROD_022,Pro Tool 022,Home & Kitchen,3,36.39,109.17,2023-01-24,Rawalpindi,0.0,Google Ads
ORD_00422,CUST_0046,PROD_022,Pro Tool 022,Home & Kitchen,1,44.37,44.37,2023-06-07,Rawalpindi,0.0,Referral
ORD_00422,CUST_0046,PROD_004,Premium Widget 004,Clothing,1,113.98,113.98,2023-06-07,Rawalpindi,0.0,Referral
ORD_00422,CUST_0046,PROD_019,Smart Gadget 019,Clothing,4,273.69,1094.76,2023-06-07,Rawalpindi,0.0,Referral
ORD_00423,CUST_0483,PROD_031,Smart Widget 031,Books,2,362.13,640.6,2025-04-27,Karachi,83.66,Google Ads
ORD_00424,CUST_0059,PROD_071,Premium Device 071,Electronics,4,352.91,1411.65,2023-10-03,Islamabad,0.0,Instagram
ORD_00425,CUST_0325,PROD_076,Smart Device 076,Home & Kitchen,1,420.52,420.52,2023-08-28,Islamabad,0.0,Email
ORD_00426,CUST_0403,PROD_058,Smart Tool 058,Clothing,1,246.74,246.74,2023-05-09,Faisalabad,0.0,Instagram
ORD_00426,CUST_0403,PROD_019,Smart Gadget 019,Clothing,3,240.34,721.01,2023-05-09,Faisalabad,0.0,Instagram
ORD_00426,CUST_0403,PROD_032,Smart Item 032,Toys,4,383.87,1535.5,2023-05-09,Faisalabad,0.0,Instagram
ORD_00427,CUST_0022,PROD_038,Premium Device 038,Home & Kitchen,2,199.59,341.44,2023-01-02,Peshawar,57.74,Email
ORD_00427,CUST_0022,PROD_077,Basic Item 077,Clothing,3,159.18,477.55,2023-01-02,Peshawar,0.0,Email
ORD_00427,CUST_0022,PROD_045,Basic Item 045,Beauty,2,514.57,1029.14,2023-01-02,Peshawar,0.0,Email
ORD_00427,CUST_0022,PROD_006,Smart Tool 006,Clothing,2,252.13,504.25,2023-01-02,Peshawar,0.0,Email
ORD_00428,CUST_0154,PROD_018,Pro Widget 018,Sports,3,369.73,1109.2,2023-04-02,Multan,0.0,Organic
ORD_00428,CUST_0154,PROD_065,Premium Tool 065,Home & Kitchen,3,535.25,1299.76,2023-04-02,Multan,305.98,Organic
ORD_00428,CUST_0154,PROD_058,Smart Tool 058,Clothing,3,194.7,524.23,2023-04-02,Multan,59.86,Organic
ORD_00428,CUST_0154,PROD_059,Pro Tool 059,Clothing,3,353.58,855.03,2023-04-02,Multan,205.72,Organic
ORD_00429,CUST_0002,PROD_023,Smart Item 023,Clothing,4,338.55,1155.55,2024-09-15,Karachi,198.65,Organic
ORD_00429,CUST_0002,PROD_051,Premium Device 051,Clothing,1,163.28,159.48,2024-09-15,Karachi,3.8,Organic
ORD_00429,CUST_0002,PROD_004,Premium Widget 004,Clothing,4,132.54,530.17,2024-09-15,Karachi,0.0,Organic
ORD_00429,CUST_0002,PROD_049,Premium Widget 049,Books,3,304.78,691.64,2024-09-15,Karachi,222.7,Organic
ORD_00430,CUST_0005,PROD_057,Pro Widget 057,Clothing,1,92.31,92.31,2023-05-08,Islamabad,0.0,Google Ads
ORD_00430,CUST_0005,PROD_036,Smart Device 036,Clothing,3,74.41,181.37,2023-05-08,Islamabad,41.87,Google Ads
ORD_00430,CUST_0005,PROD_029,Elite Device 029,Electronics,2,236.67,468.11,2023-05-08,Islamabad,5.23,Google Ads
ORD_00430,CUST_0005,PROD_064,Basic Tool 064,Electronics,2,72.79,117.71,2023-05-08,Islamabad,27.88,Google Ads
ORD_00431,CUST_0057,PROD_064,Basic Tool 064,Electronics,2,92.55,153.69,2025-06-09,Faisalabad,31.41,Email
ORD_00431,CUST_0057,PROD_078,Basic Item 078,Beauty,2,136.26,272.51,2025-06-09,Faisalabad,0.0,Email
ORD_00431,CUST_0057,PROD_009,Pro Widget 009,Electronics,2,177.3,354.6,2025-06-09,Faisalabad,0.0,Email
ORD_00432,CUST_0117,PROD_025,Basic Device 025,Sports,1,166.04,139.49,2025-06-21,Multan,26.55,Facebook
ORD_00432,CUST_0117,PROD_033,Premium Item 033,Beauty,4,70.07,280.27,2025-06-21,Multan,0.0,Facebook
ORD_00432,CUST_0117,PROD_007,Pro Widget 007,Toys,3,393.93,1084.63,2025-06-21,Multan,97.15,Facebook
ORD_00432,CUST_0117,PROD_067,Smart Tool 067,Clothing,4,102.87,411.47,2025-06-21,Multan,0.0,Facebook
ORD_00432,CUST_0117,PROD_006,Smart Tool 006,Clothing,2,188.41,316.63,2025-06-21,Multan,60.19,Facebook
ORD_00433,CUST_0162,PROD_011,Premium Tool 011,Sports,1,85.11,85.11,2023-01-06,Lahore,0.0,Facebook
ORD_00433,CUST_0162,PROD_055,Elite Item 055,Beauty,1,246.71,246.71,2023-01-06,Lahore,0.0,Facebook
ORD_00433,CUST_0162,PROD_043,Elite Device 043,Clothing,3,115.42,343.36,2023-01-06,Lahore,2.9,Facebook
ORD_00433,CUST_0162,PROD_056,Premium Widget 056,Electronics,1,214.95,193.39,2023-01-06,Lahore,21.56,Facebook
ORD_00434,CUST_0129,PROD_044,Smart Tool 044,Clothing,1,525.02,525.02,2023-09-11,Rawalpindi,0.0,Google Ads
ORD_00435,CUST_0122,PROD_013,Smart Item 013,Sports,4,107.51,430.04,2023-03-16,Faisalabad,0.0,Instagram
ORD_00435,CUST_0122,PROD_008,Elite Item 008,Home & Kitchen,1,81.95,64.9,2023-03-16,Faisalabad,17.05,Instagram
ORD_00435,CUST_0122,PROD_017,Pro Gadget 017,Home & Kitchen,1,214.94,214.94,2023-03-16,Faisalabad,0.0,Instagram
ORD_00435,CUST_0122,PROD_039,Premium Item 039,Toys,4,334.92,1114.92,2023-03-16,Faisalabad,224.77,Instagram
ORD_00435,CUST_0122,PROD_038,Premium Device 038,Home & Kitchen,4,239.61,840.23,2023-03-16,Faisalabad,118.21,Instagram
ORD_00436,CUST_0443,PROD_050,Basic Widget 050,Electronics,4,482.13,1570.27,2024-09-05,Karachi,358.26,Instagram
ORD_00436,CUST_0443,PROD_044,Smart Tool 044,Clothing,1,456.63,456.63,2024-09-05,Karachi,0.0,Instagram
ORD_00436,CUST_0443,PROD_025,Basic Device 025,Sports,1,116.69,116.69,2024-09-05,Karachi,0.0,Instagram
ORD_00436,CUST_0443,PROD_009,Pro Widget 009,Electronics,2,227.89,455.78,2024-09-05,Karachi,0.0,Instagram
ORD_00436,CUST_0443,PROD_066,Elite Item 066,Beauty,3,331.01,993.02,2024-09-05,Karachi,0.0,Instagram
ORD_00437,CUST_0318,PROD_006,Smart Tool 006,Clothing,1,195.84,195.84,2024-03-31,Lahore,0.0,Google Ads
ORD_00437,CUST_0318,PROD_066,Elite Item 066,Beauty,3,324.8,747.7,2024-03-31,Lahore,226.69,Google Ads
ORD_00438,CUST_0076,PROD_038,Premium Device 038,Home & Kitchen,3,296.34,889.01,2024-04-25,Faisalabad,0.0,Facebook
ORD_00438,CUST_0076,PROD_019,Smart Gadget 019,Clothing,1,211.67,176.15,2024-04-25,Faisalabad,35.52,Facebook
ORD_00438,CUST_0076,PROD_007,Pro Widget 007,Toys,4,379.56,1226.48,2024-04-25,Faisalabad,291.75,Facebook
ORD_00439,CUST_0104,PROD_061,Smart Widget 061,Electronics,4,342.7,1370.8,2025-03-15,Islamabad,0.0,Google Ads
ORD_00440,CUST_0297,PROD_054,Elite Tool 054,Clothing,3,48.63,145.88,2024-08-02,Faisalabad,0.0,Facebook
ORD_00440,CUST_0297,PROD_006,Smart Tool 006,Clothing,4,204.28,817.13,2024-08-02,Faisalabad,0.0,Facebook
ORD_00440,CUST_0297,PROD_029,Elite Device 029,Electronics,2,195.88,391.76,2024-08-02,Faisalabad,0.0,Facebook
ORD_00441,CUST_0247,PROD_049,Premium Widget 049,Books,2,306.51,611.78,2025-01-22,Peshawar,1.24,Referral
ORD_00441,CUST_0247,PROD_002,Basic Gadget 002,Books,1,56.8,56.8,2025-01-22,Peshawar,0.0,Referral
ORD_00441,CUST_0247,PROD_019,Smart Gadget 019,Clothing,3,230.87,502.97,2025-01-22,Peshawar,189.65,Referral
ORD_00442,CUST_0185,PROD_037,Basic Device 037,Toys,2,410.05,820.1,2023-02-14,Lahore,0.0,Google Ads
ORD_00443,CUST_0090,PROD_026,Smart Tool 026,Sports,1,179.06,179.06,2023-12-14,Lahore,0.0,Google Ads
ORD_00443,CUST_0090,PROD_013,Smart Item 013,Sports,1,118.04,118.04,2023-12-14,Lahore,0.0,Google Ads
ORD_00443,CUST_0090,PROD_015,Pro Widget 015,Toys,3,145.71,437.14,2023-12-14,Lahore,0.0,Google Ads
ORD_00443,CUST_0090,PROD_031,Smart Widget 031,Books,3,408.11,878.64,2023-12-14,Lahore,345.68,Google Ads
ORD_00443,CUST_0090,PROD_080,Smart Widget 080,Electronics,4,314.83,1259.31,2023-12-14,Lahore,0.0,Google Ads
ORD_00444,CUST_0074,PROD_025,Basic Device 025,Sports,4,149.53,598.1,2025-06-22,Peshawar,0.0,Google Ads
ORD_00444,CUST_0074,PROD_055,Elite Item 055,Beauty,2,247.05,407.04,2025-06-22,Peshawar,87.06,Google Ads
ORD_00445,CUST_0438,PROD_042,Premium Device 042,Toys,2,58.82,86.83,2024-07-02,Peshawar,30.81,Google Ads
ORD_00445,CUST_0438,PROD_066,Elite Item 066,Beauty,4,310.47,1241.87,2024-07-02,Peshawar,0.0,Google Ads
ORD_00445,CUST_0438,PROD_061,Smart Widget 061,Electronics,1,285.71,285.71,2024-07-02,Peshawar,0.0,Google Ads
ORD_00446,CUST_0452,PROD_067,Smart Tool 067,Clothing,4,89.82,302.63,2024-10-22,Islamabad,56.64,Instagram
ORD_00446,CUST_0452,PROD_062,Smart Widget 062,Electronics,4,459.05,1836.2,2024-10-22,Islamabad,0.0,Instagram
ORD_00446,CUST_0452,PROD_075,Smart Widget 075,Beauty,1,293.21,253.44,2024-10-22,Islamabad,39.77,Instagram
ORD_00446,CUST_0452,PROD_031,Smart Widget 031,Books,4,322.27,1289.09,2024-10-22,Islamabad,0.0,Instagram
ORD_00446,CUST_0452,PROD_049,Premium Widget 049,Books,2,374.85,749.7,2024-10-22,Islamabad,0.0,Instagram
ORD_00447,CUST_0282,PROD_038,Premium Device 038,Home & Kitchen,4,251.3,1005.19,2023-03-28,Peshawar,0.0,Organic
ORD_00447,CUST_0282,PROD_006,Smart Tool 006,Clothing,4,231.24,924.95,2023-03-28,Peshawar,0.0,Organic
ORD_00448,CUST_0231,PROD_064,Basic Tool 064,Electronics,3,82.44,247.31,2024-04-23,Rawalpindi,0.0,Facebook
ORD_00448,CUST_0231,PROD_057,Pro Widget 057,Clothing,2,94.14,188.28,2024-04-23,Rawalpindi,0.0,Facebook
ORD_00448,CUST_0231,PROD_011,Premium Tool 011,Sports,3,80.91,242.74,2024-04-23,Rawalpindi,0.0,Facebook
ORD_00448,CUST_0231,PROD_011,Premium Tool 011,Sports,3,83.3,249.91,2024-04-23,Rawalpindi,0.0,Facebook
ORD_00449,CUST_0037,PROD_043,Elite Device 043,Clothing,2,149.68,299.36,2024-01-04,Faisalabad,0.0,Google Ads
ORD_00450,CUST_0382,PROD_078,Basic Item 078,Beauty,2,197.81,307.81,2025-04-15,Lahore,87.81,Referral
ORD_00450,CUST_0382,PROD_034,Premium Item 034,Sports,1,424.77,424.77,2025-04-15,Lahore,0.0,Referral
ORD_00450,CUST_0382,PROD_045,Basic Item 045,Beauty,4,586.36,1812.21,2025-04-15,Lahore,533.22,Referral
ORD_00451,CUST_0007,PROD_051,Premium Device 051,Clothing,2,130.45,223.77,2024-04-28,Peshawar,37.14,Google Ads
ORD_00451,CUST_0007,PROD_067,Smart Tool 067,Clothing,4,112.22,448.89,2024-04-28,Peshawar,0.0,Google Ads
ORD_00451,CUST_0007,PROD_011,Premium Tool 011,Sports,3,81.0,243.01,2024-04-28,Peshawar,0.0,Google Ads
ORD_00451,CUST_0007,PROD_054,Elite Tool 054,Clothing,2,54.84,108.69,2024-04-28,Peshawar,0.99,Google Ads
ORD_00451,CUST_0007,PROD_018,Pro Widget 018,Sports,2,296.16,503.52,2024-04-28,Peshawar,88.81,Google Ads
ORD_00452,CUST_0338,PROD_054,Elite Tool 054,Clothing,4,60.4,241.59,2025-05-04,Islamabad,0.0,Google Ads
ORD_00452,CUST_0338,PROD_069,Premium Item 069,Electronics,3,32.17,96.5,2025-05-04,Islamabad,0.0,Google Ads
ORD_00452,CUST_0338,PROD_005,Smart Widget 005,Sports,2,92.55,166.76,2025-05-04,Islamabad,18.34,Google Ads
ORD_00453,CUST_0323,PROD_051,Premium Device 051,Clothing,4,129.12,516.49,2025-03-29,Faisalabad,0.0,Email
ORD_00453,CUST_0323,PROD_069,Premium Item 069,Electronics,4,30.26,121.04,2025-03-29,Faisalabad,0.0,Email
ORD_00453,CUST_0323,PROD_073,Basic Tool 073,Electronics,4,497.59,1990.36,2025-03-29,Faisalabad,0.0,Email
ORD_00453,CUST_0323,PROD_022,Pro Tool 022,Home & Kitchen,1,45.4,45.4,2025-03-29,Faisalabad,0.0,Email
ORD_00453,CUST_0323,PROD_078,Basic Item 078,Beauty,4,133.71,534.86,2025-03-29,Faisalabad,0.0,Email
ORD_00454,CUST_0467,PROD_038,Premium Device 038,Home & Kitchen,1,244.9,244.9,2024-01-31,Lahore,0.0,Google Ads
ORD_00454,CUST_0467,PROD_002,Basic Gadget 002,Books,2,56.05,98.94,2024-01-31,Lahore,13.15,Google Ads
ORD_00454,CUST_0467,PROD_015,Pro Widget 015,Toys,2,125.88,251.76,2024-01-31,Lahore,0.0,Google Ads
ORD_00455,CUST_0036,PROD_040,Basic Widget 040,Clothing,4,496.2,1890.25,2024-02-03,Lahore,94.54,Google Ads
ORD_00455,CUST_0036,PROD_074,Smart Gadget 074,Sports,3,311.85,935.56,2024-02-03,Lahore,0.0,Google Ads
ORD_00456,CUST_0351,PROD_019,Smart Gadget 019,Clothing,4,195.26,781.04,2024-04-14,Lahore,0.0,Organic
ORD_00456,CUST_0351,PROD_032,Smart Item 032,Toys,3,377.26,975.52,2024-04-14,Lahore,156.25,Organic
ORD_00456,CUST_0351,PROD_074,Smart Gadget 074,Sports,1,329.91,329.91,2024-04-14,Lahore,0.0,Organic
ORD_00457,CUST_0452,PROD_039,Premium Item 039,Toys,4,423.64,1605.55,2024-04-12,Multan,89.03,Referral
ORD_00457,CUST_0452,PROD_032,Smart Item 032,Toys,2,375.92,648.57,2024-04-12,Multan,103.26,Referral
ORD_00457,CUST_0452,PROD_024,Elite Tool 024,Clothing,1,133.84,124.22,2024-04-12,Multan,9.62,Referral
ORD_00458,CUST_0446,PROD_038,Premium Device 038,Home & Kitchen,1,269.18,251.64,2023-06-11,Multan,17.54,Email
ORD_00458,CUST_0446,PROD_064,Basic Tool 064,Electronics,4,108.53,434.11,2023-06-11,Multan,0.0,Email
ORD_00458,CUST_0446,PROD_048,Smart Device 048,Clothing,1,328.82,328.82,2023-06-11,Multan,0.0,Email
ORD_00459,CUST_0400,PROD_033,Premium Item 033,Beauty,2,87.71,175.42,2023-11-30,Rawalpindi,0.0,Google Ads
ORD_00459,CUST_0400,PROD_010,Pro Item 010,Sports,4,132.98,395.37,2023-11-30,Rawalpindi,136.56,Google Ads
ORD_00459,CUST_0400,PROD_051,Premium Device 051,Clothing,1,117.79,117.79,2023-11-30,Rawalpindi,0.0,Google Ads
ORD_00459,CUST_0400,PROD_018,Pro Widget 018,Sports,3,343.02,1029.05,2023-11-30,Rawalpindi,0.0,Google Ads
ORD_00460,CUST_0237,PROD_032,Smart Item 032,Toys,4,277.44,829.57,2023-03-11,Faisalabad,280.18,Referral
ORD_00461,CUST_0088,PROD_023,Smart Item 023,Clothing,3,281.37,801.46,2025-05-08,Faisalabad,42.66,Organic
ORD_00462,CUST_0344,PROD_020,Pro Device 020,Clothing,4,325.85,1303.4,2025-02-20,Multan,0.0,Facebook
ORD_00463,CUST_0018,PROD_007,Pro Widget 007,Toys,1,387.14,387.14,2024-11-22,Lahore,0.0,Instagram
ORD_00463,CUST_0018,PROD_007,Pro Widget 007,Toys,1,331.76,331.76,2024-11-22,Lahore,0.0,Instagram
ORD_00463,CUST_0018,PROD_026,Smart Tool 026,Sports,2,195.4,390.79,2024-11-22,Lahore,0.0,Instagram
ORD_00463,CUST_0018,PROD_012,Elite Widget 012,Sports,1,148.85,133.8,2024-11-22,Lahore,15.05,Instagram
ORD_00463,CUST_0018,PROD_025,Basic Device 025,Sports,1,123.23,93.77,2024-11-22,Lahore,29.46,Instagram
ORD_00464,CUST_0426,PROD_006,Smart Tool 006,Clothing,4,231.26,835.49,2024-11-11,Multan,89.55,Google Ads
ORD_00464,CUST_0426,PROD_025,Basic Device 025,Sports,2,162.84,325.69,2024-11-11,Multan,0.0,Google Ads
ORD_00465,CUST_0220,PROD_046,Pro Tool 046,Sports,3,201.04,603.13,2023-05-04,Lahore,0.0,Organic
ORD_00465,CUST_0220,PROD_041,Premium Widget 041,Books,1,237.14,237.14,2023-05-04,Lahore,0.0,Organic
ORD_00466,CUST_0034,PROD_048,Smart Device 048,Clothing,1,246.71,246.71,2024-11-04,Multan,0.0,Email
ORD_00466,CUST_0034,PROD_039,Premium Item 039,Toys,4,483.64,1934.58,2024-11-04,Multan,0.0,Email
ORD_00466,CUST_0034,PROD_069,Premium Item 069,Electronics,2,31.14,62.28,2024-11-04,Multan,0.0,Email
ORD_00467,CUST_0167,PROD_018,Pro Widget 018,Sports,3,279.43,665.37,2024-10-08,Multan,172.93,Referral
ORD_00467,CUST_0167,PROD_062,Smart Widget 062,Electronics,1,433.32,357.27,2024-10-08,Multan,76.05,Referral
ORD_00467,CUST_0167,PROD_049,Premium Widget 049,Books,2,319.68,636.8,2024-10-08,Multan,2.55,Referral
ORD_00467,CUST_0167,PROD_003,Smart Widget 003,Sports,1,200.17,154.7,2024-10-08,Multan,45.47,Referral
ORD_00468,CUST_0318,PROD_064,Basic Tool 064,Electronics,3,79.86,239.59,2023-03-23,Lahore,0.0,Facebook
ORD_00469,CUST_0329,PROD_057,Pro Widget 057,Clothing,3,88.68,266.05,2023-02-08,Multan,0.0,Email
ORD_00469,CUST_0329,PROD_006,Smart Tool 006,Clothing,4,243.74,974.95,2023-02-08,Multan,0.0,Email
ORD_00470,CUST_0013,PROD_027,Basic Gadget 027,Sports,1,292.78,270.97,2023-08-23,Islamabad,21.81,Google Ads
ORD_00470,CUST_0013,PROD_029,Elite Device 029,Electronics,4,200.25,800.98,2023-08-23,Islamabad,0.0,Google Ads
ORD_00470,CUST_0013,PROD_001,Premium Widget 001,Books,1,166.18,166.18,2023-08-23,Islamabad,0.0,Google Ads
ORD_00471,CUST_0099,PROD_012,Elite Widget 012,Sports,2,159.35,229.62,2023-02-23,Lahore,89.09,Google Ads
ORD_00471,CUST_0099,PROD_031,Smart Widget 031,Books,1,352.44,352.44,2023-02-23,Lahore,0.0,Google Ads
ORD_00472,CUST_0085,PROD_023,Smart Item 023,Clothing,2,305.08,610.16,2025-01-08,Lahore,0.0,Instagram
ORD_00472,CUST_0085,PROD_026,Smart Tool 026,Sports,3,235.53,706.6,2025-01-08,Lahore,0.0,Instagram
ORD_00473,CUST_0487,PROD_061,Smart Widget 061,Electronics,4,319.36,1111.34,2024-01-04,Rawalpindi,166.1,Google Ads
ORD_00473,CUST_0487,PROD_020,Pro Device 020,Clothing,4,279.11,1116.42,2024-01-04,Rawalpindi,0.0,Google Ads
ORD_00473,CUST_0487,PROD_011,Premium Tool 011,Sports,3,73.87,221.61,2024-01-04,Rawalpindi,0.0,Google Ads
ORD_00473,CUST_0487,PROD_023,Smart Item 023,Clothing,3,315.32,945.97,2024-01-04,Rawalpindi,0.0,Google Ads
ORD_00474,CUST_0146,PROD_010,Pro Item 010,Sports,3,119.33,357.98,2024-01-20,Faisalabad,0.0,Instagram
ORD_00474,CUST_0146,PROD_020,Pro Device 020,Clothing,2,276.95,432.53,2024-01-20,Faisalabad,121.36,Instagram
ORD_00474,CUST_0146,PROD_048,Smart Device 048,Clothing,4,286.95,1147.8,2024-01-20,Faisalabad,0.0,Instagram
ORD_00474,CUST_0146,PROD_051,Premium Device 051,Clothing,3,139.66,418.97,2024-01-20,Faisalabad,0.0,Instagram
ORD_00474,CUST_0146,PROD_076,Smart Device 076,Home & Kitchen,1,450.93,450.93,2024-01-20,Faisalabad,0.0,Instagram
ORD_00475,CUST_0472,PROD_025,Basic Device 025,Sports,4,164.11,508.42,2023-05-08,Faisalabad,148.01,Google Ads
ORD_00475,CUST_0472,PROD_045,Basic Item 045,Beauty,4,524.49,2097.95,2023-05-08,Faisalabad,0.0,Google Ads
ORD_00475,CUST_0472,PROD_008,Elite Item 008,Home & Kitchen,4,100.88,374.19,2023-05-08,Faisalabad,29.34,Google Ads
ORD_00475,CUST_0472,PROD_005,Smart Widget 005,Sports,3,113.06,268.2,2023-05-08,Faisalabad,70.97,Google Ads
ORD_00476,CUST_0331,PROD_019,Smart Gadget 019,Clothing,3,212.61,637.84,2023-06-01,Faisalabad,0.0,Instagram
ORD_00476,CUST_0331,PROD_021,Premium Gadget 021,Toys,1,21.79,21.79,2023-06-01,Faisalabad,0.0,Instagram
ORD_00476,CUST_0331,PROD_050,Basic Widget 050,Electronics,4,466.76,1822.06,2023-06-01,Faisalabad,45.0,Instagram
ORD_00477,CUST_0466,PROD_033,Premium Item 033,Beauty,3,87.52,262.57,2023-07-13,Lahore,0.0,Instagram
ORD_00477,CUST_0466,PROD_049,Premium Widget 049,Books,3,349.11,756.92,2023-07-13,Lahore,290.42,Instagram
ORD_00477,CUST_0466,PROD_012,Elite Widget 012,Sports,1,162.03,145.29,2023-07-13,Lahore,16.74,Instagram
ORD_00477,CUST_0466,PROD_019,Smart Gadget 019,Clothing,3,260.04,686.98,2023-07-13,Lahore,93.14,Instagram
ORD_00478,CUST_0158,PROD_001,Premium Widget 001,Books,1,119.85,100.97,2023-01-07,Peshawar,18.88,Instagram
ORD_00478,CUST_0158,PROD_037,Basic Device 037,Toys,4,401.12,1604.5,2023-01-07,Peshawar,0.0,Instagram
ORD_00479,CUST_0361,PROD_065,Premium Tool 065,Home & Kitchen,1,454.83,429.5,2023-05-18,Rawalpindi,25.33,Google Ads
ORD_00479,CUST_0361,PROD_008,Elite Item 008,Home & Kitchen,2,96.84,193.68,2023-05-18,Rawalpindi,0.0,Google Ads
ORD_00480,CUST_0462,PROD_080,Smart Widget 080,Electronics,1,313.73,313.73,2025-06-11,Rawalpindi,0.0,Referral
ORD_00480,CUST_0462,PROD_038,Premium Device 038,Home & Kitchen,1,237.22,237.22,2025-06-11,Rawalpindi,0.0,Referral
ORD_00480,CUST_0462,PROD_044,Smart Tool 044,Clothing,1,481.11,481.11,2025-06-11,Rawalpindi,0.0,Referral
ORD_00480,CUST_0462,PROD_013,Smart Item 013,Sports,1,85.92,85.73,2025-06-11,Rawalpindi,0.19,Referral
ORD_00481,CUST_0299,PROD_067,Smart Tool 067,Clothing,1,97.92,97.92,2025-03-19,Karachi,0.0,Google Ads
ORD_00482,CUST_0493,PROD_044,Smart Tool 044,Clothing,4,434.76,1560.04,2025-02-18,Rawalpindi,178.99,Instagram
ORD_00482,CUST_0493,PROD_041,Premium Widget 041,Books,2,291.91,517.54,2025-02-18,Rawalpindi,66.28,Instagram
ORD_00482,CUST_0493,PROD_008,Elite Item 008,Home & Kitchen,3,99.04,296.85,2025-02-18,Rawalpindi,0.27,Instagram
ORD_00483,CUST_0446,PROD_004,Premium Widget 004,Clothing,1,142.3,142.3,2024-12-16,Multan,0.0,Google Ads
ORD_00483,CUST_0446,PROD_032,Smart Item 032,Toys,3,317.84,704.69,2024-12-16,Multan,248.82,Google Ads
ORD_00483,CUST_0446,PROD_066,Elite Item 066,Beauty,4,373.85,1495.39,2024-12-16,Multan,0.0,Google Ads
ORD_00483,CUST_0446,PROD_042,Premium Device 042,Toys,1,75.45,53.5,2024-12-16,Multan,21.95,Google Ads
ORD_00484,CUST_0377,PROD_063,Basic Gadget 063,Beauty,4,271.69,973.18,2023-11-30,Lahore,113.56,Email
ORD_00484,CUST_0377,PROD_061,Smart Widget 061,Electronics,1,360.43,360.43,2023-11-30,Lahore,0.0,Email
ORD_00484,CUST_0377,PROD_025,Basic Device 025,Sports,2,159.27,243.53,2023-11-30,Lahore,75.0,Email
ORD_00484,CUST_0377,PROD_065,Premium Tool 065,Home & Kitchen,1,394.92,359.22,2023-11-30,Lahore,35.7,Email
ORD_00485,CUST_0345,PROD_015,Pro Widget 015,Toys,4,132.14,528.57,2024-07-15,Lahore,0.0,Instagram
ORD_00485,CUST_0345,PROD_028,Premium Widget 028,Clothing,2,349.61,680.46,2024-07-15,Lahore,18.76,Instagram
ORD_00485,CUST_0345,PROD_056,Premium Widget 056,Electronics,1,179.11,130.61,2024-07-15,Lahore,48.5,Instagram
ORD_00485,CUST_0345,PROD_036,Smart Device 036,Clothing,2,92.33,131.95,2024-07-15,Lahore,52.71,Instagram
ORD_00486,CUST_0344,PROD_063,Basic Gadget 063,Beauty,1,277.27,277.27,2023-05-07,Faisalabad,0.0,Referral
ORD_00486,CUST_0344,PROD_029,Elite Device 029,Electronics,1,209.97,209.97,2023-05-07,Faisalabad,0.0,Referral
ORD_00487,CUST_0368,PROD_072,Premium Device 072,Electronics,4,382.9,1531.61,2025-01-30,Multan,0.0,Referral
ORD_00487,CUST_0368,PROD_015,Pro Widget 015,Toys,3,103.61,310.82,2025-01-30,Multan,0.0,Referral
ORD_00487,CUST_0368,PROD_076,Smart Device 076,Home & Kitchen,2,513.8,1027.61,2025-01-30,Multan,0.0,Referral
ORD_00487,CUST_0368,PROD_048,Smart Device 048,Clothing,2,340.51,563.14,2025-01-30,Multan,117.87,Referral
ORD_00488,CUST_0001,PROD_025,Basic Device 025,Sports,4,165.37,661.48,2023-11-15,Faisalabad,0.0,Email
ORD_00489,CUST_0187,PROD_078,Basic Item 078,Beauty,2,138.98,277.95,2025-03-27,Faisalabad,0.0,Referral
ORD_00489,CUST_0187,PROD_059,Pro Tool 059,Clothing,3,376.18,845.09,2025-03-27,Faisalabad,283.45,Referral
ORD_00490,CUST_0256,PROD_037,Basic Device 037,Toys,2,507.65,763.17,2024-11-27,Lahore,252.12,Email
ORD_00490,CUST_0256,PROD_005,Smart Widget 005,Sports,3,99.22,286.63,2024-11-27,Lahore,11.02,Email
ORD_00490,CUST_0256,PROD_074,Smart Gadget 074,Sports,4,317.11,1268.43,2024-11-27,Lahore,0.0,Email
ORD_00490,CUST_0256,PROD_038,Premium Device 038,Home & Kitchen,4,205.4,783.97,2024-11-27,Lahore,37.64,Email
ORD_00491,CUST_0367,PROD_007,Pro Widget 007,Toys,2,462.63,842.23,2023-08-04,Multan,83.02,Referral
ORD_00491,CUST_0367,PROD_021,Premium Gadget 021,Toys,1,26.22,26.22,2023-08-04,Multan,0.0,Referral
ORD_00492,CUST_0348,PROD_051,Premium Device 051,Clothing,1,148.08,148.08,2024-04-29,Peshawar,0.0,Instagram
ORD_00492,CUST_0348,PROD_025,Basic Device 025,Sports,4,116.39,465.57,2024-04-29,Peshawar,0.0,Instagram
ORD_00492,CUST_0348,PROD_075,Smart Widget 075,Beauty,1,378.58,326.62,2024-04-29,Peshawar,51.96,Instagram
ORD_00493,CUST_0084,PROD_062,Smart Widget 062,Electronics,3,537.63,1612.89,2024-08-14,Rawalpindi,0.0,Referral
ORD_00493,CUST_0084,PROD_026,Smart Tool 026,Sports,1,194.37,188.43,2024-08-14,Rawalpindi,5.94,Referral
ORD_00494,CUST_0403,PROD_022,Pro Tool 022,Home & Kitchen,1,35.57,33.65,2025-05-29,Rawalpindi,1.92,Instagram
ORD_00494,CUST_0403,PROD_007,Pro Widget 007,Toys,1,482.63,396.71,2025-05-29,Rawalpindi,85.92,Instagram
ORD_00495,CUST_0497,PROD_016,Premium Tool 016,Home & Kitchen,2,222.57,445.14,2023-06-02,Lahore,0.0,Organic
ORD_00495,CUST_0497,PROD_077,Basic Item 077,Clothing,2,148.72,297.43,2023-06-02,Lahore,0.0,Organic
ORD_00495,CUST_0497,PROD_012,Elite Widget 012,Sports,4,176.09,646.2,2023-06-02,Lahore,58.15,Organic
ORD_00495,CUST_0497,PROD_057,Pro Widget 057,Clothing,3,83.59,250.76,2023-06-02,Lahore,0.0,Organic
ORD_00496,CUST_0063,PROD_076,Smart Device 076,Home & Kitchen,4,425.65,1296.86,2024-05-15,Lahore,405.74,Organic
ORD_00496,CUST_0063,PROD_024,Elite Tool 024,Clothing,4,138.91,483.33,2024-05-15,Lahore,72.29,Organic
ORD_00496,CUST_0063,PROD_074,Smart Gadget 074,Sports,2,253.03,506.07,2024-05-15,Lahore,0.0,Organic
ORD_00496,CUST_0063,PROD_069,Premium Item 069,Electronics,2,33.26,58.66,2024-05-15,Lahore,7.86,Organic
ORD_00496,CUST_0063,PROD_069,Premium Item 069,Electronics,4,28.54,95.7,2024-05-15,Lahore,18.46,Organic
ORD_00497,CUST_0420,PROD_016,Premium Tool 016,Home & Kitchen,2,265.79,530.73,2025-03-20,Peshawar,0.85,Google Ads
ORD_00498,CUST_0229,PROD_017,Pro Gadget 017,Home & Kitchen,2,195.32,390.64,2025-03-30,Karachi,0.0,Organic
ORD_00498,CUST_0229,PROD_033,Premium Item 033,Beauty,1,72.96,72.96,2025-03-30,Karachi,0.0,Organic
ORD_00498,CUST_0229,PROD_039,Premium Item 039,Toys,3,480.92,1442.75,2025-03-30,Karachi,0.0,Organic
ORD_00499,CUST_0484,PROD_006,Smart Tool 006,Clothing,3,244.76,734.28,2024-11-04,Lahore,0.0,Facebook
ORD_00500,CUST_0296,PROD_078,Basic Item 078,Beauty,2,177.33,349.9,2024-05-17,Faisalabad,4.76,Facebook
ORD_00500,CUST_0296,PROD_005,Smart Widget 005,Sports,2,92.03,172.18,2024-05-17,Faisalabad,11.88,Facebook
ORD_00500,CUST_0296,PROD_018,Pro Widget 018,Sports,2,332.93,665.86,2024-05-17,Faisalabad,0.0,Facebook
ORD_00501,CUST_0374,PROD_033,Premium Item 033,Beauty,3,83.36,220.08,2024-09-29,Karachi,30.01,Email
ORD_00501,CUST_0374,PROD_011,Premium Tool 011,Sports,3,76.18,218.73,2024-09-29,Karachi,9.82,Email
ORD_00501,CUST_0374,PROD_027,Basic Gadget 027,Sports,1,264.87,264.87,2024-09-29,Karachi,0.0,Email
ORD_00501,CUST_0374,PROD_025,Basic Device 025,Sports,3,142.27,361.33,2024-09-29,Karachi,65.49,Email
ORD_00502,CUST_0084,PROD_049,Premium Widget 049,Books,1,378.49,378.49,2024-03-05,Islamabad,0.0,Instagram
ORD_00502,CUST_0084,PROD_035,Smart Widget 035,Toys,1,320.38,281.28,2024-03-05,Islamabad,39.1,Instagram
ORD_00503,CUST_0169,PROD_035,Smart Widget 035,Toys,2,363.08,726.16,2024-10-17,Islamabad,0.0,Facebook
ORD_00504,CUST_0006,PROD_014,Premium Widget 014,Books,1,105.89,96.15,2023-04-11,Lahore,9.74,Instagram
ORD_00504,CUST_0006,PROD_063,Basic Gadget 063,Beauty,1,250.83,185.71,2023-04-11,Lahore,65.12,Instagram
ORD_00504,CUST_0006,PROD_071,Premium Device 071,Electronics,3,445.52,1268.11,2023-04-11,Lahore,68.46,Instagram
ORD_00504,CUST_0006,PROD_050,Basic Widget 050,Electronics,2,404.51,574.09,2023-04-11,Lahore,234.94,Instagram
ORD_00505,CUST_0273,PROD_062,Smart Widget 062,Electronics,2,419.21,659.03,2024-07-18,Peshawar,179.39,Instagram
ORD_00505,CUST_0273,PROD_017,Pro Gadget 017,Home & Kitchen,2,175.16,344.75,2024-07-18,Peshawar,5.56,Instagram
ORD_00505,CUST_0273,PROD_048,Smart Device 048,Clothing,2,319.61,639.21,2024-07-18,Peshawar,0.0,Instagram
ORD_00505,CUST_0273,PROD_059,Pro Tool 059,Clothing,2,427.79,855.59,2024-07-18,Peshawar,0.0,Instagram
ORD_00505,CUST_0273,PROD_060,Premium Tool 060,Toys,3,393.32,1179.95,2024-07-18,Peshawar,0.0,Instagram
ORD_00506,CUST_0483,PROD_012,Elite Widget 012,Sports,3,147.91,443.74,2025-01-05,Islamabad,0.0,Referral
ORD_00506,CUST_0483,PROD_012,Elite Widget 012,Sports,1,127.64,127.64,2025-01-05,Islamabad,0.0,Referral
ORD_00507,CUST_0048,PROD_037,Basic Device 037,Toys,4,518.97,2075.89,2023-06-19,Karachi,0.0,Organic
ORD_00507,CUST_0048,PROD_055,Elite Item 055,Beauty,2,209.72,419.44,2023-06-19,Karachi,0.0,Organic
ORD_00507,CUST_0048,PROD_069,Premium Item 069,Electronics,1,33.26,24.17,2023-06-19,Karachi,9.09,Organic
ORD_00507,CUST_0048,PROD_001,Premium Widget 001,Books,4,156.49,580.1,2023-06-19,Karachi,45.86,Organic
ORD_00507,CUST_0048,PROD_068,Basic Widget 068,Sports,1,386.42,308.22,2023-06-19,Karachi,78.2,Organic
ORD_00508,CUST_0452,PROD_010,Pro Item 010,Sports,3,158.58,475.73,2025-02-21,Lahore,0.0,Google Ads
ORD_00508,CUST_0452,PROD_007,Pro Widget 007,Toys,4,404.12,1616.49,2025-02-21,Lahore,0.0,Google Ads
ORD_00508,CUST_0452,PROD_015,Pro Widget 015,Toys,3,144.62,433.85,2025-02-21,Lahore,0.0,Google Ads
ORD_00508,CUST_0452,PROD_070,Elite Device 070,Toys,1,247.56,247.56,2025-02-21,Lahore,0.0,Google Ads
ORD_00508,CUST_0452,PROD_034,Premium Item 034,Sports,2,307.03,541.55,2025-02-21,Lahore,72.51,Google Ads
ORD_00509,CUST_0473,PROD_060,Premium Tool 060,Toys,4,355.58,1422.34,2023-11-09,Peshawar,0.0,Organic
ORD_00509,CUST_0473,PROD_059,Pro Tool 059,Clothing,3,403.13,1209.39,2023-11-09,Peshawar,0.0,Organic
ORD_00509,CUST_0473,PROD_045,Basic Item 045,Beauty,2,478.13,956.25,2023-11-09,Peshawar,0.0,Organic
ORD_00509,CUST_0473,PROD_056,Premium Widget 056,Electronics,4,182.2,728.81,2023-11-09,Peshawar,0.0,Organic
ORD_00509,CUST_0473,PROD_020,Pro Device 020,Clothing,4,293.48,1173.92,2023-11-09,Peshawar,0.0,Organic
ORD_00510,CUST_0080,PROD_051,Premium Device 051,Clothing,3,134.69,404.08,2025-02-26,Lahore,0.0,Instagram
ORD_00510,CUST_0080,PROD_024,Elite Tool 024,Clothing,3,117.91,353.73,2025-02-26,Lahore,0.0,Instagram
ORD_00510,CUST_0080,PROD_057,Pro Widget 057,Clothing,2,88.92,177.52,2025-02-26,Lahore,0.31,Instagram
ORD_00511,CUST_0453,PROD_037,Basic Device 037,Toys,1,394.3,394.3,2025-06-10,Karachi,0.0,Google Ads
ORD_00511,CUST_0453,PROD_043,Elite Device 043,Clothing,1,120.87,120.87,2025-06-10,Karachi,0.0,Google Ads
ORD_00512,CUST_0246,PROD_063,Basic Gadget 063,Beauty,4,277.7,1002.53,2024-11-12,Karachi,108.26,Instagram
ORD_00512,CUST_0246,PROD_052,Elite Gadget 052,Sports,4,63.8,194.5,2024-11-12,Karachi,60.69,Instagram
ORD_00512,CUST_0246,PROD_017,Pro Gadget 017,Home & Kitchen,2,172.6,345.2,2024-11-12,Karachi,0.0,Instagram
ORD_00513,CUST_0351,PROD_055,Elite Item 055,Beauty,1,205.89,205.89,2023-08-31,Multan,0.0,Facebook
ORD_00514,CUST_0249,PROD_020,Pro Device 020,Clothing,2,310.84,460.51,2023-03-26,Lahore,161.17,Email
ORD_00514,CUST_0249,PROD_032,Smart Item 032,Toys,4,284.98,862.92,2023-03-26,Lahore,276.98,Email
ORD_00514,CUST_0249,PROD_065,Premium Tool 065,Home & Kitchen,2,406.21,659.14,2023-03-26,Lahore,153.28,Email
ORD_00514,CUST_0249,PROD_020,Pro Device 020,Clothing,2,293.01,586.03,2023-03-26,Lahore,0.0,Email
ORD_00515,CUST_0141,PROD_079,Premium Widget 079,Beauty,2,262.93,525.86,2023-07-16,Rawalpindi,0.0,Organic
ORD_00515,CUST_0141,PROD_053,Smart Device 053,Beauty,3,139.4,390.39,2023-07-16,Rawalpindi,27.82,Organic
ORD_00516,CUST_0219,PROD_007,Pro Widget 007,Toys,3,341.7,1025.11,2024-05-05,Faisalabad,0.0,Instagram
ORD_00517,CUST_0483,PROD_007,Pro Widget 007,Toys,2,330.5,661.0,2023-12-26,Lahore,0.0,Facebook
ORD_00517,CUST_0483,PROD_042,Premium Device 042,Toys,2,65.47,130.94,2023-12-26,Lahore,0.0,Facebook
ORD_00517,CUST_0483,PROD_078,Basic Item 078,Beauty,1,160.37,160.37,2023-12-26,Lahore,0.0,Facebook
ORD_00517,CUST_0483,PROD_063,Basic Gadget 063,Beauty,3,231.52,694.57,2023-12-26,Lahore,0.0,Facebook
ORD_00518,CUST_0343,PROD_043,Elite Device 043,Clothing,3,153.38,460.14,2023-01-14,Peshawar,0.0,Google Ads
ORD_00518,CUST_0343,PROD_076,Smart Device 076,Home & Kitchen,3,419.01,1257.03,2023-01-14,Peshawar,0.0,Google Ads
ORD_00518,CUST_0343,PROD_075,Smart Widget 075,Beauty,4,277.28,1109.1,2023-01-14,Peshawar,0.0,Google Ads
ORD_00518,CUST_0343,PROD_078,Basic Item 078,Beauty,1,134.65,98.94,2023-01-14,Peshawar,35.71,Google Ads
ORD_00518,CUST_0343,PROD_025,Basic Device 025,Sports,2,150.1,293.46,2023-01-14,Peshawar,6.74,Google Ads
ORD_00519,CUST_0280,PROD_061,Smart Widget 061,Electronics,2,333.97,667.95,2024-09-25,Islamabad,0.0,Referral
ORD_00519,CUST_0280,PROD_017,Pro Gadget 017,Home & Kitchen,2,178.06,260.87,2024-09-25,Islamabad,95.25,Referral
ORD_00519,CUST_0280,PROD_072,Premium Device 072,Electronics,3,394.69,1184.08,2024-09-25,Islamabad,0.0,Referral
ORD_00520,CUST_0368,PROD_054,Elite Tool 054,Clothing,1,48.73,48.73,2023-05-01,Karachi,0.0,Instagram
ORD_00520,CUST_0368,PROD_017,Pro Gadget 017,Home & Kitchen,3,150.61,451.83,2023-05-01,Karachi,0.0,Instagram
ORD_00520,CUST_0368,PROD_025,Basic Device 025,Sports,4,138.46,553.86,2023-05-01,Karachi,0.0,Instagram
ORD_00520,CUST_0368,PROD_066,Elite Item 066,Beauty,1,304.32,269.25,2023-05-01,Karachi,35.07,Instagram
ORD_00521,CUST_0400,PROD_027,Basic Gadget 027,Sports,2,201.82,403.64,2024-02-04,Faisalabad,0.0,Facebook
ORD_00521,CUST_0400,PROD_076,Smart Device 076,Home & Kitchen,1,538.99,465.35,2024-02-04,Faisalabad,73.64,Facebook
ORD_00521,CUST_0400,PROD_068,Basic Widget 068,Sports,3,341.37,1024.12,2024-02-04,Faisalabad,0.0,Facebook
ORD_00521,CUST_0400,PROD_035,Smart Widget 035,Toys,1,274.78,274.78,2024-02-04,Faisalabad,0.0,Facebook
ORD_00522,CUST_0122,PROD_036,Smart Device 036,Clothing,2,77.09,124.47,2023-10-26,Multan,29.72,Google Ads
ORD_00523,CUST_0128,PROD_001,Premium Widget 001,Books,3,152.44,412.8,2025-04-23,Faisalabad,44.53,Organic
ORD_00523,CUST_0128,PROD_071,Premium Device 071,Electronics,3,465.11,1395.32,2025-04-23,Faisalabad,0.0,Organic
ORD_00524,CUST_0314,PROD_002,Basic Gadget 002,Books,3,53.46,151.87,2023-10-29,Karachi,8.5,Referral
ORD_00524,CUST_0314,PROD_003,Smart Widget 003,Sports,1,236.04,169.08,2023-10-29,Karachi,66.96,Referral
ORD_00524,CUST_0314,PROD_033,Premium Item 033,Beauty,2,98.59,197.18,2023-10-29,Karachi,0.0,Referral
ORD_00525,CUST_0138,PROD_020,Pro Device 020,Clothing,4,308.39,1097.13,2023-07-28,Multan,136.42,Instagram
ORD_00525,CUST_0138,PROD_062,Smart Widget 062,Electronics,1,463.17,463.17,2023-07-28,Multan,0.0,Instagram
ORD_00525,CUST_0138,PROD_023,Smart Item 023,Clothing,2,340.39,643.93,2023-07-28,Multan,36.84,Instagram
ORD_00525,CUST_0138,PROD_037,Basic Device 037,Toys,1,426.91,322.21,2023-07-28,Multan,104.7,Instagram
ORD_00525,CUST_0138,PROD_078,Basic Item 078,Beauty,2,136.53,273.05,2023-07-28,Multan,0.0,Instagram
ORD_00526,CUST_0126,PROD_068,Basic Widget 068,Sports,2,404.12,661.95,2024-04-10,Karachi,146.28,Referral
ORD_00526,CUST_0126,PROD_049,Premium Widget 049,Books,4,258.04,795.75,2024-04-10,Karachi,236.4,Referral
ORD_00526,CUST_0126,PROD_006,Smart Tool 006,Clothing,2,206.95,413.89,2024-04-10,Karachi,0.0,Referral
ORD_00526,CUST_0126,PROD_019,Smart Gadget 019,Clothing,1,264.17,264.17,2024-04-10,Karachi,0.0,Referral
ORD_00527,CUST_0406,PROD_011,Premium Tool 011,Sports,2,60.89,89.18,2023-04-19,Multan,32.6,Facebook
ORD_00527,CUST_0406,PROD_021,Premium Gadget 021,Toys,3,24.0,72.0,2023-04-19,Multan,0.0,Facebook
ORD_00527,CUST_0406,PROD_008,Elite Item 008,Home & Kitchen,3,90.57,271.72,2023-04-19,Multan,0.0,Facebook
ORD_00527,CUST_0406,PROD_006,Smart Tool 006,Clothing,1,234.22,234.22,2023-04-19,Multan,0.0,Facebook
ORD_00527,CUST_0406,PROD_054,Elite Tool 054,Clothing,2,45.0,90.01,2023-04-19,Multan,0.0,Facebook
ORD_00528,CUST_0117,PROD_037,Basic Device 037,Toys,2,539.92,857.35,2024-03-13,Lahore,222.48,Facebook
ORD_00528,CUST_0117,PROD_015,Pro Widget 015,Toys,4,107.67,430.68,2024-03-13,Lahore,0.0,Facebook
ORD_00528,CUST_0117,PROD_014,Premium Widget 014,Books,3,114.73,331.96,2024-03-13,Lahore,12.22,Facebook
ORD_00528,CUST_0117,PROD_011,Premium Tool 011,Sports,1,74.13,74.13,2024-03-13,Lahore,0.0,Facebook
ORD_00529,CUST_0272,PROD_055,Elite Item 055,Beauty,2,244.69,397.66,2023-12-09,Lahore,91.72,Referral
ORD_00529,CUST_0272,PROD_037,Basic Device 037,Toys,3,531.36,1594.09,2023-12-09,Lahore,0.0,Referral
ORD_00529,CUST_0272,PROD_064,Basic Tool 064,Electronics,3,106.37,251.01,2023-12-09,Lahore,68.1,Referral
ORD_00529,CUST_0272,PROD_010,Pro Item 010,Sports,1,159.82,122.53,2023-12-09,Lahore,37.29,Referral
ORD_00529,CUST_0272,PROD_019,Smart Gadget 019,Clothing,3,203.19,609.57,2023-12-09,Lahore,0.0,Referral
ORD_00530,CUST_0408,PROD_015,Pro Widget 015,Toys,4,146.88,587.51,2025-03-15,Peshawar,0.0,Organic
ORD_00530,CUST_0408,PROD_012,Elite Widget 012,Sports,3,184.07,552.21,2025-03-15,Peshawar,0.0,Organic
ORD_00530,CUST_0408,PROD_050,Basic Widget 050,Electronics,3,400.05,1200.16,2025-03-15,Peshawar,0.0,Organic
ORD_00530,CUST_0408,PROD_053,Smart Device 053,Beauty,3,110.39,239.62,2025-03-15,Peshawar,91.56,Organic
ORD_00531,CUST_0197,PROD_069,Premium Item 069,Electronics,4,35.02,123.92,2024-03-04,Rawalpindi,16.16,Email
ORD_00531,CUST_0197,PROD_075,Smart Widget 075,Beauty,4,335.69,1015.95,2024-03-04,Rawalpindi,326.81,Email
ORD_00531,CUST_0197,PROD_029,Elite Device 029,Electronics,1,177.51,177.51,2024-03-04,Rawalpindi,0.0,Email
ORD_00531,CUST_0197,PROD_003,Smart Widget 003,Sports,3,221.8,481.57,2024-03-04,Rawalpindi,183.83,Email
ORD_00531,CUST_0197,PROD_008,Elite Item 008,Home & Kitchen,3,81.38,187.12,2024-03-04,Rawalpindi,57.03,Email
ORD_00532,CUST_0072,PROD_054,Elite Tool 054,Clothing,2,49.72,99.43,2023-10-29,Lahore,0.0,Email
ORD_00532,CUST_0072,PROD_018,Pro Widget 018,Sports,1,380.49,337.4,2023-10-29,Lahore,43.09,Email
ORD_00532,CUST_0072,PROD_004,Premium Widget 004,Clothing,4,117.64,376.98,2023-10-29,Lahore,93.56,Email
ORD_00532,CUST_0072,PROD_010,Pro Item 010,Sports,4,158.47,628.12,2023-10-29,Lahore,5.74,Email
ORD_00533,CUST_0188,PROD_002,Basic Gadget 002,Books,4,51.78,207.13,2023-05-25,Lahore,0.0,Organic
ORD_00534,CUST_0381,PROD_061,Smart Widget 061,Electronics,4,358.89,1435.55,2023-05-24,Multan,0.0,Facebook
ORD_00534,CUST_0381,PROD_002,Basic Gadget 002,Books,3,50.86,152.57,2023-05-24,Multan,0.0,Facebook
ORD_00534,CUST_0381,PROD_005,Smart Widget 005,Sports,2,107.57,215.14,2023-05-24,Multan,0.0,Facebook
ORD_00534,CUST_0381,PROD_055,Elite Item 055,Beauty,4,216.02,625.81,2023-05-24,Multan,238.27,Facebook
ORD_00534,CUST_0381,PROD_065,Premium Tool 065,Home & Kitchen,3,502.85,1508.54,2023-05-24,Multan,0.0,Facebook
ORD_00535,CUST_0081,PROD_017,Pro Gadget 017,Home & Kitchen,2,176.75,353.49,2023-10-06,Faisalabad,0.0,Instagram
ORD_00536,CUST_0201,PROD_060,Premium Tool 060,Toys,4,399.77,1202.24,2023-07-08,Faisalabad,396.86,Organic
ORD_00536,CUST_0201,PROD_022,Pro Tool 022,Home & Kitchen,1,47.58,44.8,2023-07-08,Faisalabad,2.78,Organic
ORD_00536,CUST_0201,PROD_014,Premium Widget 014,Books,1,101.12,75.44,2023-07-08,Faisalabad,25.68,Organic
ORD_00536,CUST_0201,PROD_004,Premium Widget 004,Clothing,2,113.2,226.39,2023-07-08,Faisalabad,0.0,Organic
ORD_00536,CUST_0201,PROD_009,Pro Widget 009,Electronics,2,203.78,369.76,2023-07-08,Faisalabad,37.8,Organic
ORD_00537,CUST_0283,PROD_011,Premium Tool 011,Sports,1,72.97,71.97,2023-07-26,Lahore,1.0,Facebook
ORD_00538,CUST_0162,PROD_037,Basic Device 037,Toys,4,462.03,1848.12,2023-04-06,Karachi,0.0,Facebook
ORD_00538,CUST_0162,PROD_051,Premium Device 051,Clothing,3,174.21,507.35,2023-04-06,Karachi,15.27,Facebook
ORD_00538,CUST_0162,PROD_053,Smart Device 053,Beauty,1,129.18,128.26,2023-04-06,Karachi,0.92,Facebook
ORD_00539,CUST_0408,PROD_038,Premium Device 038,Home & Kitchen,2,214.65,429.31,2024-01-27,Faisalabad,0.0,Organic
ORD_00539,CUST_0408,PROD_012,Elite Widget 012,Sports,2,177.29,284.98,2024-01-27,Faisalabad,69.59,Organic
ORD_00539,CUST_0408,PROD_021,Premium Gadget 021,Toys,3,25.19,75.57,2024-01-27,Faisalabad,0.0,Organic
ORD_00539,CUST_0408,PROD_038,Premium Device 038,Home & Kitchen,3,261.74,775.79,2024-01-27,Faisalabad,9.43,Organic
ORD_00540,CUST_0365,PROD_079,Premium Widget 079,Beauty,1,371.96,371.96,2025-03-03,Lahore,0.0,Google Ads
ORD_00540,CUST_0365,PROD_064,Basic Tool 064,Electronics,1,101.72,101.72,2025-03-03,Lahore,0.0,Google Ads
ORD_00540,CUST_0365,PROD_040,Basic Widget 040,Clothing,1,440.03,440.03,2025-03-03,Lahore,0.0,Google Ads
ORD_00540,CUST_0365,PROD_022,Pro Tool 022,Home & Kitchen,3,36.68,110.05,2025-03-03,Lahore,0.0,Google Ads
ORD_00541,CUST_0187,PROD_059,Pro Tool 059,Clothing,3,523.77,1211.57,2023-12-28,Karachi,359.74,Google Ads
ORD_00542,CUST_0227,PROD_063,Basic Gadget 063,Beauty,1,234.42,234.42,2024-10-27,Karachi,0.0,Email
ORD_00542,CUST_0227,PROD_053,Smart Device 053,Beauty,2,126.02,252.03,2024-10-27,Karachi,0.0,Email
ORD_00543,CUST_0320,PROD_053,Smart Device 053,Beauty,4,116.83,371.61,2023-11-18,Karachi,95.69,Referral
ORD_00543,CUST_0320,PROD_080,Smart Widget 080,Electronics,1,299.8,299.8,2023-11-18,Karachi,0.0,Referral
ORD_00543,CUST_0320,PROD_072,Premium Device 072,Electronics,1,293.75,293.75,2023-11-18,Karachi,0.0,Referral
ORD_00544,CUST_0193,PROD_029,Elite Device 029,Electronics,4,228.25,817.44,2023-06-12,Rawalpindi,95.58,Organic
ORD_00544,CUST_0193,PROD_060,Premium Tool 060,Toys,4,364.51,1458.03,2023-06-12,Rawalpindi,0.0,Organic
ORD_00544,CUST_0193,PROD_014,Premium Widget 014,Books,4,134.72,538.89,2023-06-12,Rawalpindi,0.0,Organic
ORD_00544,CUST_0193,PROD_043,Elite Device 043,Clothing,1,129.66,110.74,2023-06-12,Rawalpindi,18.92,Organic
ORD_00544,CUST_0193,PROD_061,Smart Widget 061,Electronics,1,300.34,300.34,2023-06-12,Rawalpindi,0.0,Organic
ORD_00545,CUST_0080,PROD_041,Premium Widget 041,Books,1,296.56,291.01,2024-04-26,Multan,5.55,Google Ads
ORD_00545,CUST_0080,PROD_047,Basic Gadget 047,Electronics,4,209.29,837.14,2024-04-26,Multan,0.0,Google Ads
ORD_00546,CUST_0109,PROD_055,Elite Item 055,Beauty,3,190.47,571.41,2025-06-07,Peshawar,0.0,Referral
ORD_00547,CUST_0073,PROD_039,Premium Item 039,Toys,4,465.52,1862.07,2023-03-12,Rawalpindi,0.0,Organic
ORD_00547,CUST_0073,PROD_034,Premium Item 034,Sports,2,434.05,868.1,2023-03-12,Rawalpindi,0.0,Organic
ORD_00547,CUST_0073,PROD_055,Elite Item 055,Beauty,3,250.63,751.89,2023-03-12,Rawalpindi,0.0,Organic
ORD_00548,CUST_0102,PROD_069,Premium Item 069,Electronics,2,41.01,82.02,2023-12-24,Rawalpindi,0.0,Instagram
ORD_00548,CUST_0102,PROD_074,Smart Gadget 074,Sports,4,340.24,1360.96,2023-12-24,Rawalpindi,0.0,Instagram
ORD_00548,CUST_0102,PROD_077,Basic Item 077,Clothing,2,116.48,189.87,2023-12-24,Rawalpindi,43.09,Instagram
ORD_00548,CUST_0102,PROD_042,Premium Device 042,Toys,3,57.7,124.61,2023-12-24,Rawalpindi,48.5,Instagram
ORD_00549,CUST_0256,PROD_053,Smart Device 053,Beauty,3,130.14,390.41,2025-06-04,Karachi,0.0,Referral
ORD_00549,CUST_0256,PROD_058,Smart Tool 058,Clothing,2,228.36,377.47,2025-06-04,Karachi,79.25,Referral
ORD_00549,CUST_0256,PROD_005,Smart Widget 005,Sports,2,117.99,235.98,2025-06-04,Karachi,0.0,Referral
ORD_00550,CUST_0357,PROD_028,Premium Widget 028,Clothing,3,280.6,841.79,2024-07-13,Faisalabad,0.0,Instagram
ORD_00550,CUST_0357,PROD_074,Smart Gadget 074,Sports,1,285.67,285.67,2024-07-13,Faisalabad,0.0,Instagram
ORD_00551,CUST_0155,PROD_064,Basic Tool 064,Electronics,4,87.55,350.21,2023-11-11,Peshawar,0.0,Organic
ORD_00551,CUST_0155,PROD_070,Elite Device 070,Toys,4,272.75,1053.91,2023-11-11,Peshawar,37.11,Organic
ORD_00551,CUST_0155,PROD_023,Smart Item 023,Clothing,4,321.67,1286.69,2023-11-11,Peshawar,0.0,Organic
ORD_00551,CUST_0155,PROD_077,Basic Item 077,Clothing,2,142.55,285.09,2023-11-11,Peshawar,0.0,Organic
ORD_00551,CUST_0155,PROD_056,Premium Widget 056,Electronics,3,224.04,489.45,2023-11-11,Peshawar,182.66,Organic
ORD_00552,CUST_0051,PROD_003,Smart Widget 003,Sports,4,182.38,592.99,2023-03-31,Karachi,136.53,Referral
ORD_00553,CUST_0279,PROD_005,Smart Widget 005,Sports,3,122.54,367.63,2023-04-13,Faisalabad,0.0,Email
ORD_00553,CUST_0279,PROD_059,Pro Tool 059,Clothing,4,370.88,1060.48,2023-04-13,Faisalabad,423.05,Email
ORD_00553,CUST_0279,PROD_045,Basic Item 045,Beauty,4,480.29,1515.51,2023-04-13,Faisalabad,405.65,Email
ORD_00553,CUST_0279,PROD_051,Premium Device 051,Clothing,1,172.2,145.98,2023-04-13,Faisalabad,26.22,Email
ORD_00554,CUST_0138,PROD_031,Smart Widget 031,Books,1,421.28,421.28,2025-06-19,Islamabad,0.0,Instagram
ORD_00554,CUST_0138,PROD_002,Basic Gadget 002,Books,1,51.87,51.87,2025-06-19,Islamabad,0.0,Instagram
ORD_00554,CUST_0138,PROD_067,Smart Tool 067,Clothing,3,96.25,202.75,2025-06-19,Islamabad,86.01,Instagram
ORD_00555,CUST_0124,PROD_051,Premium Device 051,Clothing,1,164.1,164.1,2024-07-23,Lahore,0.0,Email
ORD_00555,CUST_0124,PROD_017,Pro Gadget 017,Home & Kitchen,4,219.23,876.91,2024-07-23,Lahore,0.0,Email
ORD_00555,CUST_0124,PROD_041,Premium Widget 041,Books,2,241.93,483.85,2024-07-23,Lahore,0.0,Email
ORD_00555,CUST_0124,PROD_017,Pro Gadget 017,Home & Kitchen,1,193.76,144.76,2024-07-23,Lahore,49.0,Email
ORD_00556,CUST_0322,PROD_027,Basic Gadget 027,Sports,1,210.85,210.85,2023-09-24,Lahore,0.0,Facebook
ORD_00556,CUST_0322,PROD_076,Smart Device 076,Home & Kitchen,2,379.62,549.55,2023-09-24,Lahore,209.68,Facebook
ORD_00556,CUST_0322,PROD_011,Premium Tool 011,Sports,4,57.65,162.56,2023-09-24,Lahore,68.03,Facebook
ORD_00556,CUST_0322,PROD_046,Pro Tool 046,Sports,2,207.16,377.4,2023-09-24,Lahore,36.91,Facebook
ORD_00556,CUST_0322,PROD_069,Premium Item 069,Electronics,2,37.7,66.85,2023-09-24,Lahore,8.55,Facebook
ORD_00557,CUST_0134,PROD_019,Smart Gadget 019,Clothing,1,249.6,249.6,2024-11-06,Islamabad,0.0,Organic
ORD_00558,CUST_0053,PROD_014,Premium Widget 014,Books,2,111.08,215.99,2023-04-24,Faisalabad,6.18,Organic
ORD_00558,CUST_0053,PROD_064,Basic Tool 064,Electronics,3,105.64,316.92,2023-04-24,Faisalabad,0.0,Organic
ORD_00558,CUST_0053,PROD_013,Smart Item 013,Sports,4,116.54,466.15,2023-04-24,Faisalabad,0.0,Organic
ORD_00558,CUST_0053,PROD_063,Basic Gadget 063,Beauty,1,219.23,219.23,2023-04-24,Faisalabad,0.0,Organic
ORD_00559,CUST_0456,PROD_024,Elite Tool 024,Clothing,3,112.4,337.2,2023-11-18,Peshawar,0.0,Google Ads
ORD_00559,CUST_0456,PROD_073,Basic Tool 073,Electronics,1,399.2,399.2,2023-11-18,Peshawar,0.0,Google Ads
ORD_00559,CUST_0456,PROD_045,Basic Item 045,Beauty,4,596.13,2384.53,2023-11-18,Peshawar,0.0,Google Ads
ORD_00559,CUST_0456,PROD_001,Premium Widget 001,Books,2,146.02,292.04,2023-11-18,Peshawar,0.0,Google Ads
ORD_00560,CUST_0063,PROD_003,Smart Widget 003,Sports,2,192.14,384.29,2023-07-17,Karachi,0.0,Email
ORD_00560,CUST_0063,PROD_028,Premium Widget 028,Clothing,1,295.55,295.55,2023-07-17,Karachi,0.0,Email
ORD_00560,CUST_0063,PROD_017,Pro Gadget 017,Home & Kitchen,3,167.41,502.24,2023-07-17,Karachi,0.0,Email
ORD_00560,CUST_0063,PROD_012,Elite Widget 012,Sports,3,166.45,429.38,2023-07-17,Karachi,69.97,Email
ORD_00560,CUST_0063,PROD_064,Basic Tool 064,Electronics,4,91.13,364.52,2023-07-17,Karachi,0.0,Email
ORD_00561,CUST_0099,PROD_036,Smart Device 036,Clothing,4,71.41,235.27,2023-09-14,Lahore,50.35,Referral
ORD_00561,CUST_0099,PROD_022,Pro Tool 022,Home & Kitchen,2,50.13,100.26,2023-09-14,Lahore,0.0,Referral
ORD_00562,CUST_0453,PROD_035,Smart Widget 035,Toys,3,331.96,867.61,2024-04-01,Faisalabad,128.26,Referral
ORD_00562,CUST_0453,PROD_073,Basic Tool 073,Electronics,3,447.61,1316.95,2024-04-01,Faisalabad,25.89,Referral
ORD_00562,CUST_0453,PROD_022,Pro Tool 022,Home & Kitchen,1,50.2,50.2,2024-04-01,Faisalabad,0.0,Referral
ORD_00562,CUST_0453,PROD_053,Smart Device 053,Beauty,3,134.43,288.31,2024-04-01,Faisalabad,114.99,Referral
ORD_00563,CUST_0272,PROD_024,Elite Tool 024,Clothing,3,135.84,407.52,2023-12-27,Karachi,0.0,Organic
ORD_00563,CUST_0272,PROD_032,Smart Item 032,Toys,1,287.15,287.15,2023-12-27,Karachi,0.0,Organic
ORD_00563,CUST_0272,PROD_019,Smart Gadget 019,Clothing,3,200.78,602.34,2023-12-27,Karachi,0.0,Organic
ORD_00563,CUST_0272,PROD_002,Basic Gadget 002,Books,3,53.33,159.98,2023-12-27,Karachi,0.0,Organic
ORD_00564,CUST_0165,PROD_037,Basic Device 037,Toys,2,467.03,934.06,2023-08-27,Karachi,0.0,Instagram
ORD_00564,CUST_0165,PROD_036,Smart Device 036,Clothing,1,87.4,69.51,2023-08-27,Karachi,17.89,Instagram
ORD_00564,CUST_0165,PROD_056,Premium Widget 056,Electronics,3,233.26,699.79,2023-08-27,Karachi,0.0,Instagram
ORD_00564,CUST_0165,PROD_007,Pro Widget 007,Toys,4,404.63,1413.99,2023-08-27,Karachi,204.54,Instagram
ORD_00564,CUST_0165,PROD_016,Premium Tool 016,Home & Kitchen,4,201.63,806.52,2023-08-27,Karachi,0.0,Instagram
ORD_00565,CUST_0197,PROD_003,Smart Widget 003,Sports,1,252.43,252.43,2023-08-31,Karachi,0.0,Facebook
ORD_00565,CUST_0197,PROD_052,Elite Gadget 052,Sports,1,86.68,85.66,2023-08-31,Karachi,1.02,Facebook
ORD_00565,CUST_0197,PROD_003,Smart Widget 003,Sports,1,214.13,187.47,2023-08-31,Karachi,26.66,Facebook
ORD_00565,CUST_0197,PROD_039,Premium Item 039,Toys,3,375.68,1127.04,2023-08-31,Karachi,0.0,Facebook
ORD_00565,CUST_0197,PROD_011,Premium Tool 011,Sports,3,70.98,212.95,2023-08-31,Karachi,0.0,Facebook
ORD_00566,CUST_0153,PROD_016,Premium Tool 016,Home & Kitchen,3,272.82,818.46,2024-12-14,Rawalpindi,0.0,Referral
ORD_00566,CUST_0153,PROD_029,Elite Device 029,Electronics,1,224.39,224.39,2024-12-14,Rawalpindi,0.0,Referral
ORD_00566,CUST_0153,PROD_042,Premium Device 042,Toys,4,63.78,255.12,2024-12-14,Rawalpindi,0.0,Referral
ORD_00566,CUST_0153,PROD_048,Smart Device 048,Clothing,1,350.14,322.86,2024-12-14,Rawalpindi,27.28,Referral
ORD_00567,CUST_0402,PROD_010,Pro Item 010,Sports,3,130.09,295.14,2023-02-14,Karachi,95.13,Facebook
ORD_00568,CUST_0139,PROD_059,Pro Tool 059,Clothing,1,372.95,288.7,2024-12-16,Lahore,84.25,Email
ORD_00568,CUST_0139,PROD_053,Smart Device 053,Beauty,4,137.76,551.02,2024-12-16,Lahore,0.0,Email
ORD_00569,CUST_0124,PROD_036,Smart Device 036,Clothing,3,94.15,282.44,2024-08-14,Multan,0.0,Instagram
ORD_00569,CUST_0124,PROD_012,Elite Widget 012,Sports,3,170.02,456.05,2024-08-14,Multan,54.02,Instagram
ORD_00569,CUST_0124,PROD_032,Smart Item 032,Toys,2,349.34,698.69,2024-08-14,Multan,0.0,Instagram
ORD_00569,CUST_0124,PROD_064,Basic Tool 064,Electronics,1,80.24,68.97,2024-08-14,Multan,11.27,Instagram
ORD_00570,CUST_0198,PROD_027,Basic Gadget 027,Sports,3,278.06,834.18,2023-07-12,Karachi,0.0,Facebook
ORD_00570,CUST_0198,PROD_059,Pro Tool 059,Clothing,2,499.51,999.01,2023-07-12,Karachi,0.0,Facebook
ORD_00570,CUST_0198,PROD_017,Pro Gadget 017,Home & Kitchen,2,214.76,429.52,2023-07-12,Karachi,0.0,Facebook
ORD_00570,CUST_0198,PROD_058,Smart Tool 058,Clothing,2,240.99,481.99,2023-07-12,Karachi,0.0,Facebook
ORD_00571,CUST_0143,PROD_074,Smart Gadget 074,Sports,1,258.8,200.96,2024-03-09,Multan,57.84,Facebook
ORD_00571,CUST_0143,PROD_031,Smart Widget 031,Books,1,420.4,420.4,2024-03-09,Multan,0.0,Facebook
ORD_00572,CUST_0015,PROD_034,Premium Item 034,Sports,1,448.83,448.83,2024-05-02,Rawalpindi,0.0,Facebook
ORD_00572,CUST_0015,PROD_056,Premium Widget 056,Electronics,2,178.31,356.62,2024-05-02,Rawalpindi,0.0,Facebook
ORD_00572,CUST_0015,PROD_066,Elite Item 066,Beauty,3,288.53,865.6,2024-05-02,Rawalpindi,0.0,Facebook
ORD_00572,CUST_0015,PROD_013,Smart Item 013,Sports,1,110.42,96.42,2024-05-02,Rawalpindi,14.0,Facebook
ORD_00572,CUST_0015,PROD_038,Premium Device 038,Home & Kitchen,2,239.71,479.42,2024-05-02,Rawalpindi,0.0,Facebook
ORD_00573,CUST_0272,PROD_014,Premium Widget 014,Books,1,128.79,120.31,2024-09-14,Faisalabad,8.48,Instagram
ORD_00573,CUST_0272,PROD_007,Pro Widget 007,Toys,1,417.03,417.03,2024-09-14,Faisalabad,0.0,Instagram
ORD_00573,CUST_0272,PROD_069,Premium Item 069,Electronics,1,31.47,24.87,2024-09-14,Faisalabad,6.6,Instagram
ORD_00573,CUST_0272,PROD_052,Elite Gadget 052,Sports,4,71.62,286.5,2024-09-14,Faisalabad,0.0,Instagram
ORD_00574,CUST_0422,PROD_022,Pro Tool 022,Home & Kitchen,2,39.84,79.69,2025-06-19,Rawalpindi,0.0,Google Ads
ORD_00574,CUST_0422,PROD_077,Basic Item 077,Clothing,3,153.26,459.78,2025-06-19,Rawalpindi,0.0,Google Ads
ORD_00574,CUST_0422,PROD_065,Premium Tool 065,Home & Kitchen,4,508.36,1613.79,2025-06-19,Rawalpindi,419.67,Google Ads
ORD_00575,CUST_0088,PROD_043,Elite Device 043,Clothing,4,119.84,479.36,2023-11-19,Lahore,0.0,Google Ads
ORD_00576,CUST_0243,PROD_034,Premium Item 034,Sports,1,332.87,331.9,2024-03-14,Karachi,0.97,Google Ads
ORD_00576,CUST_0243,PROD_046,Pro Tool 046,Sports,4,238.92,955.69,2024-03-14,Karachi,0.0,Google Ads
ORD_00576,CUST_0243,PROD_032,Smart Item 032,Toys,4,273.44,907.61,2024-03-14,Karachi,186.13,Google Ads
ORD_00577,CUST_0149,PROD_022,Pro Tool 022,Home & Kitchen,2,47.1,94.2,2025-05-05,Faisalabad,0.0,Email
ORD_00577,CUST_0149,PROD_043,Elite Device 043,Clothing,4,139.36,557.43,2025-05-05,Faisalabad,0.0,Email
ORD_00578,CUST_0280,PROD_059,Pro Tool 059,Clothing,1,495.99,495.99,2023-09-21,Islamabad,0.0,Facebook
ORD_00578,CUST_0280,PROD_043,Elite Device 043,Clothing,4,118.21,369.55,2023-09-21,Islamabad,103.3,Facebook
ORD_00578,CUST_0280,PROD_003,Smart Widget 003,Sports,2,258.24,414.31,2023-09-21,Islamabad,102.16,Facebook
ORD_00578,CUST_0280,PROD_019,Smart Gadget 019,Clothing,3,236.3,708.91,2023-09-21,Islamabad,0.0,Facebook
ORD_00579,CUST_0380,PROD_012,Elite Widget 012,Sports,2,179.51,359.03,2024-12-13,Islamabad,0.0,Google Ads
ORD_00579,CUST_0380,PROD_014,Premium Widget 014,Books,3,140.02,306.75,2024-12-13,Islamabad,113.32,Google Ads
ORD_00579,CUST_0380,PROD_058,Smart Tool 058,Clothing,2,196.38,288.12,2024-12-13,Islamabad,104.63,Google Ads
ORD_00579,CUST_0380,PROD_051,Premium Device 051,Clothing,4,172.53,690.13,2024-12-13,Islamabad,0.0,Google Ads
ORD_00580,CUST_0098,PROD_044,Smart Tool 044,Clothing,1,452.79,452.79,2023-02-12,Faisalabad,0.0,Referral
ORD_00580,CUST_0098,PROD_045,Basic Item 045,Beauty,3,420.03,1260.09,2023-02-12,Faisalabad,0.0,Referral
ORD_00580,CUST_0098,PROD_019,Smart Gadget 019,Clothing,4,253.63,1014.5,2023-02-12,Faisalabad,0.0,Referral
ORD_00580,CUST_0098,PROD_038,Premium Device 038,Home & Kitchen,2,229.83,459.66,2023-02-12,Faisalabad,0.0,Referral
ORD_00580,CUST_0098,PROD_038,Premium Device 038,Home & Kitchen,1,244.82,244.82,2023-02-12,Faisalabad,0.0,Referral
ORD_00581,CUST_0423,PROD_040,Basic Widget 040,Clothing,1,427.95,427.87,2024-08-30,Karachi,0.08,Instagram
ORD_00582,CUST_0129,PROD_072,Premium Device 072,Electronics,2,402.71,770.94,2023-05-22,Islamabad,34.47,Email
ORD_00582,CUST_0129,PROD_026,Smart Tool 026,Sports,4,212.72,850.89,2023-05-22,Islamabad,0.0,Email
ORD_00582,CUST_0129,PROD_029,Elite Device 029,Electronics,1,196.41,196.41,2023-05-22,Islamabad,0.0,Email
ORD_00583,CUST_0416,PROD_013,Smart Item 013,Sports,3,121.74,365.21,2024-11-25,Rawalpindi,0.0,Instagram
ORD_00583,CUST_0416,PROD_023,Smart Item 023,Clothing,4,354.86,1419.44,2024-11-25,Rawalpindi,0.0,Instagram
ORD_00583,CUST_0416,PROD_075,Smart Widget 075,Beauty,2,356.46,712.93,2024-11-25,Rawalpindi,0.0,Instagram
ORD_00583,CUST_0416,PROD_018,Pro Widget 018,Sports,4,328.11,1312.45,2024-11-25,Rawalpindi,0.0,Instagram
ORD_00584,CUST_0044,PROD_070,Elite Device 070,Toys,2,256.84,446.35,2023-11-01,Multan,67.33,Instagram
ORD_00584,CUST_0044,PROD_018,Pro Widget 018,Sports,4,346.08,1384.31,2023-11-01,Multan,0.0,Instagram
ORD_00584,CUST_0044,PROD_046,Pro Tool 046,Sports,4,217.74,870.98,2023-11-01,Multan,0.0,Instagram
ORD_00584,CUST_0044,PROD_053,Smart Device 053,Beauty,4,104.68,418.74,2023-11-01,Multan,0.0,Instagram
ORD_00584,CUST_0044,PROD_054,Elite Tool 054,Clothing,1,61.97,56.35,2023-11-01,Multan,5.62,Instagram
ORD_00585,CUST_0125,PROD_080,Smart Widget 080,Electronics,3,224.61,648.36,2024-08-17,Islamabad,25.46,Google Ads
ORD_00585,CUST_0125,PROD_001,Premium Widget 001,Books,4,162.56,560.48,2024-08-17,Islamabad,89.78,Google Ads
ORD_00585,CUST_0125,PROD_007,Pro Widget 007,Toys,1,332.74,267.87,2024-08-17,Islamabad,64.87,Google Ads
ORD_00585,CUST_0125,PROD_043,Elite Device 043,Clothing,1,157.89,157.89,2024-08-17,Islamabad,0.0,Google Ads
ORD_00585,CUST_0125,PROD_043,Elite Device 043,Clothing,1,118.7,118.7,2024-08-17,Islamabad,0.0,Google Ads
ORD_00586,CUST_0262,PROD_067,Smart Tool 067,Clothing,2,105.61,202.58,2025-01-27,Multan,8.64,Google Ads
ORD_00587,CUST_0459,PROD_040,Basic Widget 040,Clothing,1,494.04,464.29,2024-11-22,Islamabad,29.75,Referral
ORD_00587,CUST_0459,PROD_009,Pro Widget 009,Electronics,1,168.93,142.59,2024-11-22,Islamabad,26.34,Referral
ORD_00588,CUST_0127,PROD_065,Premium Tool 065,Home & Kitchen,4,443.71,1615.14,2023-07-29,Rawalpindi,159.69,Organic
ORD_00589,CUST_0248,PROD_034,Premium Item 034,Sports,4,438.46,1526.35,2023-07-08,Peshawar,227.48,Email
ORD_00589,CUST_0248,PROD_003,Smart Widget 003,Sports,2,185.68,344.54,2023-07-08,Peshawar,26.81,Email
ORD_00590,CUST_0262,PROD_062,Smart Widget 062,Electronics,3,424.85,1274.55,2025-01-29,Lahore,0.0,Instagram
ORD_00590,CUST_0262,PROD_076,Smart Device 076,Home & Kitchen,4,443.18,1772.7,2025-01-29,Lahore,0.0,Instagram
ORD_00590,CUST_0262,PROD_050,Basic Widget 050,Electronics,1,425.0,406.11,2025-01-29,Lahore,18.89,Instagram
ORD_00590,CUST_0262,PROD_037,Basic Device 037,Toys,4,391.79,1567.16,2025-01-29,Lahore,0.0,Instagram
ORD_00590,CUST_0262,PROD_075,Smart Widget 075,Beauty,3,270.22,650.82,2025-01-29,Lahore,159.83,Instagram
ORD_00591,CUST_0228,PROD_059,Pro Tool 059,Clothing,3,352.4,1057.2,2023-02-13,Lahore,0.0,Instagram
ORD_00591,CUST_0228,PROD_065,Premium Tool 065,Home & Kitchen,2,435.93,769.7,2023-02-13,Lahore,102.17,Instagram
ORD_00591,CUST_0228,PROD_009,Pro Widget 009,Electronics,2,208.39,416.79,2023-02-13,Lahore,0.0,Instagram
ORD_00592,CUST_0369,PROD_018,Pro Widget 018,Sports,3,357.74,775.9,2024-07-30,Rawalpindi,297.33,Referral
ORD_00592,CUST_0369,PROD_009,Pro Widget 009,Electronics,4,186.47,745.89,2024-07-30,Rawalpindi,0.0,Referral
ORD_00592,CUST_0369,PROD_024,Elite Tool 024,Clothing,3,119.07,357.21,2024-07-30,Rawalpindi,0.0,Referral
ORD_00593,CUST_0490,PROD_052,Elite Gadget 052,Sports,1,61.21,58.29,2024-08-17,Faisalabad,2.92,Email
ORD_00593,CUST_0490,PROD_013,Smart Item 013,Sports,1,104.2,94.08,2024-08-17,Faisalabad,10.12,Email
ORD_00593,CUST_0490,PROD_030,Smart Tool 030,Sports,2,112.17,175.33,2024-08-17,Faisalabad,49.01,Email
ORD_00594,CUST_0197,PROD_079,Premium Widget 079,Beauty,3,265.89,780.23,2025-02-12,Karachi,17.44,Organic
ORD_00594,CUST_0197,PROD_048,Smart Device 048,Clothing,1,348.88,348.88,2025-02-12,Karachi,0.0,Organic
ORD_00594,CUST_0197,PROD_058,Smart Tool 058,Clothing,4,184.92,616.21,2025-02-12,Karachi,123.49,Organic
ORD_00594,CUST_0197,PROD_026,Smart Tool 026,Sports,3,204.98,573.33,2025-02-12,Karachi,41.6,Organic
ORD_00595,CUST_0380,PROD_025,Basic Device 025,Sports,1,143.3,114.56,2023-06-15,Peshawar,28.74,Email
ORD_00595,CUST_0380,PROD_027,Basic Gadget 027,Sports,1,283.05,252.52,2023-06-15,Peshawar,30.53,Email
ORD_00595,CUST_0380,PROD_053,Smart Device 053,Beauty,1,120.85,86.13,2023-06-15,Peshawar,34.72,Email
ORD_00595,CUST_0380,PROD_068,Basic Widget 068,Sports,4,324.59,1298.35,2023-06-15,Peshawar,0.0,Email
ORD_00596,CUST_0424,PROD_080,Smart Widget 080,Electronics,2,306.43,612.85,2024-04-30,Islamabad,0.0,Facebook
ORD_00596,CUST_0424,PROD_049,Premium Widget 049,Books,1,328.07,328.07,2024-04-30,Islamabad,0.0,Facebook
ORD_00596,CUST_0424,PROD_067,Smart Tool 067,Clothing,3,86.6,259.8,2024-04-30,Islamabad,0.0,Facebook
ORD_00596,CUST_0424,PROD_007,Pro Widget 007,Toys,3,327.53,897.14,2024-04-30,Islamabad,85.45,Facebook
ORD_00596,CUST_0424,PROD_033,Premium Item 033,Beauty,4,94.61,378.46,2024-04-30,Islamabad,0.0,Facebook
ORD_00597,CUST_0447,PROD_074,Smart Gadget 074,Sports,2,343.88,584.59,2023-06-11,Karachi,103.17,Email
ORD_00597,CUST_0447,PROD_052,Elite Gadget 052,Sports,1,76.21,62.89,2023-06-11,Karachi,13.32,Email
ORD_00597,CUST_0447,PROD_034,Premium Item 034,Sports,1,311.64,311.64,2023-06-11,Karachi,0.0,Email
ORD_00598,CUST_0103,PROD_071,Premium Device 071,Electronics,3,499.64,1103.98,2023-12-09,Lahore,394.93,Google Ads
ORD_00599,CUST_0121,PROD_079,Premium Widget 079,Beauty,1,294.99,294.99,2024-05-20,Peshawar,0.0,Email
ORD_00600,CUST_0214,PROD_062,Smart Widget 062,Electronics,2,421.33,842.67,2024-09-04,Karachi,0.0,Email
ORD_00600,CUST_0214,PROD_005,Smart Widget 005,Sports,4,107.76,375.23,2024-09-04,Karachi,55.8,Email
ORD_00600,CUST_0214,PROD_039,Premium Item 039,Toys,2,327.73,655.47,2024-09-04,Karachi,0.0,Email
ORD_00600,CUST_0214,PROD_026,Smart Tool 026,Sports,4,220.68,736.41,2024-09-04,Karachi,146.31,Email
ORD_00600,CUST_0214,PROD_007,Pro Widget 007,Toys,4,447.87,1560.55,2024-09-04,Karachi,230.95,Email
ORD_00601,CUST_0219,PROD_016,Premium Tool 016,Home & Kitchen,3,218.41,655.22,2024-07-16,Karachi,0.0,Instagram
ORD_00601,CUST_0219,PROD_008,Elite Item 008,Home & Kitchen,2,76.94,153.89,2024-07-16,Karachi,0.0,Instagram
ORD_00602,CUST_0117,PROD_002,Basic Gadget 002,Books,2,67.75,135.5,2024-02-27,Faisalabad,0.0,Organic
ORD_00602,CUST_0117,PROD_017,Pro Gadget 017,Home & Kitchen,4,160.56,642.25,2024-02-27,Faisalabad,0.0,Organic
ORD_00602,CUST_0117,PROD_045,Basic Item 045,Beauty,2,596.76,1193.53,2024-02-27,Faisalabad,0.0,Organic
ORD_00602,CUST_0117,PROD_051,Premium Device 051,Clothing,4,155.68,608.45,2024-02-27,Faisalabad,14.27,Organic
ORD_00602,CUST_0117,PROD_070,Elite Device 070,Toys,2,269.7,481.64,2024-02-27,Faisalabad,57.76,Organic
ORD_00603,CUST_0469,PROD_039,Premium Item 039,Toys,3,450.75,1352.25,2025-05-29,Rawalpindi,0.0,Referral
ORD_00603,CUST_0469,PROD_032,Smart Item 032,Toys,3,300.59,901.77,2025-05-29,Rawalpindi,0.0,Referral
ORD_00604,CUST_0054,PROD_080,Smart Widget 080,Electronics,4,249.35,997.41,2023-02-25,Rawalpindi,0.0,Referral
ORD_00604,CUST_0054,PROD_018,Pro Widget 018,Sports,2,296.08,592.17,2023-02-25,Rawalpindi,0.0,Referral
ORD_00604,CUST_0054,PROD_016,Premium Tool 016,Home & Kitchen,3,253.06,751.0,2023-02-25,Rawalpindi,8.17,Referral
ORD_00605,CUST_0121,PROD_015,Pro Widget 015,Toys,1,124.02,124.02,2024-12-16,Multan,0.0,Instagram
ORD_00605,CUST_0121,PROD_036,Smart Device 036,Clothing,4,78.11,306.85,2024-12-16,Multan,5.6,Instagram
ORD_00605,CUST_0121,PROD_079,Premium Widget 079,Beauty,4,313.79,1110.3,2024-12-16,Multan,144.84,Instagram
ORD_00605,CUST_0121,PROD_006,Smart Tool 006,Clothing,2,203.02,406.05,2024-12-16,Multan,0.0,Instagram
ORD_00606,CUST_0221,PROD_005,Smart Widget 005,Sports,3,126.22,292.95,2024-06-29,Multan,85.71,Facebook
ORD_00607,CUST_0173,PROD_028,Premium Widget 028,Clothing,1,297.25,258.54,2025-04-28,Peshawar,38.71,Email
ORD_00607,CUST_0173,PROD_055,Elite Item 055,Beauty,1,237.44,237.44,2025-04-28,Peshawar,0.0,Email
ORD_00607,CUST_0173,PROD_037,Basic Device 037,Toys,4,447.92,1378.32,2025-04-28,Peshawar,413.34,Email
ORD_00608,CUST_0134,PROD_031,Smart Widget 031,Books,2,422.37,844.75,2023-06-16,Rawalpindi,0.0,Referral
ORD_00608,CUST_0134,PROD_036,Smart Device 036,Clothing,1,101.83,92.79,2023-06-16,Rawalpindi,9.04,Referral
ORD_00608,CUST_0134,PROD_074,Smart Gadget 074,Sports,4,245.7,982.8,2023-06-16,Rawalpindi,0.0,Referral
ORD_00608,CUST_0134,PROD_035,Smart Widget 035,Toys,3,352.14,863.74,2023-06-16,Rawalpindi,192.69,Referral
ORD_00609,CUST_0064,PROD_034,Premium Item 034,Sports,2,374.74,749.49,2023-11-11,Multan,0.0,Facebook
ORD_00609,CUST_0064,PROD_002,Basic Gadget 002,Books,4,49.07,196.27,2023-11-11,Multan,0.0,Facebook
ORD_00609,CUST_0064,PROD_072,Premium Device 072,Electronics,2,328.39,656.78,2023-11-11,Multan,0.0,Facebook
ORD_00609,CUST_0064,PROD_011,Premium Tool 011,Sports,3,82.46,247.38,2023-11-11,Multan,0.0,Facebook
ORD_00609,CUST_0064,PROD_009,Pro Widget 009,Electronics,4,171.04,627.46,2023-11-11,Multan,56.68,Facebook
ORD_00610,CUST_0445,PROD_023,Smart Item 023,Clothing,2,380.34,707.57,2024-05-21,Lahore,53.1,Referral
ORD_00610,CUST_0445,PROD_005,Smart Widget 005,Sports,2,115.36,190.57,2024-05-21,Lahore,40.14,Referral
ORD_00611,CUST_0022,PROD_034,Premium Item 034,Sports,3,309.16,691.14,2024-07-20,Karachi,236.34,Referral
ORD_00611,CUST_0022,PROD_070,Elite Device 070,Toys,1,281.12,281.12,2024-07-20,Karachi,0.0,Referral
ORD_00612,CUST_0040,PROD_010,Pro Item 010,Sports,2,123.09,246.18,2024-06-03,Karachi,0.0,Email
ORD_00612,CUST_0040,PROD_054,Elite Tool 054,Clothing,1,59.41,56.86,2024-06-03,Karachi,2.55,Email
ORD_00612,CUST_0040,PROD_042,Premium Device 042,Toys,3,66.89,200.68,2024-06-03,Karachi,0.0,Email
ORD_00612,CUST_0040,PROD_048,Smart Device 048,Clothing,4,351.14,1404.57,2024-06-03,Karachi,0.0,Email
ORD_00613,CUST_0016,PROD_020,Pro Device 020,Clothing,1,291.05,291.05,2023-06-14,Karachi,0.0,Facebook
ORD_00613,CUST_0016,PROD_041,Premium Widget 041,Books,3,291.81,875.42,2023-06-14,Karachi,0.0,Facebook
ORD_00613,CUST_0016,PROD_075,Smart Widget 075,Beauty,1,352.97,352.97,2023-06-14,Karachi,0.0,Facebook
ORD_00614,CUST_0391,PROD_073,Basic Tool 073,Electronics,4,478.73,1914.91,2024-10-26,Karachi,0.0,Google Ads
ORD_00615,CUST_0450,PROD_068,Basic Widget 068,Sports,4,343.38,1373.52,2024-06-24,Faisalabad,0.0,Instagram
ORD_00616,CUST_0295,PROD_047,Basic Gadget 047,Electronics,2,172.56,333.16,2023-10-28,Islamabad,11.95,Google Ads
ORD_00616,CUST_0295,PROD_031,Smart Widget 031,Books,4,396.97,1415.48,2023-10-28,Islamabad,172.39,Google Ads
ORD_00617,CUST_0181,PROD_062,Smart Widget 062,Electronics,2,454.45,908.9,2024-07-27,Karachi,0.0,Facebook
ORD_00617,CUST_0181,PROD_073,Basic Tool 073,Electronics,2,551.65,1103.3,2024-07-27,Karachi,0.0,Facebook
ORD_00617,CUST_0181,PROD_053,Smart Device 053,Beauty,2,134.52,241.47,2024-07-27,Karachi,27.57,Facebook
ORD_00617,CUST_0181,PROD_016,Premium Tool 016,Home & Kitchen,1,223.67,223.67,2024-07-27,Karachi,0.0,Facebook
ORD_00617,CUST_0181,PROD_019,Smart Gadget 019,Clothing,4,249.06,727.29,2024-07-27,Karachi,268.94,Facebook
ORD_00618,CUST_0449,PROD_054,Elite Tool 054,Clothing,3,62.19,160.27,2024-04-09,Lahore,26.3,Organic
ORD_00619,CUST_0052,PROD_004,Premium Widget 004,Clothing,2,148.3,296.6,2023-05-10,Peshawar,0.0,Instagram
ORD_00620,CUST_0444,PROD_017,Pro Gadget 017,Home & Kitchen,4,198.58,794.32,2024-06-26,Rawalpindi,0.0,Facebook
ORD_00620,CUST_0444,PROD_038,Premium Device 038,Home & Kitchen,1,233.14,209.59,2024-06-26,Rawalpindi,23.55,Facebook
ORD_00620,CUST_0444,PROD_078,Basic Item 078,Beauty,1,197.53,197.53,2024-06-26,Rawalpindi,0.0,Facebook
ORD_00620,CUST_0444,PROD_046,Pro Tool 046,Sports,4,269.21,837.57,2024-06-26,Rawalpindi,239.29,Facebook
ORD_00621,CUST_0224,PROD_024,Elite Tool 024,Clothing,1,120.35,120.35,2023-10-24,Multan,0.0,Google Ads
ORD_00621,CUST_0224,PROD_076,Smart Device 076,Home & Kitchen,3,500.57,1501.7,2023-10-24,Multan,0.0,Google Ads
ORD_00621,CUST_0224,PROD_042,Premium Device 042,Toys,4,62.36,228.53,2023-10-24,Multan,20.9,Google Ads
ORD_00621,CUST_0224,PROD_013,Smart Item 013,Sports,2,95.77,191.54,2023-10-24,Multan,0.0,Google Ads
ORD_00622,CUST_0289,PROD_055,Elite Item 055,Beauty,3,196.45,589.36,2024-06-14,Faisalabad,0.0,Email
ORD_00622,CUST_0289,PROD_023,Smart Item 023,Clothing,2,270.48,397.77,2024-06-14,Faisalabad,143.2,Email
ORD_00622,CUST_0289,PROD_027,Basic Gadget 027,Sports,4,253.75,1014.99,2024-06-14,Faisalabad,0.0,Email
ORD_00622,CUST_0289,PROD_079,Premium Widget 079,Beauty,3,264.0,792.01,2024-06-14,Faisalabad,0.0,Email
ORD_00622,CUST_0289,PROD_016,Premium Tool 016,Home & Kitchen,3,211.17,633.5,2024-06-14,Faisalabad,0.0,Email
ORD_00623,CUST_0454,PROD_014,Premium Widget 014,Books,2,129.77,259.54,2023-06-23,Islamabad,0.0,Email
ORD_00623,CUST_0454,PROD_027,Basic Gadget 027,Sports,2,204.21,290.81,2023-06-23,Islamabad,117.61,Email
ORD_00623,CUST_0454,PROD_070,Elite Device 070,Toys,2,216.92,430.49,2023-06-23,Islamabad,3.35,Email
ORD_00624,CUST_0105,PROD_057,Pro Widget 057,Clothing,2,117.64,235.27,2023-10-16,Rawalpindi,0.0,Referral
ORD_00624,CUST_0105,PROD_015,Pro Widget 015,Toys,1,121.31,121.31,2023-10-16,Rawalpindi,0.0,Referral
ORD_00624,CUST_0105,PROD_034,Premium Item 034,Sports,1,439.25,342.84,2023-10-16,Rawalpindi,96.41,Referral
ORD_00624,CUST_0105,PROD_015,Pro Widget 015,Toys,3,139.14,389.56,2023-10-16,Rawalpindi,27.86,Referral
ORD_00624,CUST_0105,PROD_010,Pro Item 010,Sports,3,120.45,361.35,2023-10-16,Rawalpindi,0.0,Referral
ORD_00625,CUST_0233,PROD_041,Premium Widget 041,Books,1,241.53,183.98,2024-10-07,Multan,57.55,Organic
ORD_00625,CUST_0233,PROD_041,Premium Widget 041,Books,2,282.03,415.56,2024-10-07,Multan,148.5,Organic
ORD_00625,CUST_0233,PROD_005,Smart Widget 005,Sports,1,96.51,96.51,2024-10-07,Multan,0.0,Organic
ORD_00625,CUST_0233,PROD_029,Elite Device 029,Electronics,2,179.9,359.8,2024-10-07,Multan,0.0,Organic
ORD_00625,CUST_0233,PROD_024,Elite Tool 024,Clothing,4,127.63,510.54,2024-10-07,Multan,0.0,Organic
ORD_00626,CUST_0449,PROD_028,Premium Widget 028,Clothing,1,309.11,309.11,2023-04-01,Peshawar,0.0,Referral
ORD_00626,CUST_0449,PROD_079,Premium Widget 079,Beauty,2,340.78,681.55,2023-04-01,Peshawar,0.0,Referral
ORD_00626,CUST_0449,PROD_034,Premium Item 034,Sports,4,403.45,1613.81,2023-04-01,Peshawar,0.0,Referral
ORD_00626,CUST_0449,PROD_045,Basic Item 045,Beauty,4,503.68,1484.12,2023-04-01,Peshawar,530.61,Referral
ORD_00626,CUST_0449,PROD_030,Smart Tool 030,Sports,3,142.14,426.42,2023-04-01,Peshawar,0.0,Referral
ORD_00627,CUST_0323,PROD_062,Smart Widget 062,Electronics,3,389.05,1167.15,2024-02-06,Islamabad,0.0,Email
ORD_00627,CUST_0323,PROD_037,Basic Device 037,Toys,4,548.73,2194.9,2024-02-06,Islamabad,0.0,Email
ORD_00627,CUST_0323,PROD_055,Elite Item 055,Beauty,1,184.05,147.57,2024-02-06,Islamabad,36.48,Email
ORD_00627,CUST_0323,PROD_045,Basic Item 045,Beauty,4,538.39,1841.03,2024-02-06,Islamabad,312.53,Email
ORD_00627,CUST_0323,PROD_063,Basic Gadget 063,Beauty,4,266.53,1066.12,2024-02-06,Islamabad,0.0,Email
ORD_00628,CUST_0138,PROD_008,Elite Item 008,Home & Kitchen,3,77.96,233.89,2024-06-03,Peshawar,0.0,Instagram
ORD_00628,CUST_0138,PROD_051,Premium Device 051,Clothing,4,142.07,568.27,2024-06-03,Peshawar,0.0,Instagram
ORD_00629,CUST_0028,PROD_044,Smart Tool 044,Clothing,1,429.54,429.54,2023-10-02,Multan,0.0,Google Ads
ORD_00629,CUST_0028,PROD_074,Smart Gadget 074,Sports,2,305.65,591.07,2023-10-02,Multan,20.23,Google Ads
ORD_00629,CUST_0028,PROD_079,Premium Widget 079,Beauty,3,267.74,803.23,2023-10-02,Multan,0.0,Google Ads
ORD_00629,CUST_0028,PROD_003,Smart Widget 003,Sports,4,181.22,526.5,2023-10-02,Multan,198.37,Google Ads
ORD_00630,CUST_0393,PROD_007,Pro Widget 007,Toys,2,382.52,765.04,2025-02-23,Karachi,0.0,Referral
ORD_00630,CUST_0393,PROD_021,Premium Gadget 021,Toys,4,29.43,117.73,2025-02-23,Karachi,0.0,Referral
ORD_00630,CUST_0393,PROD_021,Premium Gadget 021,Toys,3,24.0,71.99,2025-02-23,Karachi,0.0,Referral
ORD_00630,CUST_0393,PROD_032,Smart Item 032,Toys,1,263.93,263.93,2025-02-23,Karachi,0.0,Referral
ORD_00630,CUST_0393,PROD_068,Basic Widget 068,Sports,1,370.73,366.03,2025-02-23,Karachi,4.7,Referral
ORD_00631,CUST_0145,PROD_032,Smart Item 032,Toys,1,294.57,294.57,2023-11-05,Lahore,0.0,Referral
ORD_00632,CUST_0402,PROD_035,Smart Widget 035,Toys,1,262.81,262.81,2024-01-22,Lahore,0.0,Referral
ORD_00632,CUST_0402,PROD_054,Elite Tool 054,Clothing,1,45.31,37.09,2024-01-22,Lahore,8.22,Referral
ORD_00632,CUST_0402,PROD_020,Pro Device 020,Clothing,1,378.05,356.02,2024-01-22,Lahore,22.03,Referral
ORD_00632,CUST_0402,PROD_078,Basic Item 078,Beauty,3,183.72,551.15,2024-01-22,Lahore,0.0,Referral
ORD_00633,CUST_0381,PROD_026,Smart Tool 026,Sports,1,186.31,159.96,2023-01-24,Islamabad,26.35,Instagram
ORD_00633,CUST_0381,PROD_038,Premium Device 038,Home & Kitchen,4,208.82,694.7,2023-01-24,Islamabad,140.58,Instagram
ORD_00633,CUST_0381,PROD_062,Smart Widget 062,Electronics,3,539.57,1618.71,2023-01-24,Islamabad,0.0,Instagram
ORD_00634,CUST_0126,PROD_051,Premium Device 051,Clothing,3,161.84,419.64,2024-01-27,Rawalpindi,65.88,Referral
ORD_00635,CUST_0296,PROD_058,Smart Tool 058,Clothing,3,214.71,644.13,2023-01-26,Peshawar,0.0,Google Ads
ORD_00635,CUST_0296,PROD_040,Basic Widget 040,Clothing,3,377.49,1104.07,2023-01-26,Peshawar,28.41,Google Ads
ORD_00635,CUST_0296,PROD_072,Premium Device 072,Electronics,2,301.0,494.82,2023-01-26,Peshawar,107.17,Google Ads
ORD_00635,CUST_0296,PROD_011,Premium Tool 011,Sports,2,68.4,115.33,2023-01-26,Peshawar,21.48,Google Ads
ORD_00636,CUST_0430,PROD_033,Premium Item 033,Beauty,4,80.9,323.6,2024-08-03,Karachi,0.0,Instagram
ORD_00636,CUST_0430,PROD_020,Pro Device 020,Clothing,1,320.79,320.79,2024-08-03,Karachi,0.0,Instagram
ORD_00637,CUST_0209,PROD_027,Basic Gadget 027,Sports,4,256.41,1025.65,2025-06-11,Islamabad,0.0,Referral
ORD_00638,CUST_0334,PROD_062,Smart Widget 062,Electronics,1,542.09,542.09,2023-08-30,Rawalpindi,0.0,Referral
ORD_00638,CUST_0334,PROD_010,Pro Item 010,Sports,4,118.8,475.22,2023-08-30,Rawalpindi,0.0,Referral
ORD_00638,CUST_0334,PROD_067,Smart Tool 067,Clothing,1,89.29,89.29,2023-08-30,Rawalpindi,0.0,Referral
ORD_00639,CUST_0498,PROD_022,Pro Tool 022,Home & Kitchen,4,36.32,127.05,2023-04-27,Rawalpindi,18.22,Instagram
ORD_00640,CUST_0005,PROD_035,Smart Widget 035,Toys,3,330.97,992.9,2023-10-31,Rawalpindi,0.0,Facebook
ORD_00641,CUST_0333,PROD_027,Basic Gadget 027,Sports,3,253.77,761.32,2023-06-19,Islamabad,0.0,Email
ORD_00641,CUST_0333,PROD_060,Premium Tool 060,Toys,2,507.45,795.63,2023-06-19,Islamabad,219.26,Email
ORD_00642,CUST_0437,PROD_061,Smart Widget 061,Electronics,1,305.52,305.52,2023-05-19,Faisalabad,0.0,Referral
ORD_00642,CUST_0437,PROD_061,Smart Widget 061,Electronics,1,394.58,394.58,2023-05-19,Faisalabad,0.0,Referral
ORD_00643,CUST_0360,PROD_069,Premium Item 069,Electronics,4,32.23,128.93,2023-07-12,Multan,0.0,Organic
ORD_00643,CUST_0360,PROD_060,Premium Tool 060,Toys,2,357.19,525.07,2023-07-12,Multan,189.31,Organic
ORD_00644,CUST_0177,PROD_037,Basic Device 037,Toys,4,477.6,1910.4,2024-10-05,Lahore,0.0,Facebook
ORD_00645,CUST_0320,PROD_070,Elite Device 070,Toys,2,224.58,449.15,2025-02-24,Islamabad,0.0,Email
ORD_00645,CUST_0320,PROD_028,Premium Widget 028,Clothing,3,276.6,829.81,2025-02-24,Islamabad,0.0,Email
ORD_00645,CUST_0320,PROD_017,Pro Gadget 017,Home & Kitchen,4,171.57,564.38,2025-02-24,Islamabad,121.92,Email
ORD_00645,CUST_0320,PROD_036,Smart Device 036,Clothing,4,75.02,300.08,2025-02-24,Islamabad,0.0,Email
ORD_00646,CUST_0119,PROD_019,Smart Gadget 019,Clothing,2,204.8,369.87,2023-08-10,Peshawar,39.73,Email
ORD_00647,CUST_0459,PROD_055,Elite Item 055,Beauty,4,196.82,787.26,2023-02-23,Faisalabad,0.0,Instagram
ORD_00647,CUST_0459,PROD_016,Premium Tool 016,Home & Kitchen,2,237.76,475.51,2023-02-23,Faisalabad,0.0,Instagram
ORD_00648,CUST_0198,PROD_067,Smart Tool 067,Clothing,3,104.31,233.87,2024-12-24,Islamabad,79.07,Facebook
ORD_00648,CUST_0198,PROD_022,Pro Tool 022,Home & Kitchen,3,46.02,114.84,2024-12-24,Islamabad,23.21,Facebook
ORD_00648,CUST_0198,PROD_063,Basic Gadget 063,Beauty,3,266.35,799.04,2024-12-24,Islamabad,0.0,Facebook
ORD_00648,CUST_0198,PROD_056,Premium Widget 056,Electronics,3,180.58,402.73,2024-12-24,Islamabad,139.02,Facebook
ORD_00649,CUST_0395,PROD_028,Premium Widget 028,Clothing,2,302.52,605.05,2024-11-17,Multan,0.0,Instagram
ORD_00649,CUST_0395,PROD_002,Basic Gadget 002,Books,2,58.82,117.65,2024-11-17,Multan,0.0,Instagram
ORD_00649,CUST_0395,PROD_001,Premium Widget 001,Books,3,134.83,293.35,2024-11-17,Multan,111.13,Instagram
ORD_00650,CUST_0258,PROD_036,Smart Device 036,Clothing,4,81.44,256.93,2023-01-14,Islamabad,68.82,Organic
ORD_00650,CUST_0258,PROD_036,Smart Device 036,Clothing,1,100.89,74.76,2023-01-14,Islamabad,26.13,Organic
ORD_00650,CUST_0258,PROD_061,Smart Widget 061,Electronics,4,328.27,1313.09,2023-01-14,Islamabad,0.0,Organic
ORD_00650,CUST_0258,PROD_070,Elite Device 070,Toys,1,220.33,220.33,2023-01-14,Islamabad,0.0,Organic
ORD_00650,CUST_0258,PROD_020,Pro Device 020,Clothing,2,396.71,793.43,2023-01-14,Islamabad,0.0,Organic
ORD_00651,CUST_0215,PROD_008,Elite Item 008,Home & Kitchen,3,72.3,216.91,2025-05-04,Karachi,0.0,Instagram
ORD_00652,CUST_0437,PROD_043,Elite Device 043,Clothing,3,162.13,486.4,2023-07-18,Multan,0.0,Organic
ORD_00652,CUST_0437,PROD_076,Smart Device 076,Home & Kitchen,3,471.07,1242.28,2023-07-18,Multan,170.93,Organic
ORD_00652,CUST_0437,PROD_008,Elite Item 008,Home & Kitchen,1,75.6,72.25,2023-07-18,Multan,3.35,Organic
ORD_00652,CUST_0437,PROD_035,Smart Widget 035,Toys,1,274.96,274.96,2023-07-18,Multan,0.0,Organic
ORD_00652,CUST_0437,PROD_078,Basic Item 078,Beauty,2,177.38,354.76,2023-07-18,Multan,0.0,Organic
ORD_00653,CUST_0326,PROD_072,Premium Device 072,Electronics,3,288.73,866.19,2025-02-03,Islamabad,0.0,Facebook
ORD_00654,CUST_0429,PROD_012,Elite Widget 012,Sports,1,179.35,179.35,2024-12-14,Faisalabad,0.0,Instagram
ORD_00655,CUST_0045,PROD_003,Smart Widget 003,Sports,2,241.77,483.54,2023-07-10,Faisalabad,0.0,Referral
ORD_00655,CUST_0045,PROD_048,Smart Device 048,Clothing,4,248.37,919.94,2023-07-10,Faisalabad,73.54,Referral
ORD_00655,CUST_0045,PROD_025,Basic Device 025,Sports,2,128.22,256.45,2023-07-10,Faisalabad,0.0,Referral
ORD_00656,CUST_0147,PROD_041,Premium Widget 041,Books,4,220.94,883.76,2023-07-02,Lahore,0.0,Email
ORD_00656,CUST_0147,PROD_026,Smart Tool 026,Sports,2,245.15,490.29,2023-07-02,Lahore,0.0,Email
ORD_00656,CUST_0147,PROD_057,Pro Widget 057,Clothing,3,86.94,260.83,2023-07-02,Lahore,0.0,Email
ORD_00657,CUST_0187,PROD_022,Pro Tool 022,Home & Kitchen,1,50.06,50.06,2023-12-24,Rawalpindi,0.0,Referral
ORD_00657,CUST_0187,PROD_020,Pro Device 020,Clothing,2,413.69,827.38,2023-12-24,Rawalpindi,0.0,Referral
ORD_00657,CUST_0187,PROD_037,Basic Device 037,Toys,2,432.83,722.4,2023-12-24,Rawalpindi,143.25,Referral
ORD_00657,CUST_0187,PROD_035,Smart Widget 035,Toys,1,318.08,318.08,2023-12-24,Rawalpindi,0.0,Referral
ORD_00657,CUST_0187,PROD_028,Premium Widget 028,Clothing,4,287.08,970.21,2023-12-24,Rawalpindi,178.12,Referral
ORD_00658,CUST_0324,PROD_076,Smart Device 076,Home & Kitchen,3,444.1,1332.3,2023-07-10,Lahore,0.0,Instagram
ORD_00658,CUST_0324,PROD_076,Smart Device 076,Home & Kitchen,1,434.76,434.76,2023-07-10,Lahore,0.0,Instagram
ORD_00658,CUST_0324,PROD_046,Pro Tool 046,Sports,1,199.67,199.67,2023-07-10,Lahore,0.0,Instagram
ORD_00658,CUST_0324,PROD_044,Smart Tool 044,Clothing,1,406.95,406.95,2023-07-10,Lahore,0.0,Instagram
ORD_00659,CUST_0084,PROD_057,Pro Widget 057,Clothing,4,107.77,336.54,2024-04-23,Lahore,94.53,Organic
ORD_00659,CUST_0084,PROD_061,Smart Widget 061,Electronics,2,296.93,593.87,2024-04-23,Lahore,0.0,Organic
ORD_00659,CUST_0084,PROD_044,Smart Tool 044,Clothing,4,498.39,1993.57,2024-04-23,Lahore,0.0,Organic
ORD_00659,CUST_0084,PROD_030,Smart Tool 030,Sports,1,128.98,92.07,2024-04-23,Lahore,36.91,Organic
ORD_00659,CUST_0084,PROD_052,Elite Gadget 052,Sports,1,64.77,64.77,2024-04-23,Lahore,0.0,Organic
ORD_00660,CUST_0154,PROD_026,Smart Tool 026,Sports,2,175.26,350.51,2025-06-26,Multan,0.0,Email
ORD_00660,CUST_0154,PROD_007,Pro Widget 007,Toys,1,373.96,284.04,2025-06-26,Multan,89.92,Email
ORD_00660,CUST_0154,PROD_059,Pro Tool 059,Clothing,4,379.8,1519.2,2025-06-26,Multan,0.0,Email
ORD_00660,CUST_0154,PROD_019,Smart Gadget 019,Clothing,2,272.74,545.48,2025-06-26,Multan,0.0,Email
ORD_00660,CUST_0154,PROD_011,Premium Tool 011,Sports,2,63.65,127.3,2025-06-26,Multan,0.0,Email
ORD_00661,CUST_0047,PROD_072,Premium Device 072,Electronics,3,273.35,820.06,2025-01-11,Lahore,0.0,Referral
ORD_00661,CUST_0047,PROD_013,Smart Item 013,Sports,4,106.3,425.19,2025-01-11,Lahore,0.0,Referral
ORD_00662,CUST_0109,PROD_032,Smart Item 032,Toys,1,309.5,309.5,2024-04-28,Peshawar,0.0,Instagram
ORD_00662,CUST_0109,PROD_018,Pro Widget 018,Sports,4,356.24,1074.52,2024-04-28,Peshawar,350.45,Instagram
ORD_00662,CUST_0109,PROD_055,Elite Item 055,Beauty,4,214.33,857.3,2024-04-28,Peshawar,0.0,Instagram
ORD_00662,CUST_0109,PROD_076,Smart Device 076,Home & Kitchen,1,415.91,320.1,2024-04-28,Peshawar,95.81,Instagram
ORD_00663,CUST_0189,PROD_079,Premium Widget 079,Beauty,4,366.5,1405.28,2024-01-06,Faisalabad,60.73,Organic
ORD_00663,CUST_0189,PROD_025,Basic Device 025,Sports,1,122.71,122.71,2024-01-06,Faisalabad,0.0,Organic
ORD_00663,CUST_0189,PROD_044,Smart Tool 044,Clothing,4,493.83,1975.33,2024-01-06,Faisalabad,0.0,Organic
ORD_00664,CUST_0146,PROD_005,Smart Widget 005,Sports,3,127.13,381.4,2023-11-15,Multan,0.0,Instagram
ORD_00664,CUST_0146,PROD_021,Premium Gadget 021,Toys,4,27.61,95.03,2023-11-15,Multan,15.4,Instagram
ORD_00664,CUST_0146,PROD_011,Premium Tool 011,Sports,3,76.46,229.37,2023-11-15,Multan,0.0,Instagram
ORD_00664,CUST_0146,PROD_052,Elite Gadget 052,Sports,1,64.68,64.68,2023-11-15,Multan,0.0,Instagram
ORD_00665,CUST_0260,PROD_052,Elite Gadget 052,Sports,4,82.95,331.81,2024-01-29,Karachi,0.0,Instagram
ORD_00665,CUST_0260,PROD_034,Premium Item 034,Sports,1,399.25,345.32,2024-01-29,Karachi,53.93,Instagram
ORD_00665,CUST_0260,PROD_048,Smart Device 048,Clothing,4,323.64,917.16,2024-01-29,Karachi,377.41,Instagram
ORD_00665,CUST_0260,PROD_015,Pro Widget 015,Toys,2,147.93,295.86,2024-01-29,Karachi,0.0,Instagram
ORD_00666,CUST_0197,PROD_044,Smart Tool 044,Clothing,3,408.91,958.94,2025-06-10,Lahore,267.78,Organic
ORD_00667,CUST_0233,PROD_006,Smart Tool 006,Clothing,1,263.97,263.97,2024-03-21,Rawalpindi,0.0,Facebook
ORD_00668,CUST_0026,PROD_033,Premium Item 033,Beauty,4,81.81,327.24,2025-06-29,Multan,0.0,Facebook
ORD_00668,CUST_0026,PROD_004,Premium Widget 004,Clothing,3,108.06,324.19,2025-06-29,Multan,0.0,Facebook
ORD_00668,CUST_0026,PROD_003,Smart Widget 003,Sports,4,201.54,662.06,2025-06-29,Multan,144.09,Facebook
ORD_00668,CUST_0026,PROD_046,Pro Tool 046,Sports,1,234.12,234.12,2025-06-29,Multan,0.0,Facebook
ORD_00668,CUST_0026,PROD_023,Smart Item 023,Clothing,1,335.79,335.79,2025-06-29,Multan,0.0,Facebook
ORD_00669,CUST_0075,PROD_045,Basic Item 045,Beauty,4,535.24,2140.95,2024-10-10,Rawalpindi,0.0,Facebook
ORD_00669,CUST_0075,PROD_068,Basic Widget 068,Sports,4,302.43,1209.72,2024-10-10,Rawalpindi,0.0,Facebook
ORD_00669,CUST_0075,PROD_005,Smart Widget 005,Sports,2,112.13,169.6,2024-10-10,Rawalpindi,54.66,Facebook
ORD_00669,CUST_0075,PROD_013,Smart Item 013,Sports,4,104.75,376.53,2024-10-10,Rawalpindi,42.46,Facebook
ORD_00670,CUST_0327,PROD_003,Smart Widget 003,Sports,2,255.78,511.57,2025-02-06,Rawalpindi,0.0,Instagram
ORD_00670,CUST_0327,PROD_011,Premium Tool 011,Sports,4,84.4,279.78,2025-02-06,Rawalpindi,57.82,Instagram
ORD_00670,CUST_0327,PROD_039,Premium Item 039,Toys,2,436.81,873.63,2025-02-06,Rawalpindi,0.0,Instagram
ORD_00671,CUST_0294,PROD_036,Smart Device 036,Clothing,2,77.31,126.58,2024-04-29,Peshawar,28.05,Instagram
ORD_00671,CUST_0294,PROD_024,Elite Tool 024,Clothing,3,127.08,381.24,2024-04-29,Peshawar,0.0,Instagram
ORD_00672,CUST_0010,PROD_036,Smart Device 036,Clothing,3,83.61,203.07,2025-03-11,Multan,47.77,Google Ads
ORD_00672,CUST_0010,PROD_013,Smart Item 013,Sports,2,92.75,173.2,2025-03-11,Multan,12.3,Google Ads
ORD_00672,CUST_0010,PROD_079,Premium Widget 079,Beauty,3,343.06,886.95,2025-03-11,Multan,142.23,Google Ads
ORD_00672,CUST_0010,PROD_054,Elite Tool 054,Clothing,3,57.15,171.46,2025-03-11,Multan,0.0,Google Ads
ORD_00673,CUST_0286,PROD_045,Basic Item 045,Beauty,4,428.31,1456.77,2023-01-13,Islamabad,256.46,Facebook
ORD_00673,CUST_0286,PROD_069,Premium Item 069,Electronics,2,36.96,73.92,2023-01-13,Islamabad,0.0,Facebook
ORD_00673,CUST_0286,PROD_005,Smart Widget 005,Sports,1,113.08,113.08,2023-01-13,Islamabad,0.0,Facebook
ORD_00674,CUST_0177,PROD_048,Smart Device 048,Clothing,3,273.5,820.49,2023-03-27,Multan,0.0,Email
ORD_00674,CUST_0177,PROD_060,Premium Tool 060,Toys,1,372.59,372.59,2023-03-27,Multan,0.0,Email
ORD_00675,CUST_0320,PROD_003,Smart Widget 003,Sports,3,221.63,664.9,2023-12-27,Rawalpindi,0.0,Instagram
ORD_00675,CUST_0320,PROD_031,Smart Widget 031,Books,4,424.33,1697.32,2023-12-27,Rawalpindi,0.0,Instagram
ORD_00675,CUST_0320,PROD_078,Basic Item 078,Beauty,1,138.34,138.34,2023-12-27,Rawalpindi,0.0,Instagram
ORD_00675,CUST_0320,PROD_015,Pro Widget 015,Toys,3,108.12,324.36,2023-12-27,Rawalpindi,0.0,Instagram
ORD_00675,CUST_0320,PROD_052,Elite Gadget 052,Sports,4,70.4,281.6,2023-12-27,Rawalpindi,0.0,Instagram
ORD_00676,CUST_0462,PROD_014,Premium Widget 014,Books,3,121.78,365.35,2024-09-05,Islamabad,0.0,Facebook
ORD_00676,CUST_0462,PROD_029,Elite Device 029,Electronics,4,198.13,792.52,2024-09-05,Islamabad,0.0,Facebook
ORD_00676,CUST_0462,PROD_058,Smart Tool 058,Clothing,2,253.47,506.94,2024-09-05,Islamabad,0.0,Facebook
ORD_00677,CUST_0148,PROD_060,Premium Tool 060,Toys,2,463.75,927.5,2023-01-04,Peshawar,0.0,Facebook
ORD_00677,CUST_0148,PROD_075,Smart Widget 075,Beauty,4,395.11,1580.44,2023-01-04,Peshawar,0.0,Facebook
ORD_00677,CUST_0148,PROD_004,Premium Widget 004,Clothing,2,106.07,148.58,2023-01-04,Peshawar,63.57,Facebook
ORD_00677,CUST_0148,PROD_077,Basic Item 077,Clothing,4,165.12,660.5,2023-01-04,Peshawar,0.0,Facebook
ORD_00677,CUST_0148,PROD_032,Smart Item 032,Toys,2,333.05,666.11,2023-01-04,Peshawar,0.0,Facebook
ORD_00678,CUST_0047,PROD_050,Basic Widget 050,Electronics,2,491.64,983.29,2024-01-15,Multan,0.0,Email
ORD_00679,CUST_0189,PROD_026,Smart Tool 026,Sports,3,175.48,526.45,2025-01-10,Lahore,0.0,Instagram
ORD_00679,CUST_0189,PROD_004,Premium Widget 004,Clothing,2,127.85,255.7,2025-01-10,Lahore,0.0,Instagram
ORD_00680,CUST_0351,PROD_060,Premium Tool 060,Toys,1,484.54,357.77,2024-09-09,Lahore,126.77,Google Ads
ORD_00680,CUST_0351,PROD_021,Premium Gadget 021,Toys,2,25.34,50.58,2024-09-09,Lahore,0.1,Google Ads
ORD_00680,CUST_0351,PROD_005,Smart Widget 005,Sports,4,123.2,365.34,2024-09-09,Lahore,127.47,Google Ads
ORD_00680,CUST_0351,PROD_010,Pro Item 010,Sports,4,165.17,554.19,2024-09-09,Lahore,106.51,Google Ads
ORD_00681,CUST_0367,PROD_004,Premium Widget 004,Clothing,4,123.05,448.93,2025-03-06,Multan,43.26,Email
ORD_00681,CUST_0367,PROD_051,Premium Device 051,Clothing,1,138.45,117.2,2025-03-06,Multan,21.25,Email
ORD_00681,CUST_0367,PROD_057,Pro Widget 057,Clothing,4,115.82,463.29,2025-03-06,Multan,0.0,Email
ORD_00681,CUST_0367,PROD_034,Premium Item 034,Sports,1,417.4,417.4,2025-03-06,Multan,0.0,Email
ORD_00681,CUST_0367,PROD_044,Smart Tool 044,Clothing,2,542.01,1015.7,2025-03-06,Multan,68.32,Email
ORD_00682,CUST_0050,PROD_063,Basic Gadget 063,Beauty,2,273.45,546.9,2023-12-04,Rawalpindi,0.0,Referral
ORD_00683,CUST_0353,PROD_034,Premium Item 034,Sports,3,397.84,1140.52,2024-03-31,Peshawar,53.0,Instagram
ORD_00683,CUST_0353,PROD_037,Basic Device 037,Toys,1,410.44,410.44,2024-03-31,Peshawar,0.0,Instagram
ORD_00683,CUST_0353,PROD_047,Basic Gadget 047,Electronics,3,162.08,403.43,2024-03-31,Peshawar,82.8,Instagram
ORD_00684,CUST_0157,PROD_020,Pro Device 020,Clothing,2,296.62,593.23,2024-05-01,Multan,0.0,Facebook
ORD_00684,CUST_0157,PROD_050,Basic Widget 050,Electronics,3,454.81,1364.43,2024-05-01,Multan,0.0,Facebook
ORD_00684,CUST_0157,PROD_028,Premium Widget 028,Clothing,3,272.8,818.4,2024-05-01,Multan,0.0,Facebook
ORD_00684,CUST_0157,PROD_047,Basic Gadget 047,Electronics,4,174.04,493.08,2024-05-01,Multan,203.09,Facebook
ORD_00685,CUST_0330,PROD_041,Premium Widget 041,Books,3,236.03,570.36,2023-06-09,Peshawar,137.73,Email
ORD_00685,CUST_0330,PROD_068,Basic Widget 068,Sports,4,322.4,1284.09,2023-06-09,Peshawar,5.51,Email
ORD_00685,CUST_0330,PROD_009,Pro Widget 009,Electronics,3,174.57,523.71,2023-06-09,Peshawar,0.0,Email
ORD_00685,CUST_0330,PROD_020,Pro Device 020,Clothing,3,360.47,1042.62,2023-06-09,Peshawar,38.8,Email
ORD_00685,CUST_0330,PROD_026,Smart Tool 026,Sports,3,205.61,616.83,2023-06-09,Peshawar,0.0,Email
ORD_00686,CUST_0327,PROD_026,Smart Tool 026,Sports,3,219.22,657.67,2023-01-13,Lahore,0.0,Referral
ORD_00686,CUST_0327,PROD_013,Smart Item 013,Sports,3,104.53,313.59,2023-01-13,Lahore,0.0,Referral
ORD_00686,CUST_0327,PROD_069,Premium Item 069,Electronics,1,41.08,41.08,2023-01-13,Lahore,0.0,Referral
ORD_00686,CUST_0327,PROD_073,Basic Tool 073,Electronics,2,423.24,800.09,2023-01-13,Lahore,46.39,Referral
ORD_00686,CUST_0327,PROD_032,Smart Item 032,Toys,2,348.65,697.3,2023-01-13,Lahore,0.0,Referral
ORD_00687,CUST_0021,PROD_012,Elite Widget 012,Sports,2,168.0,244.66,2024-09-15,Faisalabad,91.34,Facebook
ORD_00687,CUST_0021,PROD_017,Pro Gadget 017,Home & Kitchen,3,151.75,455.24,2024-09-15,Faisalabad,0.0,Facebook
ORD_00687,CUST_0021,PROD_075,Smart Widget 075,Beauty,4,327.36,1309.45,2024-09-15,Faisalabad,0.0,Facebook
ORD_00688,CUST_0401,PROD_010,Pro Item 010,Sports,2,138.41,276.82,2023-02-22,Peshawar,0.0,Referral
ORD_00688,CUST_0401,PROD_061,Smart Widget 061,Electronics,2,276.81,553.61,2023-02-22,Peshawar,0.0,Referral
ORD_00688,CUST_0401,PROD_077,Basic Item 077,Clothing,4,128.94,515.74,2023-02-22,Peshawar,0.0,Referral
ORD_00689,CUST_0221,PROD_025,Basic Device 025,Sports,4,166.06,664.23,2025-05-31,Multan,0.0,Instagram
ORD_00690,CUST_0209,PROD_023,Smart Item 023,Clothing,3,332.13,996.38,2024-09-07,Rawalpindi,0.0,Referral
ORD_00690,CUST_0209,PROD_039,Premium Item 039,Toys,3,464.86,1394.59,2024-09-07,Rawalpindi,0.0,Referral
ORD_00690,CUST_0209,PROD_036,Smart Device 036,Clothing,3,89.17,267.5,2024-09-07,Rawalpindi,0.0,Referral
ORD_00691,CUST_0388,PROD_066,Elite Item 066,Beauty,4,350.74,1402.95,2023-07-06,Karachi,0.0,Facebook
ORD_00691,CUST_0388,PROD_056,Premium Widget 056,Electronics,3,173.66,467.47,2023-07-06,Karachi,53.52,Facebook
ORD_00691,CUST_0388,PROD_069,Premium Item 069,Electronics,2,30.33,60.67,2023-07-06,Karachi,0.0,Facebook
ORD_00691,CUST_0388,PROD_030,Smart Tool 030,Sports,2,122.92,245.84,2023-07-06,Karachi,0.0,Facebook
ORD_00692,CUST_0393,PROD_039,Premium Item 039,Toys,2,416.83,833.66,2024-06-27,Karachi,0.0,Referral
ORD_00692,CUST_0393,PROD_021,Premium Gadget 021,Toys,2,28.47,42.38,2024-06-27,Karachi,14.56,Referral
ORD_00692,CUST_0393,PROD_079,Premium Widget 079,Beauty,2,292.45,584.9,2024-06-27,Karachi,0.0,Referral
ORD_00692,CUST_0393,PROD_061,Smart Widget 061,Electronics,4,366.43,1465.71,2024-06-27,Karachi,0.0,Referral
ORD_00693,CUST_0478,PROD_048,Smart Device 048,Clothing,2,275.22,413.5,2023-09-27,Peshawar,136.93,Facebook
ORD_00693,CUST_0478,PROD_041,Premium Widget 041,Books,4,229.08,916.34,2023-09-27,Peshawar,0.0,Facebook
ORD_00693,CUST_0478,PROD_054,Elite Tool 054,Clothing,1,62.12,62.12,2023-09-27,Peshawar,0.0,Facebook
ORD_00693,CUST_0478,PROD_053,Smart Device 053,Beauty,3,136.6,409.79,2023-09-27,Peshawar,0.0,Facebook
ORD_00694,CUST_0234,PROD_026,Smart Tool 026,Sports,2,219.04,438.09,2025-02-24,Karachi,0.0,Referral
ORD_00694,CUST_0234,PROD_048,Smart Device 048,Clothing,1,277.08,250.01,2025-02-24,Karachi,27.07,Referral
ORD_00694,CUST_0234,PROD_072,Premium Device 072,Electronics,2,381.41,662.1,2025-02-24,Karachi,100.72,Referral
ORD_00695,CUST_0141,PROD_042,Premium Device 042,Toys,4,84.27,337.07,2023-04-20,Lahore,0.0,Google Ads
ORD_00696,CUST_0488,PROD_063,Basic Gadget 063,Beauty,2,226.15,401.42,2023-02-17,Multan,50.89,Referral
ORD_00696,CUST_0488,PROD_013,Smart Item 013,Sports,1,110.04,110.04,2023-02-17,Multan,0.0,Referral
ORD_00696,CUST_0488,PROD_048,Smart Device 048,Clothing,4,348.89,1395.57,2023-02-17,Multan,0.0,Referral
ORD_00696,CUST_0488,PROD_018,Pro Widget 018,Sports,1,298.6,261.53,2023-02-17,Multan,37.07,Referral
ORD_00697,CUST_0078,PROD_074,Smart Gadget 074,Sports,2,308.76,617.53,2025-06-13,Faisalabad,0.0,Facebook
ORD_00697,CUST_0078,PROD_042,Premium Device 042,Toys,3,73.24,174.27,2025-06-13,Faisalabad,45.46,Facebook
ORD_00698,CUST_0072,PROD_041,Premium Widget 041,Books,3,288.35,865.05,2025-03-01,Peshawar,0.0,Referral
ORD_00699,CUST_0453,PROD_030,Smart Tool 030,Sports,4,125.85,503.4,2023-08-08,Islamabad,0.0,Instagram
ORD_00699,CUST_0453,PROD_034,Premium Item 034,Sports,3,399.25,1147.35,2023-08-08,Islamabad,50.4,Instagram
ORD_00700,CUST_0329,PROD_007,Pro Widget 007,Toys,1,471.73,471.73,2024-02-25,Rawalpindi,0.0,Instagram
ORD_00700,CUST_0329,PROD_003,Smart Widget 003,Sports,4,259.71,766.75,2024-02-25,Rawalpindi,272.1,Instagram
ORD_00700,CUST_0329,PROD_042,Premium Device 042,Toys,4,65.39,261.57,2024-02-25,Rawalpindi,0.0,Instagram
ORD_00700,CUST_0329,PROD_009,Pro Widget 009,Electronics,1,201.28,154.14,2024-02-25,Rawalpindi,47.14,Instagram
ORD_00701,CUST_0273,PROD_074,Smart Gadget 074,Sports,4,314.57,974.46,2023-06-12,Peshawar,283.83,Organic
ORD_00701,CUST_0273,PROD_056,Premium Widget 056,Electronics,3,204.44,430.36,2023-06-12,Peshawar,182.95,Organic
ORD_00701,CUST_0273,PROD_020,Pro Device 020,Clothing,3,286.46,771.77,2023-06-12,Peshawar,87.61,Organic
ORD_00701,CUST_0273,PROD_068,Basic Widget 068,Sports,4,428.22,1712.88,2023-06-12,Peshawar,0.0,Organic
ORD_00701,CUST_0273,PROD_038,Premium Device 038,Home & Kitchen,1,261.76,261.76,2023-06-12,Peshawar,0.0,Organic
ORD_00702,CUST_0005,PROD_034,Premium Item 034,Sports,2,396.3,666.01,2023-08-19,Rawalpindi,126.59,Google Ads
ORD_00702,CUST_0005,PROD_026,Smart Tool 026,Sports,3,238.07,590.6,2023-08-19,Rawalpindi,123.6,Google Ads
ORD_00702,CUST_0005,PROD_025,Basic Device 025,Sports,2,122.43,244.86,2023-08-19,Rawalpindi,0.0,Google Ads
ORD_00703,CUST_0014,PROD_017,Pro Gadget 017,Home & Kitchen,3,217.56,652.67,2024-06-30,Peshawar,0.0,Organic
ORD_00703,CUST_0014,PROD_041,Premium Widget 041,Books,2,263.84,527.68,2024-06-30,Peshawar,0.0,Organic
ORD_00703,CUST_0014,PROD_021,Premium Gadget 021,Toys,4,30.78,123.13,2024-06-30,Peshawar,0.0,Organic
ORD_00703,CUST_0014,PROD_028,Premium Widget 028,Clothing,3,257.43,553.48,2024-06-30,Peshawar,218.8,Organic
ORD_00703,CUST_0014,PROD_016,Premium Tool 016,Home & Kitchen,4,188.1,559.59,2024-06-30,Peshawar,192.8,Organic
ORD_00704,CUST_0107,PROD_052,Elite Gadget 052,Sports,2,66.02,132.04,2024-01-25,Rawalpindi,0.0,Instagram
ORD_00705,CUST_0418,PROD_075,Smart Widget 075,Beauty,1,287.33,287.33,2023-05-08,Lahore,0.0,Email
ORD_00706,CUST_0482,PROD_041,Premium Widget 041,Books,4,217.47,661.16,2024-05-15,Islamabad,208.71,Referral
ORD_00706,CUST_0482,PROD_047,Basic Gadget 047,Electronics,4,158.47,633.86,2024-05-15,Islamabad,0.0,Referral
ORD_00706,CUST_0482,PROD_059,Pro Tool 059,Clothing,1,352.07,309.79,2024-05-15,Islamabad,42.28,Referral
ORD_00706,CUST_0482,PROD_013,Smart Item 013,Sports,3,98.4,295.2,2024-05-15,Islamabad,0.0,Referral
ORD_00706,CUST_0482,PROD_009,Pro Widget 009,Electronics,4,231.15,860.98,2024-05-15,Islamabad,63.62,Referral
ORD_00707,CUST_0360,PROD_036,Smart Device 036,Clothing,3,69.45,197.27,2023-03-28,Rawalpindi,11.09,Organic
ORD_00707,CUST_0360,PROD_002,Basic Gadget 002,Books,2,60.67,121.34,2023-03-28,Rawalpindi,0.0,Organic
ORD_00707,CUST_0360,PROD_061,Smart Widget 061,Electronics,1,271.7,201.08,2023-03-28,Rawalpindi,70.62,Organic
ORD_00707,CUST_0360,PROD_038,Premium Device 038,Home & Kitchen,3,261.15,684.9,2023-03-28,Rawalpindi,98.54,Organic
ORD_00708,CUST_0090,PROD_024,Elite Tool 024,Clothing,3,160.99,482.96,2024-06-15,Multan,0.0,Referral
ORD_00708,CUST_0090,PROD_021,Premium Gadget 021,Toys,1,25.7,25.7,2024-06-15,Multan,0.0,Referral
ORD_00709,CUST_0321,PROD_004,Premium Widget 004,Clothing,1,115.65,114.46,2024-01-18,Faisalabad,1.19,Facebook
ORD_00709,CUST_0321,PROD_019,Smart Gadget 019,Clothing,4,193.61,774.43,2024-01-18,Faisalabad,0.0,Facebook
ORD_00709,CUST_0321,PROD_077,Basic Item 077,Clothing,2,120.99,241.97,2024-01-18,Faisalabad,0.0,Facebook
ORD_00710,CUST_0460,PROD_015,Pro Widget 015,Toys,4,122.3,489.22,2023-08-17,Rawalpindi,0.0,Organic
ORD_00711,CUST_0460,PROD_001,Premium Widget 001,Books,3,143.38,397.0,2024-07-03,Lahore,33.15,Email
ORD_00711,CUST_0460,PROD_042,Premium Device 042,Toys,3,84.71,246.78,2024-07-03,Lahore,7.35,Email
ORD_00711,CUST_0460,PROD_064,Basic Tool 064,Electronics,2,77.1,154.2,2024-07-03,Lahore,0.0,Email
ORD_00711,CUST_0460,PROD_019,Smart Gadget 019,Clothing,2,251.57,394.87,2024-07-03,Lahore,108.27,Email
ORD_00712,CUST_0145,PROD_029,Elite Device 029,Electronics,3,173.49,469.17,2025-06-27,Karachi,51.31,Google Ads
ORD_00712,CUST_0145,PROD_060,Premium Tool 060,Toys,3,476.98,1430.93,2025-06-27,Karachi,0.0,Google Ads
ORD_00712,CUST_0145,PROD_055,Elite Item 055,Beauty,3,225.07,675.22,2025-06-27,Karachi,0.0,Google Ads
ORD_00712,CUST_0145,PROD_005,Smart Widget 005,Sports,4,113.1,319.45,2025-06-27,Karachi,132.94,Google Ads
ORD_00712,CUST_0145,PROD_002,Basic Gadget 002,Books,2,63.46,117.87,2025-06-27,Karachi,9.06,Google Ads
ORD_00713,CUST_0204,PROD_062,Smart Widget 062,Electronics,3,405.98,863.23,2023-11-27,Faisalabad,354.7,Instagram
ORD_00714,CUST_0208,PROD_034,Premium Item 034,Sports,4,324.75,1299.02,2024-04-07,Rawalpindi,0.0,Email
ORD_00714,CUST_0208,PROD_066,Elite Item 066,Beauty,3,328.46,909.91,2024-04-07,Rawalpindi,75.47,Email
ORD_00715,CUST_0414,PROD_059,Pro Tool 059,Clothing,1,467.97,467.97,2025-06-11,Peshawar,0.0,Email
ORD_00715,CUST_0414,PROD_067,Smart Tool 067,Clothing,3,85.04,255.13,2025-06-11,Peshawar,0.0,Email
ORD_00715,CUST_0414,PROD_004,Premium Widget 004,Clothing,2,103.89,156.04,2025-06-11,Peshawar,51.74,Email
ORD_00715,CUST_0414,PROD_016,Premium Tool 016,Home & Kitchen,3,197.47,592.4,2025-06-11,Peshawar,0.0,Email
ORD_00716,CUST_0232,PROD_024,Elite Tool 024,Clothing,4,157.68,534.07,2024-03-22,Karachi,96.67,Email
ORD_00716,CUST_0232,PROD_019,Smart Gadget 019,Clothing,2,262.61,525.22,2024-03-22,Karachi,0.0,Email
ORD_00716,CUST_0232,PROD_046,Pro Tool 046,Sports,2,237.05,474.09,2024-03-22,Karachi,0.0,Email
ORD_00716,CUST_0232,PROD_007,Pro Widget 007,Toys,3,411.24,864.65,2024-03-22,Karachi,369.07,Email
ORD_00716,CUST_0232,PROD_022,Pro Tool 022,Home & Kitchen,3,36.64,88.97,2024-03-22,Karachi,20.94,Email
ORD_00717,CUST_0440,PROD_020,Pro Device 020,Clothing,4,394.97,1579.88,2024-09-25,Peshawar,0.0,Referral
ORD_00717,CUST_0440,PROD_052,Elite Gadget 052,Sports,3,71.53,214.59,2024-09-25,Peshawar,0.0,Referral
ORD_00718,CUST_0216,PROD_039,Premium Item 039,Toys,1,336.39,268.96,2024-05-02,Islamabad,67.43,Google Ads
ORD_00718,CUST_0216,PROD_027,Basic Gadget 027,Sports,1,207.42,207.42,2024-05-02,Islamabad,0.0,Google Ads
ORD_00718,CUST_0216,PROD_019,Smart Gadget 019,Clothing,4,267.01,809.49,2024-05-02,Islamabad,258.57,Google Ads
ORD_00718,CUST_0216,PROD_032,Smart Item 032,Toys,4,361.18,1275.27,2024-05-02,Islamabad,169.47,Google Ads
ORD_00719,CUST_0100,PROD_036,Smart Device 036,Clothing,2,98.22,196.44,2023-09-12,Karachi,0.0,Google Ads
ORD_00719,CUST_0100,PROD_075,Smart Widget 075,Beauty,2,293.03,586.06,2023-09-12,Karachi,0.0,Google Ads
ORD_00719,CUST_0100,PROD_036,Smart Device 036,Clothing,3,68.28,204.83,2023-09-12,Karachi,0.0,Google Ads
ORD_00720,CUST_0160,PROD_077,Basic Item 077,Clothing,4,125.14,500.54,2024-06-20,Peshawar,0.0,Referral
ORD_00721,CUST_0421,PROD_059,Pro Tool 059,Clothing,2,363.15,527.91,2023-05-08,Multan,198.39,Email
ORD_00721,CUST_0421,PROD_044,Smart Tool 044,Clothing,3,548.81,1646.42,2023-05-08,Multan,0.0,Email
ORD_00721,CUST_0421,PROD_033,Premium Item 033,Beauty,1,91.94,91.94,2023-05-08,Multan,0.0,Email
ORD_00721,CUST_0421,PROD_022,Pro Tool 022,Home & Kitchen,4,46.82,187.27,2023-05-08,Multan,0.0,Email
ORD_00721,CUST_0421,PROD_014,Premium Widget 014,Books,1,145.89,119.67,2023-05-08,Multan,26.22,Email
ORD_00722,CUST_0186,PROD_056,Premium Widget 056,Electronics,4,170.52,682.08,2023-09-05,Peshawar,0.0,Referral
ORD_00722,CUST_0186,PROD_036,Smart Device 036,Clothing,3,98.63,266.71,2023-09-05,Peshawar,29.19,Referral
ORD_00722,CUST_0186,PROD_033,Premium Item 033,Beauty,3,72.91,218.72,2023-09-05,Peshawar,0.0,Referral
ORD_00722,CUST_0186,PROD_063,Basic Gadget 063,Beauty,2,256.47,512.94,2023-09-05,Peshawar,0.0,Referral
ORD_00723,CUST_0223,PROD_063,Basic Gadget 063,Beauty,4,258.54,827.04,2024-11-12,Karachi,207.1,Referral
ORD_00723,CUST_0223,PROD_006,Smart Tool 006,Clothing,1,238.43,170.19,2024-11-12,Karachi,68.24,Referral
ORD_00723,CUST_0223,PROD_074,Smart Gadget 074,Sports,1,255.21,227.59,2024-11-12,Karachi,27.62,Referral
ORD_00724,CUST_0345,PROD_006,Smart Tool 006,Clothing,3,243.65,730.95,2024-12-27,Rawalpindi,0.0,Instagram
ORD_00724,CUST_0345,PROD_059,Pro Tool 059,Clothing,1,515.71,418.53,2024-12-27,Rawalpindi,97.18,Instagram
ORD_00724,CUST_0345,PROD_056,Premium Widget 056,Electronics,1,183.74,183.74,2024-12-27,Rawalpindi,0.0,Instagram
ORD_00724,CUST_0345,PROD_043,Elite Device 043,Clothing,1,128.26,128.26,2024-12-27,Rawalpindi,0.0,Instagram
ORD_00724,CUST_0345,PROD_004,Premium Widget 004,Clothing,4,141.33,565.33,2024-12-27,Rawalpindi,0.0,Instagram
ORD_00725,CUST_0420,PROD_036,Smart Device 036,Clothing,4,94.52,378.09,2024-11-30,Islamabad,0.0,Google Ads
ORD_00725,CUST_0420,PROD_034,Premium Item 034,Sports,2,338.8,566.34,2024-11-30,Islamabad,111.25,Google Ads
ORD_00725,CUST_0420,PROD_042,Premium Device 042,Toys,4,78.88,299.22,2024-11-30,Islamabad,16.29,Google Ads
ORD_00726,CUST_0256,PROD_079,Premium Widget 079,Beauty,2,291.3,582.6,2025-05-27,Islamabad,0.0,Facebook
ORD_00727,CUST_0469,PROD_041,Premium Widget 041,Books,4,261.98,984.38,2025-01-09,Multan,63.55,Instagram
ORD_00728,CUST_0439,PROD_057,Pro Widget 057,Clothing,3,114.47,310.15,2024-12-25,Islamabad,33.25,Facebook
ORD_00728,CUST_0439,PROD_015,Pro Widget 015,Toys,2,128.13,202.43,2024-12-25,Islamabad,53.83,Facebook
ORD_00728,CUST_0439,PROD_072,Premium Device 072,Electronics,3,375.86,1127.57,2024-12-25,Islamabad,0.0,Facebook
ORD_00728,CUST_0439,PROD_051,Premium Device 051,Clothing,1,128.8,128.8,2024-12-25,Islamabad,0.0,Facebook
ORD_00729,CUST_0307,PROD_019,Smart Gadget 019,Clothing,3,239.62,718.85,2025-06-16,Peshawar,0.0,Facebook
ORD_00729,CUST_0307,PROD_050,Basic Widget 050,Electronics,1,490.73,361.7,2025-06-16,Peshawar,129.03,Facebook
ORD_00729,CUST_0307,PROD_038,Premium Device 038,Home & Kitchen,1,231.84,231.84,2025-06-16,Peshawar,0.0,Facebook
ORD_00729,CUST_0307,PROD_006,Smart Tool 006,Clothing,2,234.53,430.52,2025-06-16,Peshawar,38.53,Facebook
ORD_00730,CUST_0254,PROD_057,Pro Widget 057,Clothing,2,89.14,178.29,2023-08-18,Lahore,0.0,Google Ads
ORD_00730,CUST_0254,PROD_003,Smart Widget 003,Sports,4,246.04,984.15,2023-08-18,Lahore,0.0,Google Ads
ORD_00731,CUST_0283,PROD_067,Smart Tool 067,Clothing,4,108.3,305.94,2024-08-04,Rawalpindi,127.24,Google Ads
ORD_00731,CUST_0283,PROD_034,Premium Item 034,Sports,3,429.89,1289.67,2024-08-04,Rawalpindi,0.0,Google Ads
ORD_00732,CUST_0190,PROD_046,Pro Tool 046,Sports,1,273.6,273.6,2024-01-09,Islamabad,0.0,Email
ORD_00732,CUST_0190,PROD_032,Smart Item 032,Toys,2,271.78,382.86,2024-01-09,Islamabad,160.7,Email
ORD_00733,CUST_0363,PROD_078,Basic Item 078,Beauty,2,179.45,289.46,2024-05-02,Islamabad,69.44,Organic
ORD_00733,CUST_0363,PROD_071,Premium Device 071,Electronics,2,421.23,842.46,2024-05-02,Islamabad,0.0,Organic
ORD_00733,CUST_0363,PROD_007,Pro Widget 007,Toys,4,424.09,1696.36,2024-05-02,Islamabad,0.0,Organic
ORD_00733,CUST_0363,PROD_056,Premium Widget 056,Electronics,1,244.85,244.85,2024-05-02,Islamabad,0.0,Organic
ORD_00733,CUST_0363,PROD_072,Premium Device 072,Electronics,4,348.89,1395.57,2024-05-02,Islamabad,0.0,Organic
ORD_00734,CUST_0178,PROD_046,Pro Tool 046,Sports,1,273.29,273.29,2024-05-03,Karachi,0.0,Referral
ORD_00734,CUST_0178,PROD_033,Premium Item 033,Beauty,1,94.98,94.98,2024-05-03,Karachi,0.0,Referral
ORD_00735,CUST_0361,PROD_058,Smart Tool 058,Clothing,3,220.05,594.69,2025-02-21,Rawalpindi,65.46,Google Ads
ORD_00735,CUST_0361,PROD_073,Basic Tool 073,Electronics,4,404.3,1617.2,2025-02-21,Rawalpindi,0.0,Google Ads
ORD_00736,CUST_0349,PROD_079,Premium Widget 079,Beauty,1,341.04,341.04,2024-08-23,Peshawar,0.0,Organic
ORD_00736,CUST_0349,PROD_016,Premium Tool 016,Home & Kitchen,1,242.74,242.74,2024-08-23,Peshawar,0.0,Organic
ORD_00736,CUST_0349,PROD_021,Premium Gadget 021,Toys,2,23.14,35.75,2024-08-23,Peshawar,10.54,Organic
ORD_00737,CUST_0092,PROD_064,Basic Tool 064,Electronics,1,84.57,84.57,2025-05-05,Karachi,0.0,Referral
ORD_00737,CUST_0092,PROD_052,Elite Gadget 052,Sports,4,83.96,335.83,2025-05-05,Karachi,0.0,Referral
ORD_00738,CUST_0243,PROD_040,Basic Widget 040,Clothing,3,383.42,1150.25,2023-05-22,Lahore,0.0,Organic
ORD_00738,CUST_0243,PROD_033,Premium Item 033,Beauty,4,73.18,292.7,2023-05-22,Lahore,0.0,Organic
ORD_00738,CUST_0243,PROD_026,Smart Tool 026,Sports,2,193.47,377.46,2023-05-22,Lahore,9.47,Organic
ORD_00739,CUST_0232,PROD_003,Smart Widget 003,Sports,1,258.53,258.53,2025-02-08,Faisalabad,0.0,Facebook
ORD_00740,CUST_0192,PROD_002,Basic Gadget 002,Books,1,56.05,56.05,2023-04-08,Karachi,0.0,Email
ORD_00740,CUST_0192,PROD_073,Basic Tool 073,Electronics,3,539.14,1525.95,2023-04-08,Karachi,91.46,Email
ORD_00741,CUST_0318,PROD_045,Basic Item 045,Beauty,1,571.69,468.83,2024-05-25,Faisalabad,102.86,Google Ads
ORD_00741,CUST_0318,PROD_074,Smart Gadget 074,Sports,2,348.49,513.05,2024-05-25,Faisalabad,183.93,Google Ads
ORD_00742,CUST_0091,PROD_004,Premium Widget 004,Clothing,1,145.59,110.93,2024-06-03,Peshawar,34.66,Instagram
ORD_00742,CUST_0091,PROD_016,Premium Tool 016,Home & Kitchen,3,272.57,817.71,2024-06-03,Peshawar,0.0,Instagram
ORD_00743,CUST_0350,PROD_013,Smart Item 013,Sports,4,91.43,365.71,2023-07-04,Faisalabad,0.0,Google Ads
ORD_00743,CUST_0350,PROD_079,Premium Widget 079,Beauty,3,369.42,926.08,2023-07-04,Faisalabad,182.19,Google Ads
ORD_00743,CUST_0350,PROD_050,Basic Widget 050,Electronics,4,507.81,1991.34,2023-07-04,Faisalabad,39.89,Google Ads
ORD_00743,CUST_0350,PROD_032,Smart Item 032,Toys,3,277.58,710.14,2023-07-04,Faisalabad,122.61,Google Ads
ORD_00743,CUST_0350,PROD_052,Elite Gadget 052,Sports,1,70.59,51.08,2023-07-04,Faisalabad,19.51,Google Ads
ORD_00744,CUST_0416,PROD_012,Elite Widget 012,Sports,3,178.97,536.92,2025-05-13,Karachi,0.0,Email
ORD_00744,CUST_0416,PROD_069,Premium Item 069,Electronics,4,38.12,139.56,2025-05-13,Karachi,12.93,Email
ORD_00744,CUST_0416,PROD_018,Pro Widget 018,Sports,4,354.99,1419.96,2025-05-13,Karachi,0.0,Email
ORD_00744,CUST_0416,PROD_055,Elite Item 055,Beauty,4,205.95,823.82,2025-05-13,Karachi,0.0,Email
ORD_00744,CUST_0416,PROD_004,Premium Widget 004,Clothing,4,104.37,417.5,2025-05-13,Karachi,0.0,Email
ORD_00745,CUST_0313,PROD_008,Elite Item 008,Home & Kitchen,1,75.43,75.43,2024-02-03,Rawalpindi,0.0,Facebook
ORD_00745,CUST_0313,PROD_076,Smart Device 076,Home & Kitchen,2,494.39,830.3,2024-02-03,Rawalpindi,158.49,Facebook
ORD_00745,CUST_0313,PROD_007,Pro Widget 007,Toys,3,386.21,1158.63,2024-02-03,Rawalpindi,0.0,Facebook
ORD_00746,CUST_0276,PROD_068,Basic Widget 068,Sports,2,371.81,733.63,2023-02-23,Multan,9.98,Email
ORD_00746,CUST_0276,PROD_028,Premium Widget 028,Clothing,1,312.02,312.02,2023-02-23,Multan,0.0,Email
ORD_00746,CUST_0276,PROD_029,Elite Device 029,Electronics,3,164.63,493.88,2023-02-23,Multan,0.0,Email
ORD_00746,CUST_0276,PROD_027,Basic Gadget 027,Sports,1,206.01,206.01,2023-02-23,Multan,0.0,Email
ORD_00747,CUST_0461,PROD_031,Smart Widget 031,Books,3,433.51,978.04,2024-12-06,Islamabad,322.5,Organic
ORD_00748,CUST_0191,PROD_019,Smart Gadget 019,Clothing,2,248.03,496.06,2025-05-07,Karachi,0.0,Google Ads
ORD_00748,CUST_0191,PROD_055,Elite Item 055,Beauty,3,186.48,435.81,2025-05-07,Karachi,123.63,Google Ads
ORD_00748,CUST_0191,PROD_035,Smart Widget 035,Toys,4,340.48,1361.93,2025-05-07,Karachi,0.0,Google Ads
ORD_00748,CUST_0191,PROD_053,Smart Device 053,Beauty,4,117.61,355.18,2025-05-07,Karachi,115.27,Google Ads
ORD_00749,CUST_0250,PROD_051,Premium Device 051,Clothing,1,157.93,157.93,2023-09-17,Karachi,0.0,Referral
ORD_00749,CUST_0250,PROD_029,Elite Device 029,Electronics,1,209.47,209.47,2023-09-17,Karachi,0.0,Referral
ORD_00749,CUST_0250,PROD_063,Basic Gadget 063,Beauty,1,216.55,216.55,2023-09-17,Karachi,0.0,Referral
ORD_00749,CUST_0250,PROD_033,Premium Item 033,Beauty,4,79.97,319.87,2023-09-17,Karachi,0.0,Referral
ORD_00749,CUST_0250,PROD_073,Basic Tool 073,Electronics,3,397.56,1192.68,2023-09-17,Karachi,0.0,Referral
ORD_00750,CUST_0422,PROD_064,Basic Tool 064,Electronics,2,77.15,132.58,2025-06-25,Karachi,21.71,Email
ORD_00750,CUST_0422,PROD_014,Premium Widget 014,Books,1,108.46,102.46,2025-06-25,Karachi,6.0,Email
ORD_00751,CUST_0391,PROD_079,Premium Widget 079,Beauty,3,306.59,919.76,2024-12-11,Lahore,0.0,Instagram
ORD_00752,CUST_0306,PROD_025,Basic Device 025,Sports,2,151.22,302.44,2025-02-26,Multan,0.0,Email
ORD_00753,CUST_0008,PROD_023,Smart Item 023,Clothing,3,326.13,961.83,2023-06-06,Peshawar,16.56,Facebook
ORD_00753,CUST_0008,PROD_049,Premium Widget 049,Books,2,376.3,752.59,2023-06-06,Peshawar,0.0,Facebook
ORD_00753,CUST_0008,PROD_029,Elite Device 029,Electronics,2,208.64,417.29,2023-06-06,Peshawar,0.0,Facebook
ORD_00754,CUST_0370,PROD_009,Pro Widget 009,Electronics,2,204.14,408.27,2024-03-25,Peshawar,0.0,Instagram
ORD_00755,CUST_0083,PROD_015,Pro Widget 015,Toys,1,119.6,119.6,2023-05-27,Islamabad,0.0,Organic
ORD_00755,CUST_0083,PROD_080,Smart Widget 080,Electronics,2,297.95,595.9,2023-05-27,Islamabad,0.0,Organic
ORD_00755,CUST_0083,PROD_005,Smart Widget 005,Sports,2,124.68,248.93,2023-05-27,Islamabad,0.44,Organic
ORD_00755,CUST_0083,PROD_001,Premium Widget 001,Books,1,162.92,157.07,2023-05-27,Islamabad,5.85,Organic
ORD_00755,CUST_0083,PROD_029,Elite Device 029,Electronics,1,203.59,203.59,2023-05-27,Islamabad,0.0,Organic
ORD_00756,CUST_0333,PROD_050,Basic Widget 050,Electronics,3,463.24,1389.71,2025-04-23,Faisalabad,0.0,Referral
ORD_00756,CUST_0333,PROD_031,Smart Widget 031,Books,4,379.51,1518.03,2025-04-23,Faisalabad,0.0,Referral
ORD_00756,CUST_0333,PROD_059,Pro Tool 059,Clothing,4,512.07,2048.27,2025-04-23,Faisalabad,0.0,Referral
ORD_00756,CUST_0333,PROD_069,Premium Item 069,Electronics,3,30.75,92.25,2025-04-23,Faisalabad,0.0,Referral
ORD_00757,CUST_0375,PROD_048,Smart Device 048,Clothing,1,290.19,290.19,2023-06-28,Islamabad,0.0,Google Ads
ORD_00757,CUST_0375,PROD_006,Smart Tool 006,Clothing,4,221.86,660.69,2023-06-28,Islamabad,226.75,Google Ads
ORD_00757,CUST_0375,PROD_052,Elite Gadget 052,Sports,2,85.01,170.02,2023-06-28,Islamabad,0.0,Google Ads
ORD_00757,CUST_0375,PROD_052,Elite Gadget 052,Sports,4,86.31,345.25,2023-06-28,Islamabad,0.0,Google Ads
ORD_00758,CUST_0232,PROD_044,Smart Tool 044,Clothing,3,495.94,1487.82,2024-03-30,Rawalpindi,0.0,Facebook
ORD_00758,CUST_0232,PROD_068,Basic Widget 068,Sports,2,332.87,552.21,2024-03-30,Rawalpindi,113.52,Facebook
ORD_00758,CUST_0232,PROD_080,Smart Widget 080,Electronics,3,317.23,951.69,2024-03-30,Rawalpindi,0.0,Facebook
ORD_00758,CUST_0232,PROD_053,Smart Device 053,Beauty,3,136.5,409.51,2024-03-30,Rawalpindi,0.0,Facebook
ORD_00759,CUST_0073,PROD_058,Smart Tool 058,Clothing,3,251.8,558.22,2024-04-26,Faisalabad,197.18,Referral
ORD_00760,CUST_0212,PROD_071,Premium Device 071,Electronics,2,454.44,791.15,2023-02-22,Lahore,117.73,Facebook
ORD_00760,CUST_0212,PROD_057,Pro Widget 057,Clothing,1,111.94,111.94,2023-02-22,Lahore,0.0,Facebook
ORD_00761,CUST_0342,PROD_073,Basic Tool 073,Electronics,2,498.01,996.02,2023-06-26,Multan,0.0,Referral
ORD_00761,CUST_0342,PROD_026,Smart Tool 026,Sports,2,198.41,396.82,2023-06-26,Multan,0.0,Referral
ORD_00761,CUST_0342,PROD_017,Pro Gadget 017,Home & Kitchen,4,170.55,556.87,2023-06-26,Multan,125.32,Referral
ORD_00762,CUST_0377,PROD_009,Pro Widget 009,Electronics,1,158.61,117.24,2024-10-05,Multan,41.37,Organic
ORD_00763,CUST_0170,PROD_026,Smart Tool 026,Sports,2,243.39,486.78,2025-05-23,Islamabad,0.0,Facebook
ORD_00764,CUST_0034,PROD_058,Smart Tool 058,Clothing,4,202.73,810.92,2024-01-07,Islamabad,0.0,Email
ORD_00764,CUST_0034,PROD_039,Premium Item 039,Toys,1,454.34,454.34,2024-01-07,Islamabad,0.0,Email
ORD_00764,CUST_0034,PROD_020,Pro Device 020,Clothing,2,333.74,667.48,2024-01-07,Islamabad,0.0,Email
ORD_00764,CUST_0034,PROD_080,Smart Widget 080,Electronics,4,236.06,944.26,2024-01-07,Islamabad,0.0,Email
ORD_00764,CUST_0034,PROD_061,Smart Widget 061,Electronics,3,354.59,752.26,2024-01-07,Islamabad,311.51,Email
ORD_00765,CUST_0340,PROD_018,Pro Widget 018,Sports,4,317.65,1270.59,2023-05-31,Karachi,0.0,Organic
ORD_00765,CUST_0340,PROD_003,Smart Widget 003,Sports,3,254.1,762.3,2023-05-31,Karachi,0.0,Organic
ORD_00765,CUST_0340,PROD_024,Elite Tool 024,Clothing,4,161.82,463.46,2023-05-31,Karachi,183.82,Organic
ORD_00765,CUST_0340,PROD_073,Basic Tool 073,Electronics,3,544.09,1198.17,2023-05-31,Karachi,434.09,Organic
ORD_00766,CUST_0036,PROD_051,Premium Device 051,Clothing,2,123.66,176.06,2023-07-01,Faisalabad,71.26,Facebook
ORD_00766,CUST_0036,PROD_026,Smart Tool 026,Sports,3,188.62,432.34,2023-07-01,Faisalabad,133.53,Facebook
ORD_00767,CUST_0182,PROD_076,Smart Device 076,Home & Kitchen,4,560.06,2240.23,2024-09-09,Karachi,0.0,Email
ORD_00767,CUST_0182,PROD_033,Premium Item 033,Beauty,2,87.97,128.21,2024-09-09,Karachi,47.73,Email
ORD_00767,CUST_0182,PROD_004,Premium Widget 004,Clothing,4,115.0,460.0,2024-09-09,Karachi,0.0,Email
ORD_00767,CUST_0182,PROD_031,Smart Widget 031,Books,3,328.74,886.36,2024-09-09,Karachi,99.86,Email
ORD_00768,CUST_0140,PROD_043,Elite Device 043,Clothing,1,119.21,96.89,2025-02-06,Multan,22.32,Organic
ORD_00768,CUST_0140,PROD_074,Smart Gadget 074,Sports,1,277.53,277.53,2025-02-06,Multan,0.0,Organic
ORD_00768,CUST_0140,PROD_061,Smart Widget 061,Electronics,4,314.84,1157.24,2025-02-06,Multan,102.11,Organic
ORD_00768,CUST_0140,PROD_049,Premium Widget 049,Books,3,302.23,906.69,2025-02-06,Multan,0.0,Organic
ORD_00769,CUST_0402,PROD_017,Pro Gadget 017,Home & Kitchen,3,200.21,600.64,2024-03-10,Multan,0.0,Facebook
ORD_00769,CUST_0402,PROD_063,Basic Gadget 063,Beauty,3,224.82,488.55,2024-03-10,Multan,185.9,Facebook
ORD_00769,CUST_0402,PROD_011,Premium Tool 011,Sports,3,81.45,242.66,2024-03-10,Multan,1.69,Facebook
ORD_00769,CUST_0402,PROD_017,Pro Gadget 017,Home & Kitchen,1,165.15,165.15,2024-03-10,Multan,0.0,Facebook
ORD_00770,CUST_0034,PROD_012,Elite Widget 012,Sports,1,123.52,123.52,2023-06-07,Peshawar,0.0,Google Ads
ORD_00770,CUST_0034,PROD_044,Smart Tool 044,Clothing,1,401.21,296.33,2023-06-07,Peshawar,104.88,Google Ads
ORD_00770,CUST_0034,PROD_059,Pro Tool 059,Clothing,3,488.69,1466.06,2023-06-07,Peshawar,0.0,Google Ads
ORD_00770,CUST_0034,PROD_016,Premium Tool 016,Home & Kitchen,1,251.13,251.13,2023-06-07,Peshawar,0.0,Google Ads
ORD_00770,CUST_0034,PROD_011,Premium Tool 011,Sports,2,59.54,118.94,2023-06-07,Peshawar,0.14,Google Ads
ORD_00771,CUST_0406,PROD_011,Premium Tool 011,Sports,4,66.05,264.19,2024-12-03,Lahore,0.0,Organic
ORD_00771,CUST_0406,PROD_061,Smart Widget 061,Electronics,2,357.0,714.0,2024-12-03,Lahore,0.0,Organic
ORD_00772,CUST_0362,PROD_076,Smart Device 076,Home & Kitchen,1,457.25,457.25,2023-07-10,Islamabad,0.0,Referral
ORD_00772,CUST_0362,PROD_011,Premium Tool 011,Sports,2,84.66,169.31,2023-07-10,Islamabad,0.0,Referral
ORD_00772,CUST_0362,PROD_070,Elite Device 070,Toys,2,291.87,570.46,2023-07-10,Islamabad,13.27,Referral
ORD_00772,CUST_0362,PROD_024,Elite Tool 024,Clothing,3,154.12,462.36,2023-07-10,Islamabad,0.0,Referral
ORD_00773,CUST_0203,PROD_053,Smart Device 053,Beauty,3,114.52,343.57,2024-10-12,Islamabad,0.0,Email
ORD_00773,CUST_0203,PROD_045,Basic Item 045,Beauty,2,503.7,714.81,2024-10-12,Islamabad,292.59,Email
ORD_00773,CUST_0203,PROD_033,Premium Item 033,Beauty,3,96.4,289.2,2024-10-12,Islamabad,0.0,Email
ORD_00773,CUST_0203,PROD_009,Pro Widget 009,Electronics,4,183.94,598.93,2024-10-12,Islamabad,136.82,Email
ORD_00773,CUST_0203,PROD_056,Premium Widget 056,Electronics,1,221.71,192.05,2024-10-12,Islamabad,29.66,Email
ORD_00774,CUST_0382,PROD_047,Basic Gadget 047,Electronics,1,180.52,163.24,2024-11-21,Islamabad,17.28,Email
ORD_00775,CUST_0184,PROD_039,Premium Item 039,Toys,4,375.08,1414.67,2025-01-30,Islamabad,85.65,Instagram
ORD_00775,CUST_0184,PROD_076,Smart Device 076,Home & Kitchen,2,382.4,764.8,2025-01-30,Islamabad,0.0,Instagram
ORD_00775,CUST_0184,PROD_060,Premium Tool 060,Toys,4,401.71,1151.19,2025-01-30,Islamabad,455.64,Instagram
ORD_00775,CUST_0184,PROD_052,Elite Gadget 052,Sports,4,85.87,343.46,2025-01-30,Islamabad,0.0,Instagram
ORD_00776,CUST_0079,PROD_018,Pro Widget 018,Sports,3,305.91,876.61,2023-05-26,Rawalpindi,41.13,Organic
ORD_00776,CUST_0079,PROD_047,Basic Gadget 047,Electronics,1,171.05,124.59,2023-05-26,Rawalpindi,46.46,Organic
ORD_00776,CUST_0079,PROD_020,Pro Device 020,Clothing,2,306.35,612.71,2023-05-26,Rawalpindi,0.0,Organic
ORD_00776,CUST_0079,PROD_061,Smart Widget 061,Electronics,2,299.35,598.7,2023-05-26,Rawalpindi,0.0,Organic
ORD_00777,CUST_0255,PROD_036,Smart Device 036,Clothing,2,74.36,126.45,2024-02-06,Islamabad,22.27,Email
ORD_00777,CUST_0255,PROD_056,Premium Widget 056,Electronics,2,206.23,368.73,2024-02-06,Islamabad,43.73,Email
ORD_00778,CUST_0055,PROD_078,Basic Item 078,Beauty,3,141.28,423.83,2023-03-10,Multan,0.0,Instagram
ORD_00778,CUST_0055,PROD_064,Basic Tool 064,Electronics,2,87.64,175.27,2023-03-10,Multan,0.0,Instagram
ORD_00778,CUST_0055,PROD_040,Basic Widget 040,Clothing,2,411.8,823.59,2023-03-10,Multan,0.0,Instagram
ORD_00779,CUST_0317,PROD_017,Pro Gadget 017,Home & Kitchen,3,172.38,517.14,2024-03-15,Karachi,0.0,Email
ORD_00779,CUST_0317,PROD_017,Pro Gadget 017,Home & Kitchen,3,188.89,566.67,2024-03-15,Karachi,0.0,Email
ORD_00779,CUST_0317,PROD_003,Smart Widget 003,Sports,4,205.47,821.88,2024-03-15,Karachi,0.0,Email
ORD_00779,CUST_0317,PROD_042,Premium Device 042,Toys,2,83.37,135.03,2024-03-15,Karachi,31.71,Email
ORD_00779,CUST_0317,PROD_061,Smart Widget 061,Electronics,3,336.8,1010.4,2024-03-15,Karachi,0.0,Email
ORD_00780,CUST_0170,PROD_074,Smart Gadget 074,Sports,2,326.39,493.5,2024-12-16,Lahore,159.28,Facebook
ORD_00780,CUST_0170,PROD_032,Smart Item 032,Toys,4,332.28,1204.11,2024-12-16,Lahore,124.99,Facebook
ORD_00781,CUST_0451,PROD_080,Smart Widget 080,Electronics,3,227.65,682.94,2023-04-08,Peshawar,0.0,Google Ads
ORD_00781,CUST_0451,PROD_078,Basic Item 078,Beauty,3,136.36,409.08,2023-04-08,Peshawar,0.0,Google Ads
ORD_00781,CUST_0451,PROD_025,Basic Device 025,Sports,3,150.5,451.5,2023-04-08,Peshawar,0.0,Google Ads
ORD_00781,CUST_0451,PROD_008,Elite Item 008,Home & Kitchen,4,77.44,279.37,2023-04-08,Peshawar,30.41,Google Ads
ORD_00782,CUST_0423,PROD_035,Smart Widget 035,Toys,3,314.46,943.39,2024-09-27,Faisalabad,0.0,Google Ads
ORD_00782,CUST_0423,PROD_069,Premium Item 069,Electronics,2,39.05,55.66,2024-09-27,Faisalabad,22.44,Google Ads
ORD_00782,CUST_0423,PROD_077,Basic Item 077,Clothing,1,128.69,128.69,2024-09-27,Faisalabad,0.0,Google Ads
ORD_00782,CUST_0423,PROD_025,Basic Device 025,Sports,3,124.77,374.3,2024-09-27,Faisalabad,0.0,Google Ads
ORD_00783,CUST_0359,PROD_027,Basic Gadget 027,Sports,2,231.28,462.56,2025-04-18,Islamabad,0.0,Facebook
ORD_00784,CUST_0330,PROD_060,Premium Tool 060,Toys,2,422.85,845.69,2025-02-19,Karachi,0.0,Facebook
ORD_00784,CUST_0330,PROD_021,Premium Gadget 021,Toys,4,28.39,113.56,2025-02-19,Karachi,0.0,Facebook
ORD_00784,CUST_0330,PROD_036,Smart Device 036,Clothing,4,77.28,267.09,2025-02-19,Karachi,42.04,Facebook
ORD_00784,CUST_0330,PROD_021,Premium Gadget 021,Toys,2,23.91,47.81,2025-02-19,Karachi,0.0,Facebook
ORD_00785,CUST_0027,PROD_048,Smart Device 048,Clothing,2,276.29,461.39,2025-06-07,Faisalabad,91.2,Instagram
ORD_00785,CUST_0027,PROD_056,Premium Widget 056,Electronics,3,198.62,595.86,2025-06-07,Faisalabad,0.0,Instagram
ORD_00785,CUST_0027,PROD_005,Smart Widget 005,Sports,3,99.87,296.06,2025-06-07,Faisalabad,3.54,Instagram
ORD_00786,CUST_0262,PROD_009,Pro Widget 009,Electronics,2,168.82,337.64,2023-02-27,Rawalpindi,0.0,Organic
ORD_00786,CUST_0262,PROD_031,Smart Widget 031,Books,1,400.14,359.55,2023-02-27,Rawalpindi,40.59,Organic
ORD_00787,CUST_0212,PROD_070,Elite Device 070,Toys,1,272.92,240.5,2023-12-18,Rawalpindi,32.42,Instagram
ORD_00788,CUST_0080,PROD_058,Smart Tool 058,Clothing,2,183.37,338.04,2024-07-15,Peshawar,28.69,Google Ads
ORD_00789,CUST_0123,PROD_029,Elite Device 029,Electronics,4,162.2,648.8,2023-02-27,Karachi,0.0,Organic
ORD_00789,CUST_0123,PROD_030,Smart Tool 030,Sports,2,157.4,314.8,2023-02-27,Karachi,0.0,Organic
ORD_00789,CUST_0123,PROD_041,Premium Widget 041,Books,3,236.98,626.51,2023-02-27,Karachi,84.42,Organic
ORD_00789,CUST_0123,PROD_066,Elite Item 066,Beauty,3,350.24,830.97,2023-02-27,Karachi,219.74,Organic
ORD_00789,CUST_0123,PROD_071,Premium Device 071,Electronics,1,348.58,348.58,2023-02-27,Karachi,0.0,Organic
ORD_00790,CUST_0107,PROD_045,Basic Item 045,Beauty,1,513.86,513.86,2023-08-24,Rawalpindi,0.0,Organic
ORD_00790,CUST_0107,PROD_022,Pro Tool 022,Home & Kitchen,4,37.56,150.22,2023-08-24,Rawalpindi,0.0,Organic
ORD_00790,CUST_0107,PROD_080,Smart Widget 080,Electronics,3,247.81,743.42,2023-08-24,Rawalpindi,0.0,Organic
ORD_00790,CUST_0107,PROD_050,Basic Widget 050,Electronics,2,488.97,902.76,2023-08-24,Rawalpindi,75.19,Organic
ORD_00790,CUST_0107,PROD_026,Smart Tool 026,Sports,3,238.45,715.36,2023-08-24,Rawalpindi,0.0,Organic
ORD_00791,CUST_0334,PROD_078,Basic Item 078,Beauty,4,145.44,581.76,2023-10-20,Karachi,0.0,Instagram
ORD_00791,CUST_0334,PROD_050,Basic Widget 050,Electronics,1,473.1,444.69,2023-10-20,Karachi,28.41,Instagram
ORD_00791,CUST_0334,PROD_073,Basic Tool 073,Electronics,3,534.15,1176.21,2023-10-20,Karachi,426.25,Instagram
ORD_00791,CUST_0334,PROD_039,Premium Item 039,Toys,3,399.45,1115.72,2023-10-20,Karachi,82.62,Instagram
ORD_00792,CUST_0456,PROD_004,Premium Widget 004,Clothing,3,99.81,222.15,2025-06-24,Lahore,77.29,Email
ORD_00792,CUST_0456,PROD_027,Basic Gadget 027,Sports,4,296.82,1187.3,2025-06-24,Lahore,0.0,Email
ORD_00792,CUST_0456,PROD_042,Premium Device 042,Toys,4,85.49,325.02,2025-06-24,Lahore,16.95,Email
ORD_00793,CUST_0252,PROD_032,Smart Item 032,Toys,1,339.15,252.39,2024-05-06,Faisalabad,86.76,Facebook
ORD_00793,CUST_0252,PROD_080,Smart Widget 080,Electronics,1,312.51,225.31,2024-05-06,Faisalabad,87.2,Facebook
ORD_00793,CUST_0252,PROD_039,Premium Item 039,Toys,4,386.1,1544.38,2024-05-06,Faisalabad,0.0,Facebook
ORD_00793,CUST_0252,PROD_021,Premium Gadget 021,Toys,1,21.14,21.14,2024-05-06,Faisalabad,0.0,Facebook
ORD_00793,CUST_0252,PROD_025,Basic Device 025,Sports,4,152.16,608.65,2024-05-06,Faisalabad,0.0,Facebook
ORD_00794,CUST_0144,PROD_016,Premium Tool 016,Home & Kitchen,3,198.91,596.72,2024-03-03,Islamabad,0.0,Organic
ORD_00795,CUST_0478,PROD_004,Premium Widget 004,Clothing,4,107.86,431.44,2025-06-27,Karachi,0.0,Referral
ORD_00795,CUST_0478,PROD_031,Smart Widget 031,Books,4,416.87,1667.46,2025-06-27,Karachi,0.0,Referral
ORD_00796,CUST_0286,PROD_073,Basic Tool 073,Electronics,4,389.04,1455.56,2023-10-07,Karachi,100.59,Referral
ORD_00796,CUST_0286,PROD_051,Premium Device 051,Clothing,4,118.91,475.65,2023-10-07,Karachi,0.0,Referral
ORD_00796,CUST_0286,PROD_060,Premium Tool 060,Toys,4,375.9,1503.58,2023-10-07,Karachi,0.0,Referral
ORD_00797,CUST_0460,PROD_037,Basic Device 037,Toys,4,407.05,1628.2,2023-02-15,Peshawar,0.0,Facebook
ORD_00798,CUST_0344,PROD_058,Smart Tool 058,Clothing,1,259.7,259.7,2023-10-06,Lahore,0.0,Referral
ORD_00798,CUST_0344,PROD_073,Basic Tool 073,Electronics,4,482.49,1471.44,2023-10-06,Lahore,458.54,Referral
ORD_00799,CUST_0367,PROD_012,Elite Widget 012,Sports,3,150.97,452.91,2025-05-18,Islamabad,0.0,Facebook
ORD_00800,CUST_0084,PROD_070,Elite Device 070,Toys,2,250.87,440.48,2024-01-18,Multan,61.26,Email
ORD_00800,CUST_0084,PROD_075,Smart Widget 075,Beauty,4,315.12,970.32,2024-01-18,Multan,290.16,Email
ORD_00800,CUST_0084,PROD_019,Smart Gadget 019,Clothing,4,253.13,1012.53,2024-01-18,Multan,0.0,Email
ORD_00801,CUST_0493,PROD_018,Pro Widget 018,Sports,3,375.7,974.67,2024-03-18,Faisalabad,152.42,Facebook
ORD_00802,CUST_0277,PROD_065,Premium Tool 065,Home & Kitchen,2,482.33,964.65,2025-06-01,Karachi,0.0,Facebook
ORD_00802,CUST_0277,PROD_021,Premium Gadget 021,Toys,2,30.64,46.12,2025-06-01,Karachi,15.16,Facebook
ORD_00803,CUST_0203,PROD_070,Elite Device 070,Toys,1,272.37,272.37,2023-03-25,Karachi,0.0,Email
ORD_00803,CUST_0203,PROD_033,Premium Item 033,Beauty,2,95.89,146.46,2023-03-25,Karachi,45.32,Email
ORD_00803,CUST_0203,PROD_063,Basic Gadget 063,Beauty,1,230.65,204.82,2023-03-25,Karachi,25.83,Email
ORD_00803,CUST_0203,PROD_051,Premium Device 051,Clothing,4,129.99,519.97,2023-03-25,Karachi,0.0,Email
ORD_00804,CUST_0209,PROD_059,Pro Tool 059,Clothing,2,497.14,938.11,2024-12-05,Lahore,56.18,Referral
ORD_00805,CUST_0001,PROD_064,Basic Tool 064,Electronics,2,105.75,192.05,2025-03-23,Peshawar,19.45,Organic
ORD_00805,CUST_0001,PROD_052,Elite Gadget 052,Sports,3,84.56,253.69,2025-03-23,Peshawar,0.0,Organic
ORD_00805,CUST_0001,PROD_013,Smart Item 013,Sports,2,84.36,168.71,2025-03-23,Peshawar,0.0,Organic
ORD_00805,CUST_0001,PROD_016,Premium Tool 016,Home & Kitchen,2,202.98,397.28,2025-03-23,Peshawar,8.69,Organic
ORD_00805,CUST_0001,PROD_033,Premium Item 033,Beauty,4,103.29,413.14,2025-03-23,Peshawar,0.0,Organic
ORD_00806,CUST_0184,PROD_077,Basic Item 077,Clothing,3,131.36,394.07,2024-11-08,Karachi,0.0,Referral
ORD_00806,CUST_0184,PROD_039,Premium Item 039,Toys,4,424.66,1374.92,2024-11-08,Karachi,323.7,Referral
ORD_00806,CUST_0184,PROD_076,Smart Device 076,Home & Kitchen,1,501.54,426.31,2024-11-08,Karachi,75.23,Referral
ORD_00806,CUST_0184,PROD_045,Basic Item 045,Beauty,1,449.01,449.01,2024-11-08,Karachi,0.0,Referral
ORD_00807,CUST_0409,PROD_055,Elite Item 055,Beauty,3,249.42,524.99,2024-01-28,Peshawar,223.28,Organic
ORD_00807,CUST_0409,PROD_049,Premium Widget 049,Books,1,378.33,368.47,2024-01-28,Peshawar,9.86,Organic
ORD_00807,CUST_0409,PROD_033,Premium Item 033,Beauty,1,72.9,57.25,2024-01-28,Peshawar,15.65,Organic
ORD_00807,CUST_0409,PROD_013,Smart Item 013,Sports,4,99.21,396.84,2024-01-28,Peshawar,0.0,Organic
ORD_00807,CUST_0409,PROD_078,Basic Item 078,Beauty,4,134.21,536.84,2024-01-28,Peshawar,0.0,Organic
ORD_00808,CUST_0398,PROD_053,Smart Device 053,Beauty,1,103.79,103.79,2024-12-21,Lahore,0.0,Email
ORD_00808,CUST_0398,PROD_004,Premium Widget 004,Clothing,4,102.63,410.51,2024-12-21,Lahore,0.0,Email
ORD_00808,CUST_0398,PROD_036,Smart Device 036,Clothing,4,95.12,380.48,2024-12-21,Lahore,0.0,Email
ORD_00808,CUST_0398,PROD_007,Pro Widget 007,Toys,3,418.72,1071.1,2024-12-21,Lahore,185.07,Email
ORD_00809,CUST_0462,PROD_006,Smart Tool 006,Clothing,3,239.42,718.25,2024-04-07,Peshawar,0.0,Google Ads
ORD_00809,CUST_0462,PROD_020,Pro Device 020,Clothing,1,303.88,303.88,2024-04-07,Peshawar,0.0,Google Ads
ORD_00809,CUST_0462,PROD_001,Premium Widget 001,Books,4,160.73,468.28,2024-04-07,Peshawar,174.63,Google Ads
ORD_00810,CUST_0396,PROD_029,Elite Device 029,Electronics,3,227.57,682.72,2024-01-21,Islamabad,0.0,Google Ads
ORD_00811,CUST_0253,PROD_015,Pro Widget 015,Toys,1,107.42,107.42,2023-08-23,Peshawar,0.0,Referral
ORD_00811,CUST_0253,PROD_078,Basic Item 078,Beauty,1,160.85,160.85,2023-08-23,Peshawar,0.0,Referral
ORD_00811,CUST_0253,PROD_056,Premium Widget 056,Electronics,1,224.56,199.75,2023-08-23,Peshawar,24.81,Referral
ORD_00811,CUST_0253,PROD_070,Elite Device 070,Toys,1,261.45,261.45,2023-08-23,Peshawar,0.0,Referral
ORD_00812,CUST_0224,PROD_012,Elite Widget 012,Sports,3,176.88,455.08,2024-07-24,Karachi,75.56,Organic
ORD_00812,CUST_0224,PROD_065,Premium Tool 065,Home & Kitchen,2,539.46,1039.74,2024-07-24,Karachi,39.17,Organic
ORD_00812,CUST_0224,PROD_021,Premium Gadget 021,Toys,1,26.45,22.91,2024-07-24,Karachi,3.54,Organic
ORD_00812,CUST_0224,PROD_070,Elite Device 070,Toys,3,276.45,829.35,2024-07-24,Karachi,0.0,Organic
ORD_00813,CUST_0498,PROD_015,Pro Widget 015,Toys,1,110.78,110.78,2025-03-19,Faisalabad,0.0,Instagram
ORD_00813,CUST_0498,PROD_018,Pro Widget 018,Sports,4,258.35,1033.4,2025-03-19,Faisalabad,0.0,Instagram
ORD_00814,CUST_0404,PROD_035,Smart Widget 035,Toys,1,291.51,263.57,2023-01-13,Faisalabad,27.94,Referral
ORD_00815,CUST_0125,PROD_025,Basic Device 025,Sports,4,137.53,550.14,2025-05-31,Peshawar,0.0,Google Ads
ORD_00815,CUST_0125,PROD_023,Smart Item 023,Clothing,4,338.18,1004.26,2025-05-31,Peshawar,348.48,Google Ads
ORD_00815,CUST_0125,PROD_010,Pro Item 010,Sports,2,148.95,284.91,2025-05-31,Peshawar,12.99,Google Ads
ORD_00815,CUST_0125,PROD_009,Pro Widget 009,Electronics,4,197.21,654.86,2025-05-31,Peshawar,133.98,Google Ads
ORD_00816,CUST_0127,PROD_047,Basic Gadget 047,Electronics,2,198.7,397.41,2024-10-03,Peshawar,0.0,Referral
ORD_00816,CUST_0127,PROD_056,Premium Widget 056,Electronics,1,238.01,236.03,2024-10-03,Peshawar,1.98,Referral
ORD_00816,CUST_0127,PROD_048,Smart Device 048,Clothing,4,292.35,1090.57,2024-10-03,Peshawar,78.84,Referral
ORD_00816,CUST_0127,PROD_017,Pro Gadget 017,Home & Kitchen,4,192.54,564.82,2024-10-03,Peshawar,205.34,Referral
ORD_00817,CUST_0331,PROD_067,Smart Tool 067,Clothing,3,102.93,308.8,2025-06-11,Lahore,0.0,Email
ORD_00817,CUST_0331,PROD_077,Basic Item 077,Clothing,1,135.51,135.51,2025-06-11,Lahore,0.0,Email
ORD_00818,CUST_0361,PROD_006,Smart Tool 006,Clothing,3,209.62,628.86,2025-03-06,Peshawar,0.0,Referral
ORD_00818,CUST_0361,PROD_044,Smart Tool 044,Clothing,3,527.75,1146.59,2025-03-06,Peshawar,436.66,Referral
ORD_00819,CUST_0438,PROD_076,Smart Device 076,Home & Kitchen,2,462.27,924.54,2024-04-26,Rawalpindi,0.0,Instagram
ORD_00819,CUST_0438,PROD_063,Basic Gadget 063,Beauty,3,251.21,739.39,2024-04-26,Rawalpindi,14.23,Instagram
ORD_00819,CUST_0438,PROD_035,Smart Widget 035,Toys,3,363.83,1091.49,2024-04-26,Rawalpindi,0.0,Instagram
ORD_00819,CUST_0438,PROD_030,Smart Tool 030,Sports,3,155.93,467.79,2024-04-26,Rawalpindi,0.0,Instagram
ORD_00819,CUST_0438,PROD_031,Smart Widget 031,Books,2,341.15,682.29,2024-04-26,Rawalpindi,0.0,Instagram
ORD_00820,CUST_0423,PROD_036,Smart Device 036,Clothing,3,88.21,249.68,2023-12-10,Multan,14.95,Instagram
ORD_00820,CUST_0423,PROD_079,Premium Widget 079,Beauty,2,352.38,664.59,2023-12-10,Multan,40.16,Instagram
ORD_00820,CUST_0423,PROD_047,Basic Gadget 047,Electronics,3,154.89,464.68,2023-12-10,Multan,0.0,Instagram
ORD_00820,CUST_0423,PROD_067,Smart Tool 067,Clothing,2,87.27,159.28,2023-12-10,Multan,15.26,Instagram
ORD_00820,CUST_0423,PROD_032,Smart Item 032,Toys,2,336.79,605.41,2023-12-10,Multan,68.17,Instagram
ORD_00821,CUST_0455,PROD_051,Premium Device 051,Clothing,4,159.16,548.98,2024-10-25,Islamabad,87.68,Google Ads
ORD_00821,CUST_0455,PROD_044,Smart Tool 044,Clothing,2,419.53,839.06,2024-10-25,Islamabad,0.0,Google Ads
ORD_00821,CUST_0455,PROD_016,Premium Tool 016,Home & Kitchen,4,261.25,1043.97,2024-10-25,Islamabad,1.02,Google Ads
ORD_00821,CUST_0455,PROD_025,Basic Device 025,Sports,3,162.48,487.44,2024-10-25,Islamabad,0.0,Google Ads
ORD_00822,CUST_0282,PROD_054,Elite Tool 054,Clothing,2,50.95,82.7,2024-08-20,Faisalabad,19.2,Email
ORD_00822,CUST_0282,PROD_063,Basic Gadget 063,Beauty,1,245.62,245.62,2024-08-20,Faisalabad,0.0,Email
ORD_00822,CUST_0282,PROD_016,Premium Tool 016,Home & Kitchen,2,202.55,405.11,2024-08-20,Faisalabad,0.0,Email
ORD_00823,CUST_0411,PROD_036,Smart Device 036,Clothing,1,86.54,86.54,2023-02-25,Peshawar,0.0,Organic
ORD_00824,CUST_0402,PROD_073,Basic Tool 073,Electronics,1,378.96,378.96,2023-04-09,Lahore,0.0,Organic
ORD_00824,CUST_0402,PROD_080,Smart Widget 080,Electronics,3,249.84,749.51,2023-04-09,Lahore,0.0,Organic
ORD_00824,CUST_0402,PROD_029,Elite Device 029,Electronics,3,232.52,697.55,2023-04-09,Lahore,0.0,Organic
ORD_00824,CUST_0402,PROD_031,Smart Widget 031,Books,2,293.85,587.71,2023-04-09,Lahore,0.0,Organic
ORD_00825,CUST_0391,PROD_027,Basic Gadget 027,Sports,1,297.6,297.6,2023-08-14,Peshawar,0.0,Instagram
ORD_00825,CUST_0391,PROD_079,Premium Widget 079,Beauty,3,353.3,1059.89,2023-08-14,Peshawar,0.0,Instagram
ORD_00826,CUST_0127,PROD_059,Pro Tool 059,Clothing,2,507.24,929.42,2025-05-15,Lahore,85.05,Google Ads
ORD_00826,CUST_0127,PROD_001,Premium Widget 001,Books,2,154.67,309.34,2025-05-15,Lahore,0.0,Google Ads
ORD_00826,CUST_0127,PROD_077,Basic Item 077,Clothing,4,137.13,548.53,2025-05-15,Lahore,0.0,Google Ads
ORD_00826,CUST_0127,PROD_011,Premium Tool 011,Sports,4,77.21,308.83,2025-05-15,Lahore,0.0,Google Ads
ORD_00827,CUST_0379,PROD_049,Premium Widget 049,Books,1,324.51,324.51,2025-06-28,Peshawar,0.0,Email
ORD_00827,CUST_0379,PROD_063,Basic Gadget 063,Beauty,4,276.68,1106.73,2025-06-28,Peshawar,0.0,Email
ORD_00827,CUST_0379,PROD_042,Premium Device 042,Toys,1,71.59,53.59,2025-06-28,Peshawar,18.0,Email
ORD_00827,CUST_0379,PROD_078,Basic Item 078,Beauty,2,156.55,256.65,2025-06-28,Peshawar,56.45,Email
ORD_00828,CUST_0358,PROD_027,Basic Gadget 027,Sports,2,233.11,466.21,2024-11-30,Lahore,0.0,Instagram
ORD_00828,CUST_0358,PROD_032,Smart Item 032,Toys,3,375.72,1127.16,2024-11-30,Lahore,0.0,Instagram
ORD_00828,CUST_0358,PROD_061,Smart Widget 061,Electronics,1,354.13,354.13,2024-11-30,Lahore,0.0,Instagram
ORD_00828,CUST_0358,PROD_009,Pro Widget 009,Electronics,4,212.88,851.51,2024-11-30,Lahore,0.0,Instagram
ORD_00829,CUST_0293,PROD_063,Basic Gadget 063,Beauty,4,270.19,1051.77,2023-12-20,Rawalpindi,29.01,Organic
ORD_00829,CUST_0293,PROD_033,Premium Item 033,Beauty,3,78.0,234.0,2023-12-20,Rawalpindi,0.0,Organic
ORD_00829,CUST_0293,PROD_034,Premium Item 034,Sports,4,330.93,1323.73,2023-12-20,Rawalpindi,0.0,Organic
ORD_00830,CUST_0300,PROD_026,Smart Tool 026,Sports,1,245.14,245.14,2024-10-22,Faisalabad,0.0,Email
ORD_00830,CUST_0300,PROD_030,Smart Tool 030,Sports,1,144.22,144.22,2024-10-22,Faisalabad,0.0,Email
ORD_00830,CUST_0300,PROD_079,Premium Widget 079,Beauty,1,282.98,282.98,2024-10-22,Faisalabad,0.0,Email
ORD_00830,CUST_0300,PROD_033,Premium Item 033,Beauty,4,75.22,300.86,2024-10-22,Faisalabad,0.0,Email
ORD_00830,CUST_0300,PROD_056,Premium Widget 056,Electronics,3,238.04,714.12,2024-10-22,Faisalabad,0.0,Email
ORD_00831,CUST_0210,PROD_030,Smart Tool 030,Sports,1,139.63,139.63,2023-11-16,Faisalabad,0.0,Organic
ORD_00831,CUST_0210,PROD_023,Smart Item 023,Clothing,3,337.51,740.69,2023-11-16,Faisalabad,271.84,Organic
ORD_00832,CUST_0121,PROD_010,Pro Item 010,Sports,1,154.86,154.86,2023-01-18,Faisalabad,0.0,Referral
ORD_00832,CUST_0121,PROD_023,Smart Item 023,Clothing,1,368.13,368.13,2023-01-18,Faisalabad,0.0,Referral
ORD_00833,CUST_0189,PROD_024,Elite Tool 024,Clothing,2,155.83,311.67,2025-01-10,Lahore,0.0,Email
ORD_00833,CUST_0189,PROD_022,Pro Tool 022,Home & Kitchen,3,42.65,127.96,2025-01-10,Lahore,0.0,Email
ORD_00834,CUST_0259,PROD_007,Pro Widget 007,Toys,4,349.13,1396.51,2023-02-28,Lahore,0.0,Google Ads
ORD_00834,CUST_0259,PROD_078,Basic Item 078,Beauty,3,169.8,509.41,2023-02-28,Lahore,0.0,Google Ads
ORD_00834,CUST_0259,PROD_032,Smart Item 032,Toys,4,281.96,1127.84,2023-02-28,Lahore,0.0,Google Ads
ORD_00834,CUST_0259,PROD_032,Smart Item 032,Toys,2,342.24,670.7,2023-02-28,Lahore,13.77,Google Ads
ORD_00835,CUST_0194,PROD_068,Basic Widget 068,Sports,4,396.82,1587.28,2023-05-20,Islamabad,0.0,Instagram
ORD_00836,CUST_0278,PROD_067,Smart Tool 067,Clothing,3,114.85,344.56,2025-01-13,Faisalabad,0.0,Instagram
ORD_00836,CUST_0278,PROD_052,Elite Gadget 052,Sports,3,75.53,226.6,2025-01-13,Faisalabad,0.0,Instagram
ORD_00836,CUST_0278,PROD_065,Premium Tool 065,Home & Kitchen,4,394.62,1578.49,2025-01-13,Faisalabad,0.0,Instagram
ORD_00836,CUST_0278,PROD_010,Pro Item 010,Sports,3,158.72,476.15,2025-01-13,Faisalabad,0.0,Instagram
ORD_00837,CUST_0463,PROD_048,Smart Device 048,Clothing,1,276.21,276.21,2024-02-27,Rawalpindi,0.0,Facebook
ORD_00837,CUST_0463,PROD_003,Smart Widget 003,Sports,2,211.15,403.65,2024-02-27,Rawalpindi,18.65,Facebook
ORD_00837,CUST_0463,PROD_076,Smart Device 076,Home & Kitchen,2,495.92,991.83,2024-02-27,Rawalpindi,0.0,Facebook
ORD_00837,CUST_0463,PROD_032,Smart Item 032,Toys,2,261.38,522.76,2024-02-27,Rawalpindi,0.0,Facebook
ORD_00838,CUST_0225,PROD_060,Premium Tool 060,Toys,3,498.15,1494.44,2023-09-16,Rawalpindi,0.0,Instagram
ORD_00838,CUST_0225,PROD_054,Elite Tool 054,Clothing,1,50.49,50.49,2023-09-16,Rawalpindi,0.0,Instagram
ORD_00838,CUST_0225,PROD_013,Smart Item 013,Sports,3,98.97,296.91,2023-09-16,Rawalpindi,0.0,Instagram
ORD_00838,CUST_0225,PROD_050,Basic Widget 050,Electronics,4,358.45,1433.81,2023-09-16,Rawalpindi,0.0,Instagram
ORD_00839,CUST_0421,PROD_062,Smart Widget 062,Electronics,1,436.55,436.55,2024-06-08,Rawalpindi,0.0,Organic
ORD_00839,CUST_0421,PROD_065,Premium Tool 065,Home & Kitchen,2,373.24,746.49,2024-06-08,Rawalpindi,0.0,Organic
ORD_00839,CUST_0421,PROD_072,Premium Device 072,Electronics,3,280.84,842.53,2024-06-08,Rawalpindi,0.0,Organic
ORD_00839,CUST_0421,PROD_067,Smart Tool 067,Clothing,3,83.44,250.31,2024-06-08,Rawalpindi,0.0,Organic
ORD_00839,CUST_0421,PROD_079,Premium Widget 079,Beauty,4,295.12,1180.48,2024-06-08,Rawalpindi,0.0,Organic
ORD_00840,CUST_0189,PROD_057,Pro Widget 057,Clothing,4,101.11,404.45,2023-02-22,Faisalabad,0.0,Organic
ORD_00840,CUST_0189,PROD_071,Premium Device 071,Electronics,1,512.36,512.36,2023-02-22,Faisalabad,0.0,Organic
ORD_00840,CUST_0189,PROD_049,Premium Widget 049,Books,3,339.75,1019.25,2023-02-22,Faisalabad,0.0,Organic
ORD_00840,CUST_0189,PROD_035,Smart Widget 035,Toys,2,271.12,527.08,2023-02-22,Faisalabad,15.16,Organic
ORD_00840,CUST_0189,PROD_050,Basic Widget 050,Electronics,3,413.01,1239.02,2023-02-22,Faisalabad,0.0,Organic
ORD_00841,CUST_0156,PROD_073,Basic Tool 073,Electronics,2,455.84,870.2,2023-01-13,Lahore,41.48,Instagram
ORD_00841,CUST_0156,PROD_071,Premium Device 071,Electronics,3,510.96,1532.87,2023-01-13,Lahore,0.0,Instagram
ORD_00842,CUST_0034,PROD_062,Smart Widget 062,Electronics,1,411.79,391.33,2023-06-17,Islamabad,20.46,Referral
ORD_00843,CUST_0345,PROD_059,Pro Tool 059,Clothing,3,458.99,1025.59,2024-05-20,Karachi,351.37,Referral
ORD_00844,CUST_0490,PROD_043,Elite Device 043,Clothing,3,141.37,317.83,2023-09-22,Faisalabad,106.29,Email
ORD_00844,CUST_0490,PROD_076,Smart Device 076,Home & Kitchen,3,525.33,1460.01,2023-09-22,Faisalabad,115.98,Email
ORD_00844,CUST_0490,PROD_003,Smart Widget 003,Sports,4,215.3,861.2,2023-09-22,Faisalabad,0.0,Email
ORD_00844,CUST_0490,PROD_066,Elite Item 066,Beauty,3,351.17,925.61,2023-09-22,Faisalabad,127.91,Email
ORD_00844,CUST_0490,PROD_076,Smart Device 076,Home & Kitchen,3,524.48,1573.45,2023-09-22,Faisalabad,0.0,Email
ORD_00845,CUST_0422,PROD_032,Smart Item 032,Toys,4,376.59,1191.22,2023-06-01,Lahore,315.15,Google Ads
ORD_00845,CUST_0422,PROD_065,Premium Tool 065,Home & Kitchen,3,447.78,1343.33,2023-06-01,Lahore,0.0,Google Ads
ORD_00845,CUST_0422,PROD_073,Basic Tool 073,Electronics,3,433.5,1300.49,2023-06-01,Lahore,0.0,Google Ads
ORD_00845,CUST_0422,PROD_080,Smart Widget 080,Electronics,4,322.49,990.07,2023-06-01,Lahore,299.91,Google Ads
ORD_00845,CUST_0422,PROD_008,Elite Item 008,Home & Kitchen,4,82.94,331.75,2023-06-01,Lahore,0.0,Google Ads
ORD_00846,CUST_0213,PROD_016,Premium Tool 016,Home & Kitchen,3,207.62,530.96,2024-04-29,Islamabad,91.91,Facebook
ORD_00847,CUST_0491,PROD_056,Premium Widget 056,Electronics,2,189.58,360.39,2024-02-10,Lahore,18.76,Instagram
ORD_00847,CUST_0491,PROD_021,Premium Gadget 021,Toys,3,26.69,77.66,2024-02-10,Lahore,2.42,Instagram
ORD_00847,CUST_0491,PROD_011,Premium Tool 011,Sports,1,61.2,61.2,2024-02-10,Lahore,0.0,Instagram
ORD_00847,CUST_0491,PROD_012,Elite Widget 012,Sports,2,183.89,367.78,2024-02-10,Lahore,0.0,Instagram
ORD_00847,CUST_0491,PROD_023,Smart Item 023,Clothing,1,282.61,251.51,2024-02-10,Lahore,31.1,Instagram
ORD_00848,CUST_0352,PROD_012,Elite Widget 012,Sports,1,133.08,133.08,2025-04-26,Multan,0.0,Email
ORD_00848,CUST_0352,PROD_013,Smart Item 013,Sports,1,124.91,124.91,2025-04-26,Multan,0.0,Email
ORD_00848,CUST_0352,PROD_006,Smart Tool 006,Clothing,1,259.7,259.7,2025-04-26,Multan,0.0,Email
ORD_00849,CUST_0088,PROD_076,Smart Device 076,Home & Kitchen,3,489.62,1468.86,2024-02-05,Karachi,0.0,Facebook
ORD_00849,CUST_0088,PROD_079,Premium Widget 079,Beauty,3,268.93,806.78,2024-02-05,Karachi,0.0,Facebook
ORD_00849,CUST_0088,PROD_034,Premium Item 034,Sports,2,405.36,787.34,2024-02-05,Karachi,23.38,Facebook
ORD_00849,CUST_0088,PROD_078,Basic Item 078,Beauty,2,177.4,354.8,2024-02-05,Karachi,0.0,Facebook
ORD_00850,CUST_0437,PROD_058,Smart Tool 058,Clothing,3,255.88,767.63,2023-12-13,Multan,0.0,Instagram
ORD_00850,CUST_0437,PROD_052,Elite Gadget 052,Sports,4,84.02,336.07,2023-12-13,Multan,0.0,Instagram
ORD_00851,CUST_0434,PROD_060,Premium Tool 060,Toys,2,467.18,934.37,2023-11-13,Lahore,0.0,Google Ads
ORD_00851,CUST_0434,PROD_008,Elite Item 008,Home & Kitchen,1,74.03,71.23,2023-11-13,Lahore,2.8,Google Ads
ORD_00851,CUST_0434,PROD_010,Pro Item 010,Sports,3,154.72,383.5,2023-11-13,Lahore,80.66,Google Ads
ORD_00852,CUST_0368,PROD_071,Premium Device 071,Electronics,3,501.9,1505.71,2024-05-08,Rawalpindi,0.0,Organic
ORD_00852,CUST_0368,PROD_061,Smart Widget 061,Electronics,1,311.65,311.65,2024-05-08,Rawalpindi,0.0,Organic
ORD_00852,CUST_0368,PROD_045,Basic Item 045,Beauty,1,407.83,309.51,2024-05-08,Rawalpindi,98.32,Organic
ORD_00852,CUST_0368,PROD_050,Basic Widget 050,Electronics,2,485.13,970.25,2024-05-08,Rawalpindi,0.0,Organic
ORD_00853,CUST_0495,PROD_042,Premium Device 042,Toys,4,76.16,235.95,2024-02-12,Rawalpindi,68.68,Google Ads
ORD_00853,CUST_0495,PROD_024,Elite Tool 024,Clothing,1,160.43,160.43,2024-02-12,Rawalpindi,0.0,Google Ads
ORD_00853,CUST_0495,PROD_033,Premium Item 033,Beauty,4,73.26,263.64,2024-02-12,Rawalpindi,29.41,Google Ads
ORD_00854,CUST_0022,PROD_078,Basic Item 078,Beauty,4,195.08,611.59,2025-06-24,Lahore,168.74,Email
ORD_00854,CUST_0022,PROD_054,Elite Tool 054,Clothing,1,62.31,49.01,2025-06-24,Lahore,13.3,Email
ORD_00855,CUST_0410,PROD_014,Premium Widget 014,Books,4,134.89,506.9,2024-09-21,Islamabad,32.65,Organic
ORD_00855,CUST_0410,PROD_019,Smart Gadget 019,Clothing,3,253.57,590.92,2024-09-21,Islamabad,169.8,Organic
ORD_00855,CUST_0410,PROD_036,Smart Device 036,Clothing,4,98.12,320.37,2024-09-21,Islamabad,72.11,Organic
ORD_00856,CUST_0314,PROD_006,Smart Tool 006,Clothing,4,272.83,1091.33,2023-07-21,Peshawar,0.0,Referral
ORD_00856,CUST_0314,PROD_038,Premium Device 038,Home & Kitchen,4,203.98,815.91,2023-07-21,Peshawar,0.0,Referral
ORD_00856,CUST_0314,PROD_053,Smart Device 053,Beauty,1,127.75,92.14,2023-07-21,Peshawar,35.61,Referral
ORD_00856,CUST_0314,PROD_078,Basic Item 078,Beauty,2,192.84,359.89,2023-07-21,Peshawar,25.79,Referral
ORD_00857,CUST_0136,PROD_075,Smart Widget 075,Beauty,3,318.14,954.41,2023-11-04,Peshawar,0.0,Google Ads
ORD_00858,CUST_0118,PROD_031,Smart Widget 031,Books,4,290.85,1163.39,2023-02-11,Peshawar,0.0,Instagram
ORD_00858,CUST_0118,PROD_010,Pro Item 010,Sports,3,141.59,305.0,2023-02-11,Peshawar,119.77,Instagram
ORD_00859,CUST_0009,PROD_007,Pro Widget 007,Toys,4,484.02,1936.07,2024-05-28,Peshawar,0.0,Email
ORD_00859,CUST_0009,PROD_071,Premium Device 071,Electronics,3,474.95,1029.18,2024-05-28,Peshawar,395.66,Email
ORD_00859,CUST_0009,PROD_050,Basic Widget 050,Electronics,3,375.55,1121.84,2024-05-28,Peshawar,4.8,Email
ORD_00860,CUST_0220,PROD_062,Smart Widget 062,Electronics,1,389.59,304.15,2023-03-23,Multan,85.44,Google Ads
ORD_00860,CUST_0220,PROD_022,Pro Tool 022,Home & Kitchen,3,45.35,136.04,2023-03-23,Multan,0.0,Google Ads
ORD_00860,CUST_0220,PROD_055,Elite Item 055,Beauty,2,230.82,461.64,2023-03-23,Multan,0.0,Google Ads
ORD_00861,CUST_0392,PROD_071,Premium Device 071,Electronics,1,354.75,354.75,2023-10-23,Faisalabad,0.0,Referral
ORD_00861,CUST_0392,PROD_016,Premium Tool 016,Home & Kitchen,1,274.29,274.29,2023-10-23,Faisalabad,0.0,Referral
ORD_00861,CUST_0392,PROD_035,Smart Widget 035,Toys,2,267.47,534.94,2023-10-23,Faisalabad,0.0,Referral
ORD_00862,CUST_0063,PROD_016,Premium Tool 016,Home & Kitchen,4,247.77,991.09,2024-05-27,Rawalpindi,0.0,Email
ORD_00862,CUST_0063,PROD_011,Premium Tool 011,Sports,3,79.39,238.16,2024-05-27,Rawalpindi,0.0,Email
ORD_00862,CUST_0063,PROD_050,Basic Widget 050,Electronics,2,439.03,878.07,2024-05-27,Rawalpindi,0.0,Email
ORD_00862,CUST_0063,PROD_003,Smart Widget 003,Sports,1,259.41,259.41,2024-05-27,Rawalpindi,0.0,Email
ORD_00862,CUST_0063,PROD_044,Smart Tool 044,Clothing,2,469.28,883.89,2024-05-27,Rawalpindi,54.67,Email
ORD_00863,CUST_0474,PROD_050,Basic Widget 050,Electronics,4,362.84,1451.36,2025-02-14,Karachi,0.0,Facebook
ORD_00863,CUST_0474,PROD_052,Elite Gadget 052,Sports,2,64.88,110.94,2025-02-14,Karachi,18.82,Facebook
ORD_00863,CUST_0474,PROD_076,Smart Device 076,Home & Kitchen,1,557.14,417.66,2025-02-14,Karachi,139.48,Facebook
ORD_00864,CUST_0479,PROD_050,Basic Widget 050,Electronics,3,455.8,1367.41,2025-03-10,Faisalabad,0.0,Instagram
ORD_00864,CUST_0479,PROD_006,Smart Tool 006,Clothing,1,225.78,225.78,2025-03-10,Faisalabad,0.0,Instagram
ORD_00864,CUST_0479,PROD_046,Pro Tool 046,Sports,1,276.33,222.55,2025-03-10,Faisalabad,53.78,Instagram
ORD_00864,CUST_0479,PROD_054,Elite Tool 054,Clothing,1,66.78,65.07,2025-03-10,Faisalabad,1.71,Instagram
ORD_00865,CUST_0432,PROD_015,Pro Widget 015,Toys,2,122.75,245.5,2023-04-09,Faisalabad,0.0,Email
ORD_00865,CUST_0432,PROD_071,Premium Device 071,Electronics,3,362.19,830.31,2023-04-09,Faisalabad,256.26,Email
ORD_00865,CUST_0432,PROD_041,Premium Widget 041,Books,2,229.49,418.56,2023-04-09,Faisalabad,40.41,Email
ORD_00865,CUST_0432,PROD_014,Premium Widget 014,Books,1,143.04,100.2,2023-04-09,Faisalabad,42.84,Email
ORD_00865,CUST_0432,PROD_034,Premium Item 034,Sports,4,459.92,1839.69,2023-04-09,Faisalabad,0.0,Email
ORD_00866,CUST_0436,PROD_010,Pro Item 010,Sports,4,128.92,515.67,2024-02-26,Faisalabad,0.0,Facebook
ORD_00867,CUST_0012,PROD_012,Elite Widget 012,Sports,2,180.18,268.29,2023-01-27,Islamabad,92.06,Google Ads
ORD_00867,CUST_0012,PROD_047,Basic Gadget 047,Electronics,1,147.21,147.21,2023-01-27,Islamabad,0.0,Google Ads
ORD_00867,CUST_0012,PROD_043,Elite Device 043,Clothing,3,161.61,484.84,2023-01-27,Islamabad,0.0,Google Ads
ORD_00868,CUST_0109,PROD_036,Smart Device 036,Clothing,3,96.48,289.45,2024-08-19,Lahore,0.0,Organic
ORD_00869,CUST_0278,PROD_071,Premium Device 071,Electronics,3,496.59,1444.87,2025-05-29,Peshawar,44.89,Referral
ORD_00870,CUST_0207,PROD_012,Elite Widget 012,Sports,3,139.46,418.39,2025-02-09,Islamabad,0.0,Instagram
ORD_00871,CUST_0036,PROD_062,Smart Widget 062,Electronics,1,458.21,458.21,2023-04-07,Karachi,0.0,Organic
ORD_00871,CUST_0036,PROD_070,Elite Device 070,Toys,1,244.77,244.77,2023-04-07,Karachi,0.0,Organic
ORD_00871,CUST_0036,PROD_072,Premium Device 072,Electronics,2,283.86,567.72,2023-04-07,Karachi,0.0,Organic
ORD_00871,CUST_0036,PROD_073,Basic Tool 073,Electronics,1,496.05,496.05,2023-04-07,Karachi,0.0,Organic
ORD_00871,CUST_0036,PROD_028,Premium Widget 028,Clothing,2,275.47,408.16,2023-04-07,Karachi,142.77,Organic
ORD_00872,CUST_0261,PROD_067,Smart Tool 067,Clothing,3,106.21,238.16,2023-09-02,Karachi,80.47,Referral
ORD_00872,CUST_0261,PROD_064,Basic Tool 064,Electronics,2,74.69,149.38,2023-09-02,Karachi,0.0,Referral
ORD_00872,CUST_0261,PROD_050,Basic Widget 050,Electronics,2,487.28,974.57,2023-09-02,Karachi,0.0,Referral
ORD_00872,CUST_0261,PROD_018,Pro Widget 018,Sports,4,381.99,1527.97,2023-09-02,Karachi,0.0,Referral
ORD_00873,CUST_0297,PROD_016,Premium Tool 016,Home & Kitchen,4,209.42,837.3,2023-10-22,Lahore,0.37,Email
ORD_00873,CUST_0297,PROD_015,Pro Widget 015,Toys,4,128.57,407.63,2023-10-22,Lahore,106.66,Email
ORD_00873,CUST_0297,PROD_074,Smart Gadget 074,Sports,2,339.21,678.42,2023-10-22,Lahore,0.0,Email
ORD_00874,CUST_0496,PROD_006,Smart Tool 006,Clothing,2,275.96,430.84,2024-11-18,Lahore,121.08,Referral
ORD_00874,CUST_0496,PROD_051,Premium Device 051,Clothing,2,173.7,347.41,2024-11-18,Lahore,0.0,Referral
ORD_00875,CUST_0058,PROD_015,Pro Widget 015,Toys,1,119.77,119.77,2024-08-11,Multan,0.0,Google Ads
ORD_00876,CUST_0229,PROD_016,Premium Tool 016,Home & Kitchen,3,215.93,647.79,2023-05-28,Multan,0.0,Referral
ORD_00876,CUST_0229,PROD_067,Smart Tool 067,Clothing,3,100.72,302.15,2023-05-28,Multan,0.0,Referral
ORD_00877,CUST_0326,PROD_025,Basic Device 025,Sports,2,138.18,240.09,2023-05-30,Rawalpindi,36.27,Facebook
ORD_00877,CUST_0326,PROD_033,Premium Item 033,Beauty,1,85.17,85.17,2023-05-30,Rawalpindi,0.0,Facebook
ORD_00878,CUST_0401,PROD_068,Basic Widget 068,Sports,3,326.62,979.85,2025-06-29,Multan,0.0,Instagram
ORD_00879,CUST_0148,PROD_055,Elite Item 055,Beauty,1,209.18,205.08,2023-05-25,Islamabad,4.1,Google Ads
ORD_00879,CUST_0148,PROD_059,Pro Tool 059,Clothing,3,403.98,1211.94,2023-05-25,Islamabad,0.0,Google Ads
ORD_00879,CUST_0148,PROD_026,Smart Tool 026,Sports,3,233.64,644.23,2023-05-25,Islamabad,56.7,Google Ads
ORD_00880,CUST_0246,PROD_031,Smart Widget 031,Books,4,346.38,1156.2,2023-08-14,Lahore,229.34,Organic
ORD_00880,CUST_0246,PROD_019,Smart Gadget 019,Clothing,1,214.53,214.53,2023-08-14,Lahore,0.0,Organic
ORD_00880,CUST_0246,PROD_033,Premium Item 033,Beauty,1,79.51,60.44,2023-08-14,Lahore,19.07,Organic
ORD_00880,CUST_0246,PROD_052,Elite Gadget 052,Sports,1,61.75,59.77,2023-08-14,Lahore,1.98,Organic
ORD_00881,CUST_0461,PROD_072,Premium Device 072,Electronics,2,358.24,715.75,2023-10-17,Peshawar,0.72,Google Ads
ORD_00881,CUST_0461,PROD_003,Smart Widget 003,Sports,3,240.02,629.38,2023-10-17,Peshawar,90.67,Google Ads
ORD_00881,CUST_0461,PROD_044,Smart Tool 044,Clothing,1,461.64,461.64,2023-10-17,Peshawar,0.0,Google Ads
ORD_00882,CUST_0376,PROD_035,Smart Widget 035,Toys,2,332.71,473.64,2023-11-10,Islamabad,191.77,Referral
ORD_00882,CUST_0376,PROD_073,Basic Tool 073,Electronics,3,395.22,1185.67,2023-11-10,Islamabad,0.0,Referral
ORD_00882,CUST_0376,PROD_026,Smart Tool 026,Sports,2,191.29,341.61,2023-11-10,Islamabad,40.96,Referral
ORD_00882,CUST_0376,PROD_031,Smart Widget 031,Books,3,362.16,1086.47,2023-11-10,Islamabad,0.0,Referral
ORD_00883,CUST_0288,PROD_018,Pro Widget 018,Sports,2,309.67,619.35,2023-01-17,Karachi,0.0,Email
ORD_00884,CUST_0240,PROD_014,Premium Widget 014,Books,4,132.3,529.2,2024-02-27,Multan,0.0,Organic
ORD_00884,CUST_0240,PROD_028,Premium Widget 028,Clothing,2,301.05,602.11,2024-02-27,Multan,0.0,Organic
ORD_00884,CUST_0240,PROD_002,Basic Gadget 002,Books,4,51.07,204.29,2024-02-27,Multan,0.0,Organic
ORD_00884,CUST_0240,PROD_076,Smart Device 076,Home & Kitchen,4,541.6,2166.4,2024-02-27,Multan,0.0,Organic
ORD_00884,CUST_0240,PROD_031,Smart Widget 031,Books,1,304.1,304.1,2024-02-27,Multan,0.0,Organic
ORD_00885,CUST_0307,PROD_036,Smart Device 036,Clothing,2,90.23,180.12,2024-07-03,Karachi,0.34,Instagram
ORD_00885,CUST_0307,PROD_063,Basic Gadget 063,Beauty,2,277.29,537.93,2024-07-03,Karachi,16.65,Instagram
ORD_00886,CUST_0258,PROD_001,Premium Widget 001,Books,4,156.13,483.38,2024-08-19,Faisalabad,141.14,Facebook
ORD_00886,CUST_0258,PROD_072,Premium Device 072,Electronics,2,276.35,552.69,2024-08-19,Faisalabad,0.0,Facebook
ORD_00887,CUST_0322,PROD_025,Basic Device 025,Sports,2,156.63,313.25,2024-08-08,Multan,0.0,Facebook
ORD_00888,CUST_0024,PROD_026,Smart Tool 026,Sports,2,188.84,377.68,2025-01-20,Lahore,0.0,Google Ads
ORD_00888,CUST_0024,PROD_058,Smart Tool 058,Clothing,2,227.01,454.01,2025-01-20,Lahore,0.0,Google Ads
ORD_00889,CUST_0372,PROD_039,Premium Item 039,Toys,4,349.21,1396.85,2025-01-11,Islamabad,0.0,Referral
ORD_00889,CUST_0372,PROD_021,Premium Gadget 021,Toys,4,24.48,97.9,2025-01-11,Islamabad,0.0,Referral
ORD_00890,CUST_0018,PROD_014,Premium Widget 014,Books,1,134.54,134.54,2024-06-29,Multan,0.0,Instagram
ORD_00890,CUST_0018,PROD_020,Pro Device 020,Clothing,4,291.35,1165.41,2024-06-29,Multan,0.0,Instagram
ORD_00891,CUST_0417,PROD_072,Premium Device 072,Electronics,3,393.53,1180.59,2023-06-20,Multan,0.0,Email
ORD_00891,CUST_0417,PROD_077,Basic Item 077,Clothing,2,165.58,331.16,2023-06-20,Multan,0.0,Email
ORD_00891,CUST_0417,PROD_079,Premium Widget 079,Beauty,4,286.6,1146.41,2023-06-20,Multan,0.0,Email
ORD_00892,CUST_0110,PROD_038,Premium Device 038,Home & Kitchen,4,276.61,1106.45,2025-01-21,Lahore,0.0,Instagram
ORD_00893,CUST_0047,PROD_017,Pro Gadget 017,Home & Kitchen,1,164.18,117.41,2025-06-14,Karachi,46.77,Referral
ORD_00893,CUST_0047,PROD_015,Pro Widget 015,Toys,4,118.84,373.76,2025-06-14,Karachi,101.6,Referral
ORD_00893,CUST_0047,PROD_018,Pro Widget 018,Sports,1,323.45,323.45,2025-06-14,Karachi,0.0,Referral
ORD_00893,CUST_0047,PROD_030,Smart Tool 030,Sports,2,119.36,238.73,2025-06-14,Karachi,0.0,Referral
ORD_00893,CUST_0047,PROD_078,Basic Item 078,Beauty,1,147.88,147.88,2025-06-14,Karachi,0.0,Referral
ORD_00894,CUST_0174,PROD_034,Premium Item 034,Sports,3,390.86,1157.1,2024-06-21,Karachi,15.48,Facebook
ORD_00894,CUST_0174,PROD_063,Basic Gadget 063,Beauty,2,212.23,335.47,2024-06-21,Karachi,88.98,Facebook
ORD_00894,CUST_0174,PROD_012,Elite Widget 012,Sports,2,161.33,322.67,2024-06-21,Karachi,0.0,Facebook
ORD_00894,CUST_0174,PROD_070,Elite Device 070,Toys,1,295.95,295.95,2024-06-21,Karachi,0.0,Facebook
ORD_00894,CUST_0174,PROD_022,Pro Tool 022,Home & Kitchen,3,50.79,152.38,2024-06-21,Karachi,0.0,Facebook
ORD_00895,CUST_0017,PROD_004,Premium Widget 004,Clothing,1,103.35,103.35,2025-02-22,Peshawar,0.0,Organic
ORD_00896,CUST_0381,PROD_025,Basic Device 025,Sports,4,163.88,655.54,2025-04-07,Karachi,0.0,Organic
ORD_00896,CUST_0381,PROD_069,Premium Item 069,Electronics,3,28.45,60.54,2025-04-07,Karachi,24.8,Organic
ORD_00896,CUST_0381,PROD_004,Premium Widget 004,Clothing,2,148.22,296.45,2025-04-07,Karachi,0.0,Organic
ORD_00896,CUST_0381,PROD_015,Pro Widget 015,Toys,3,136.6,409.81,2025-04-07,Karachi,0.0,Organic
ORD_00896,CUST_0381,PROD_011,Premium Tool 011,Sports,2,74.02,148.03,2025-04-07,Karachi,0.0,Organic
ORD_00897,CUST_0245,PROD_020,Pro Device 020,Clothing,2,390.28,780.56,2023-10-22,Faisalabad,0.0,Organic
ORD_00897,CUST_0245,PROD_080,Smart Widget 080,Electronics,1,253.11,253.11,2023-10-22,Faisalabad,0.0,Organic
ORD_00897,CUST_0245,PROD_065,Premium Tool 065,Home & Kitchen,4,457.92,1831.69,2023-10-22,Faisalabad,0.0,Organic
ORD_00897,CUST_0245,PROD_007,Pro Widget 007,Toys,1,431.09,382.22,2023-10-22,Faisalabad,48.87,Organic
ORD_00898,CUST_0326,PROD_067,Smart Tool 067,Clothing,3,104.29,312.86,2023-12-16,Islamabad,0.0,Referral
ORD_00899,CUST_0289,PROD_035,Smart Widget 035,Toys,2,378.5,757.0,2023-05-06,Rawalpindi,0.0,Google Ads
ORD_00899,CUST_0289,PROD_007,Pro Widget 007,Toys,3,374.1,1122.31,2023-05-06,Rawalpindi,0.0,Google Ads
ORD_00900,CUST_0296,PROD_006,Smart Tool 006,Clothing,4,188.97,755.88,2024-01-20,Faisalabad,0.0,Referral
ORD_00901,CUST_0211,PROD_080,Smart Widget 080,Electronics,3,304.78,914.34,2024-09-08,Faisalabad,0.0,Instagram
ORD_00901,CUST_0211,PROD_080,Smart Widget 080,Electronics,2,232.51,465.02,2024-09-08,Faisalabad,0.0,Instagram
ORD_00901,CUST_0211,PROD_007,Pro Widget 007,Toys,1,464.0,464.0,2024-09-08,Faisalabad,0.0,Instagram
ORD_00901,CUST_0211,PROD_068,Basic Widget 068,Sports,1,428.34,333.44,2024-09-08,Faisalabad,94.9,Instagram
ORD_00901,CUST_0211,PROD_034,Premium Item 034,Sports,3,454.23,1138.87,2024-09-08,Faisalabad,223.81,Instagram
ORD_00902,CUST_0243,PROD_049,Premium Widget 049,Books,2,322.86,645.71,2024-05-25,Faisalabad,0.0,Google Ads
ORD_00902,CUST_0243,PROD_035,Smart Widget 035,Toys,2,272.72,545.44,2024-05-25,Faisalabad,0.0,Google Ads
ORD_00903,CUST_0357,PROD_022,Pro Tool 022,Home & Kitchen,3,40.86,122.59,2024-02-14,Multan,0.0,Facebook
ORD_00903,CUST_0357,PROD_032,Smart Item 032,Toys,4,357.32,1429.27,2024-02-14,Multan,0.0,Facebook
ORD_00903,CUST_0357,PROD_068,Basic Widget 068,Sports,4,328.11,1312.42,2024-02-14,Multan,0.0,Facebook
ORD_00903,CUST_0357,PROD_033,Premium Item 033,Beauty,1,86.17,86.17,2024-02-14,Multan,0.0,Facebook
ORD_00903,CUST_0357,PROD_050,Basic Widget 050,Electronics,3,508.06,1452.53,2024-02-14,Multan,71.64,Facebook
ORD_00904,CUST_0485,PROD_006,Smart Tool 006,Clothing,2,221.21,442.41,2025-02-07,Peshawar,0.0,Facebook
ORD_00904,CUST_0485,PROD_048,Smart Device 048,Clothing,3,303.53,910.58,2025-02-07,Peshawar,0.0,Facebook
ORD_00904,CUST_0485,PROD_025,Basic Device 025,Sports,1,148.1,148.1,2025-02-07,Peshawar,0.0,Facebook
ORD_00905,CUST_0158,PROD_066,Elite Item 066,Beauty,1,389.56,346.51,2024-02-26,Peshawar,43.05,Facebook
ORD_00905,CUST_0158,PROD_072,Premium Device 072,Electronics,2,385.9,771.8,2024-02-26,Peshawar,0.0,Facebook
ORD_00905,CUST_0158,PROD_018,Pro Widget 018,Sports,4,335.28,1070.08,2024-02-26,Peshawar,271.05,Facebook
ORD_00906,CUST_0175,PROD_008,Elite Item 008,Home & Kitchen,3,77.18,217.02,2023-02-08,Multan,14.51,Referral
ORD_00906,CUST_0175,PROD_046,Pro Tool 046,Sports,2,261.62,523.23,2023-02-08,Multan,0.0,Referral
ORD_00906,CUST_0175,PROD_041,Premium Widget 041,Books,1,237.69,237.69,2023-02-08,Multan,0.0,Referral
ORD_00907,CUST_0073,PROD_077,Basic Item 077,Clothing,4,141.62,432.67,2025-04-05,Karachi,133.81,Organic
ORD_00908,CUST_0279,PROD_076,Smart Device 076,Home & Kitchen,1,492.51,492.51,2023-02-19,Lahore,0.0,Google Ads
ORD_00908,CUST_0279,PROD_028,Premium Widget 028,Clothing,2,305.39,610.77,2023-02-19,Lahore,0.0,Google Ads
ORD_00908,CUST_0279,PROD_029,Elite Device 029,Electronics,1,228.91,179.24,2023-02-19,Lahore,49.67,Google Ads
ORD_00908,CUST_0279,PROD_011,Premium Tool 011,Sports,4,78.52,314.06,2023-02-19,Lahore,0.0,Google Ads
ORD_00908,CUST_0279,PROD_050,Basic Widget 050,Electronics,1,424.62,424.62,2023-02-19,Lahore,0.0,Google Ads
ORD_00909,CUST_0209,PROD_002,Basic Gadget 002,Books,1,70.13,70.13,2025-03-08,Multan,0.0,Email
ORD_00909,CUST_0209,PROD_004,Premium Widget 004,Clothing,1,128.27,128.27,2025-03-08,Multan,0.0,Email
ORD_00909,CUST_0209,PROD_054,Elite Tool 054,Clothing,1,57.34,48.33,2025-03-08,Multan,9.01,Email
ORD_00909,CUST_0209,PROD_002,Basic Gadget 002,Books,2,64.76,129.52,2025-03-08,Multan,0.0,Email
ORD_00909,CUST_0209,PROD_064,Basic Tool 064,Electronics,3,98.98,243.85,2025-03-08,Multan,53.1,Email
ORD_00910,CUST_0492,PROD_028,Premium Widget 028,Clothing,4,300.68,1154.39,2025-01-12,Karachi,48.32,Email
ORD_00910,CUST_0492,PROD_008,Elite Item 008,Home & Kitchen,1,79.67,79.67,2025-01-12,Karachi,0.0,Email
ORD_00910,CUST_0492,PROD_016,Premium Tool 016,Home & Kitchen,3,195.85,587.54,2025-01-12,Karachi,0.0,Email
ORD_00910,CUST_0492,PROD_030,Smart Tool 030,Sports,4,134.78,539.13,2025-01-12,Karachi,0.0,Email
ORD_00911,CUST_0014,PROD_025,Basic Device 025,Sports,2,156.22,312.44,2024-08-23,Peshawar,0.0,Instagram
ORD_00911,CUST_0014,PROD_028,Premium Widget 028,Clothing,2,263.29,526.59,2024-08-23,Peshawar,0.0,Instagram
ORD_00912,CUST_0172,PROD_033,Premium Item 033,Beauty,1,94.34,86.02,2023-12-12,Karachi,8.32,Organic
ORD_00912,CUST_0172,PROD_067,Smart Tool 067,Clothing,4,121.21,484.86,2023-12-12,Karachi,0.0,Organic
ORD_00912,CUST_0172,PROD_047,Basic Gadget 047,Electronics,1,195.19,195.19,2023-12-12,Karachi,0.0,Organic
ORD_00912,CUST_0172,PROD_064,Basic Tool 064,Electronics,4,88.08,273.72,2023-12-12,Karachi,78.61,Organic
ORD_00913,CUST_0266,PROD_017,Pro Gadget 017,Home & Kitchen,4,204.72,818.88,2024-12-11,Karachi,0.0,Referral
ORD_00914,CUST_0022,PROD_047,Basic Gadget 047,Electronics,4,168.48,508.5,2023-07-17,Faisalabad,165.42,Google Ads
ORD_00915,CUST_0391,PROD_059,Pro Tool 059,Clothing,1,406.99,394.79,2023-01-28,Lahore,12.2,Referral
ORD_00915,CUST_0391,PROD_023,Smart Item 023,Clothing,2,298.58,597.15,2023-01-28,Lahore,0.0,Referral
ORD_00915,CUST_0391,PROD_007,Pro Widget 007,Toys,4,406.32,1625.28,2023-01-28,Lahore,0.0,Referral
ORD_00915,CUST_0391,PROD_074,Smart Gadget 074,Sports,1,299.55,261.4,2023-01-28,Lahore,38.15,Referral
ORD_00916,CUST_0288,PROD_068,Basic Widget 068,Sports,3,339.45,982.95,2024-10-21,Faisalabad,35.39,Google Ads
ORD_00916,CUST_0288,PROD_039,Premium Item 039,Toys,1,452.96,346.94,2024-10-21,Faisalabad,106.02,Google Ads
ORD_00917,CUST_0176,PROD_071,Premium Device 071,Electronics,2,411.35,822.7,2023-11-02,Rawalpindi,0.0,Referral
ORD_00917,CUST_0176,PROD_048,Smart Device 048,Clothing,1,245.04,211.85,2023-11-02,Rawalpindi,33.19,Referral
ORD_00918,CUST_0356,PROD_065,Premium Tool 065,Home & Kitchen,3,555.52,1666.57,2023-01-19,Peshawar,0.0,Organic
ORD_00918,CUST_0356,PROD_009,Pro Widget 009,Electronics,3,179.35,538.05,2023-01-19,Peshawar,0.0,Organic
ORD_00918,CUST_0356,PROD_003,Smart Widget 003,Sports,4,259.39,1037.54,2023-01-19,Peshawar,0.0,Organic
ORD_00918,CUST_0356,PROD_022,Pro Tool 022,Home & Kitchen,4,46.78,152.09,2023-01-19,Peshawar,35.02,Organic
ORD_00918,CUST_0356,PROD_054,Elite Tool 054,Clothing,4,64.53,193.83,2023-01-19,Peshawar,64.29,Organic
ORD_00919,CUST_0329,PROD_059,Pro Tool 059,Clothing,1,506.76,506.76,2024-09-11,Multan,0.0,Referral
ORD_00919,CUST_0329,PROD_069,Premium Item 069,Electronics,3,35.67,88.74,2024-09-11,Multan,18.26,Referral
ORD_00919,CUST_0329,PROD_019,Smart Gadget 019,Clothing,3,242.69,728.07,2024-09-11,Multan,0.0,Referral
ORD_00919,CUST_0329,PROD_065,Premium Tool 065,Home & Kitchen,3,476.89,1062.91,2024-09-11,Multan,367.75,Referral
ORD_00919,CUST_0329,PROD_023,Smart Item 023,Clothing,2,279.28,423.32,2024-09-11,Multan,135.24,Referral
ORD_00920,CUST_0115,PROD_052,Elite Gadget 052,Sports,1,72.07,50.66,2023-10-29,Peshawar,21.41,Instagram
ORD_00920,CUST_0115,PROD_061,Smart Widget 061,Electronics,2,316.1,632.21,2023-10-29,Peshawar,0.0,Instagram
ORD_00921,CUST_0392,PROD_023,Smart Item 023,Clothing,2,305.93,478.88,2024-03-03,Multan,132.97,Instagram
ORD_00922,CUST_0267,PROD_078,Basic Item 078,Beauty,3,174.84,442.65,2024-09-13,Islamabad,81.86,Referral
ORD_00922,CUST_0267,PROD_072,Premium Device 072,Electronics,1,386.66,290.61,2024-09-13,Islamabad,96.05,Referral
ORD_00923,CUST_0460,PROD_019,Smart Gadget 019,Clothing,4,221.5,886.0,2023-12-19,Multan,0.0,Organic
ORD_00923,CUST_0460,PROD_019,Smart Gadget 019,Clothing,4,245.07,980.29,2023-12-19,Multan,0.0,Organic
ORD_00923,CUST_0460,PROD_019,Smart Gadget 019,Clothing,4,251.73,1006.93,2023-12-19,Multan,0.0,Organic
ORD_00923,CUST_0460,PROD_071,Premium Device 071,Electronics,4,439.62,1758.47,2023-12-19,Multan,0.0,Organic
ORD_00924,CUST_0323,PROD_062,Smart Widget 062,Electronics,4,389.37,1145.23,2023-03-16,Karachi,412.24,Email
ORD_00924,CUST_0323,PROD_025,Basic Device 025,Sports,3,142.71,331.75,2023-03-16,Karachi,96.38,Email
ORD_00925,CUST_0129,PROD_052,Elite Gadget 052,Sports,2,67.07,121.63,2025-05-13,Peshawar,12.5,Facebook
ORD_00925,CUST_0129,PROD_066,Elite Item 066,Beauty,3,369.04,1107.13,2025-05-13,Peshawar,0.0,Facebook
ORD_00926,CUST_0016,PROD_001,Premium Widget 001,Books,1,154.47,154.47,2025-05-02,Rawalpindi,0.0,Google Ads
ORD_00926,CUST_0016,PROD_077,Basic Item 077,Clothing,4,162.99,651.94,2025-05-02,Rawalpindi,0.0,Google Ads
ORD_00927,CUST_0029,PROD_010,Pro Item 010,Sports,1,149.02,134.05,2023-04-30,Faisalabad,14.97,Google Ads
ORD_00927,CUST_0029,PROD_004,Premium Widget 004,Clothing,1,146.09,146.09,2023-04-30,Faisalabad,0.0,Google Ads
ORD_00927,CUST_0029,PROD_008,Elite Item 008,Home & Kitchen,3,71.71,210.4,2023-04-30,Faisalabad,4.72,Google Ads
ORD_00927,CUST_0029,PROD_042,Premium Device 042,Toys,1,70.28,52.09,2023-04-30,Faisalabad,18.19,Google Ads
ORD_00928,CUST_0268,PROD_053,Smart Device 053,Beauty,2,105.85,211.71,2023-07-20,Rawalpindi,0.0,Referral
ORD_00928,CUST_0268,PROD_036,Smart Device 036,Clothing,3,68.48,205.45,2023-07-20,Rawalpindi,0.0,Referral
ORD_00928,CUST_0268,PROD_057,Pro Widget 057,Clothing,3,99.34,298.02,2023-07-20,Rawalpindi,0.0,Referral
ORD_00928,CUST_0268,PROD_058,Smart Tool 058,Clothing,2,236.31,414.26,2023-07-20,Rawalpindi,58.37,Referral
ORD_00928,CUST_0268,PROD_017,Pro Gadget 017,Home & Kitchen,2,172.63,345.27,2023-07-20,Rawalpindi,0.0,Referral
ORD_00929,CUST_0048,PROD_061,Smart Widget 061,Electronics,4,385.32,1279.85,2025-02-02,Multan,261.44,Referral
ORD_00929,CUST_0048,PROD_078,Basic Item 078,Beauty,1,182.68,182.68,2025-02-02,Multan,0.0,Referral
ORD_00929,CUST_0048,PROD_051,Premium Device 051,Clothing,3,121.09,363.28,2025-02-02,Multan,0.0,Referral
ORD_00929,CUST_0048,PROD_026,Smart Tool 026,Sports,4,183.67,524.37,2025-02-02,Multan,210.3,Referral
ORD_00930,CUST_0161,PROD_052,Elite Gadget 052,Sports,1,73.85,63.56,2024-01-02,Lahore,10.29,Facebook
ORD_00930,CUST_0161,PROD_027,Basic Gadget 027,Sports,2,269.75,539.51,2024-01-02,Lahore,0.0,Facebook
ORD_00931,CUST_0084,PROD_055,Elite Item 055,Beauty,2,238.94,432.32,2023-01-01,Karachi,45.56,Google Ads
ORD_00931,CUST_0084,PROD_060,Premium Tool 060,Toys,4,440.03,1561.59,2023-01-01,Karachi,198.53,Google Ads
ORD_00931,CUST_0084,PROD_025,Basic Device 025,Sports,2,135.83,227.22,2023-01-01,Karachi,44.43,Google Ads
ORD_00931,CUST_0084,PROD_040,Basic Widget 040,Clothing,3,456.52,1300.24,2023-01-01,Karachi,69.31,Google Ads
ORD_00932,CUST_0297,PROD_038,Premium Device 038,Home & Kitchen,1,296.62,296.62,2023-11-27,Lahore,0.0,Instagram
ORD_00933,CUST_0142,PROD_027,Basic Gadget 027,Sports,3,285.26,855.79,2023-10-19,Lahore,0.0,Instagram
ORD_00934,CUST_0274,PROD_064,Basic Tool 064,Electronics,2,105.73,211.45,2023-04-21,Rawalpindi,0.0,Referral
ORD_00934,CUST_0274,PROD_021,Premium Gadget 021,Toys,1,29.62,24.39,2023-04-21,Rawalpindi,5.23,Referral
ORD_00935,CUST_0424,PROD_034,Premium Item 034,Sports,4,333.0,1332.02,2023-07-06,Multan,0.0,Google Ads
ORD_00936,CUST_0377,PROD_078,Basic Item 078,Beauty,4,147.37,589.49,2025-04-29,Peshawar,0.0,Referral
ORD_00936,CUST_0377,PROD_030,Smart Tool 030,Sports,2,153.26,290.21,2025-04-29,Peshawar,16.3,Referral
ORD_00936,CUST_0377,PROD_041,Premium Widget 041,Books,4,201.41,805.62,2025-04-29,Peshawar,0.0,Referral
ORD_00936,CUST_0377,PROD_058,Smart Tool 058,Clothing,1,216.1,180.79,2025-04-29,Peshawar,35.31,Referral
ORD_00937,CUST_0326,PROD_059,Pro Tool 059,Clothing,4,473.6,1894.4,2024-03-14,Multan,0.0,Organic
ORD_00937,CUST_0326,PROD_064,Basic Tool 064,Electronics,2,105.19,210.38,2024-03-14,Multan,0.0,Organic
ORD_00937,CUST_0326,PROD_019,Smart Gadget 019,Clothing,1,223.75,223.75,2024-03-14,Multan,0.0,Organic
ORD_00937,CUST_0326,PROD_070,Elite Device 070,Toys,2,225.32,426.24,2024-03-14,Multan,24.4,Organic
ORD_00938,CUST_0323,PROD_012,Elite Widget 012,Sports,4,164.65,655.66,2023-12-24,Multan,2.93,Google Ads
ORD_00938,CUST_0323,PROD_043,Elite Device 043,Clothing,4,164.33,577.49,2023-12-24,Multan,79.85,Google Ads
ORD_00938,CUST_0323,PROD_020,Pro Device 020,Clothing,1,348.62,330.4,2023-12-24,Multan,18.22,Google Ads
ORD_00939,CUST_0293,PROD_059,Pro Tool 059,Clothing,1,448.59,448.59,2023-05-23,Faisalabad,0.0,Instagram
ORD_00939,CUST_0293,PROD_035,Smart Widget 035,Toys,2,307.54,561.78,2023-05-23,Faisalabad,53.29,Instagram
ORD_00939,CUST_0293,PROD_070,Elite Device 070,Toys,1,319.23,319.23,2023-05-23,Faisalabad,0.0,Instagram
ORD_00940,CUST_0471,PROD_078,Basic Item 078,Beauty,2,175.64,351.28,2023-02-08,Peshawar,0.0,Organic
ORD_00940,CUST_0471,PROD_077,Basic Item 077,Clothing,3,140.56,421.69,2023-02-08,Peshawar,0.0,Organic
ORD_00940,CUST_0471,PROD_017,Pro Gadget 017,Home & Kitchen,3,212.24,636.73,2023-02-08,Peshawar,0.0,Organic
ORD_00941,CUST_0377,PROD_009,Pro Widget 009,Electronics,1,179.18,179.18,2024-09-16,Faisalabad,0.0,Referral
ORD_00941,CUST_0377,PROD_070,Elite Device 070,Toys,4,320.24,1267.19,2024-09-16,Faisalabad,13.76,Referral
ORD_00941,CUST_0377,PROD_057,Pro Widget 057,Clothing,1,97.94,97.94,2024-09-16,Faisalabad,0.0,Referral
ORD_00941,CUST_0377,PROD_070,Elite Device 070,Toys,4,264.58,1058.33,2024-09-16,Faisalabad,0.0,Referral
ORD_00941,CUST_0377,PROD_070,Elite Device 070,Toys,2,219.03,401.94,2024-09-16,Faisalabad,36.13,Referral
ORD_00942,CUST_0400,PROD_060,Premium Tool 060,Toys,4,451.15,1804.58,2023-03-21,Karachi,0.0,Referral
ORD_00942,CUST_0400,PROD_070,Elite Device 070,Toys,2,308.84,617.69,2023-03-21,Karachi,0.0,Referral
ORD_00942,CUST_0400,PROD_056,Premium Widget 056,Electronics,4,225.4,901.6,2023-03-21,Karachi,0.0,Referral
ORD_00942,CUST_0400,PROD_017,Pro Gadget 017,Home & Kitchen,3,185.27,555.8,2023-03-21,Karachi,0.0,Referral
ORD_00942,CUST_0400,PROD_005,Smart Widget 005,Sports,3,115.23,345.7,2023-03-21,Karachi,0.0,Referral
ORD_00943,CUST_0330,PROD_035,Smart Widget 035,Toys,1,337.1,260.69,2023-07-10,Islamabad,76.41,Organic
ORD_00943,CUST_0330,PROD_050,Basic Widget 050,Electronics,4,470.49,1881.97,2023-07-10,Islamabad,0.0,Organic
ORD_00944,CUST_0234,PROD_016,Premium Tool 016,Home & Kitchen,2,211.7,423.4,2024-08-05,Karachi,0.0,Referral
ORD_00945,CUST_0399,PROD_035,Smart Widget 035,Toys,3,276.22,828.67,2025-02-03,Peshawar,0.0,Facebook
ORD_00945,CUST_0399,PROD_059,Pro Tool 059,Clothing,4,385.2,1540.79,2025-02-03,Peshawar,0.0,Facebook
ORD_00945,CUST_0399,PROD_079,Premium Widget 079,Beauty,3,274.85,824.54,2025-02-03,Peshawar,0.0,Facebook
ORD_00946,CUST_0488,PROD_035,Smart Widget 035,Toys,4,358.2,1432.82,2023-05-17,Multan,0.0,Email
ORD_00946,CUST_0488,PROD_025,Basic Device 025,Sports,1,129.87,129.87,2023-05-17,Multan,0.0,Email
ORD_00946,CUST_0488,PROD_011,Premium Tool 011,Sports,3,62.24,146.25,2023-05-17,Multan,40.47,Email
ORD_00946,CUST_0488,PROD_062,Smart Widget 062,Electronics,2,540.74,1081.47,2023-05-17,Multan,0.0,Email
ORD_00946,CUST_0488,PROD_022,Pro Tool 022,Home & Kitchen,2,40.79,81.59,2023-05-17,Multan,0.0,Email
ORD_00947,CUST_0445,PROD_078,Basic Item 078,Beauty,3,138.69,298.78,2024-12-12,Islamabad,117.28,Email
ORD_00947,CUST_0445,PROD_014,Premium Widget 014,Books,4,115.31,461.22,2024-12-12,Islamabad,0.0,Email
ORD_00948,CUST_0331,PROD_072,Premium Device 072,Electronics,3,274.81,824.43,2024-05-16,Islamabad,0.0,Instagram
ORD_00948,CUST_0331,PROD_063,Basic Gadget 063,Beauty,3,280.18,840.54,2024-05-16,Islamabad,0.0,Instagram
ORD_00948,CUST_0331,PROD_025,Basic Device 025,Sports,3,145.85,437.55,2024-05-16,Islamabad,0.0,Instagram
ORD_00948,CUST_0331,PROD_066,Elite Item 066,Beauty,1,411.24,411.24,2024-05-16,Islamabad,0.0,Instagram
ORD_00948,CUST_0331,PROD_062,Smart Widget 062,Electronics,4,401.72,1606.88,2024-05-16,Islamabad,0.0,Instagram
ORD_00949,CUST_0427,PROD_035,Smart Widget 035,Toys,1,264.01,264.01,2024-12-22,Faisalabad,0.0,Google Ads
ORD_00949,CUST_0427,PROD_051,Premium Device 051,Clothing,3,122.33,366.98,2024-12-22,Faisalabad,0.0,Google Ads
ORD_00949,CUST_0427,PROD_014,Premium Widget 014,Books,3,137.61,412.84,2024-12-22,Faisalabad,0.0,Google Ads
ORD_00950,CUST_0111,PROD_028,Premium Widget 028,Clothing,4,314.38,1059.66,2025-01-16,Islamabad,197.88,Email
ORD_00950,CUST_0111,PROD_031,Smart Widget 031,Books,4,355.5,1421.99,2025-01-16,Islamabad,0.0,Email
ORD_00951,CUST_0009,PROD_014,Premium Widget 014,Books,3,143.59,426.22,2024-09-27,Peshawar,4.55,Google Ads
ORD_00951,CUST_0009,PROD_046,Pro Tool 046,Sports,2,227.22,325.2,2024-09-27,Peshawar,129.24,Google Ads
ORD_00951,CUST_0009,PROD_016,Premium Tool 016,Home & Kitchen,4,237.88,713.19,2024-09-27,Peshawar,238.33,Google Ads
ORD_00952,CUST_0388,PROD_017,Pro Gadget 017,Home & Kitchen,2,209.46,418.92,2024-05-04,Islamabad,0.0,Facebook
ORD_00953,CUST_0439,PROD_018,Pro Widget 018,Sports,3,328.51,756.15,2025-02-24,Rawalpindi,229.39,Google Ads
ORD_00953,CUST_0439,PROD_054,Elite Tool 054,Clothing,1,66.46,54.82,2025-02-24,Rawalpindi,11.64,Google Ads
ORD_00953,CUST_0439,PROD_054,Elite Tool 054,Clothing,4,57.1,228.38,2025-02-24,Rawalpindi,0.0,Google Ads
ORD_00954,CUST_0442,PROD_044,Smart Tool 044,Clothing,3,555.07,1525.53,2023-06-21,Rawalpindi,139.68,Referral
ORD_00954,CUST_0442,PROD_044,Smart Tool 044,Clothing,4,551.61,1996.37,2023-06-21,Rawalpindi,210.05,Referral
ORD_00955,CUST_0365,PROD_065,Premium Tool 065,Home & Kitchen,2,427.71,824.98,2025-05-11,Islamabad,30.45,Google Ads
ORD_00955,CUST_0365,PROD_011,Premium Tool 011,Sports,4,84.98,339.9,2025-05-11,Islamabad,0.0,Google Ads
ORD_00955,CUST_0365,PROD_001,Premium Widget 001,Books,1,118.29,105.07,2025-05-11,Islamabad,13.22,Google Ads
ORD_00955,CUST_0365,PROD_030,Smart Tool 030,Sports,2,110.43,220.86,2025-05-11,Islamabad,0.0,Google Ads
ORD_00955,CUST_0365,PROD_015,Pro Widget 015,Toys,3,142.36,427.07,2025-05-11,Islamabad,0.0,Google Ads
ORD_00956,CUST_0003,PROD_067,Smart Tool 067,Clothing,2,108.55,217.1,2023-11-28,Rawalpindi,0.0,Organic
ORD_00956,CUST_0003,PROD_024,Elite Tool 024,Clothing,1,127.71,127.71,2023-11-28,Rawalpindi,0.0,Organic
ORD_00956,CUST_0003,PROD_067,Smart Tool 067,Clothing,4,98.34,308.79,2023-11-28,Rawalpindi,84.58,Organic
ORD_00957,CUST_0074,PROD_057,Pro Widget 057,Clothing,3,109.83,329.48,2024-05-26,Rawalpindi,0.0,Instagram
ORD_00957,CUST_0074,PROD_001,Premium Widget 001,Books,2,137.02,274.04,2024-05-26,Rawalpindi,0.0,Instagram
ORD_00958,CUST_0379,PROD_027,Basic Gadget 027,Sports,1,254.42,241.23,2024-12-21,Islamabad,13.19,Facebook
ORD_00958,CUST_0379,PROD_070,Elite Device 070,Toys,1,295.87,295.87,2024-12-21,Islamabad,0.0,Facebook
ORD_00959,CUST_0033,PROD_001,Premium Widget 001,Books,3,151.94,455.83,2023-05-10,Faisalabad,0.0,Google Ads
ORD_00959,CUST_0033,PROD_002,Basic Gadget 002,Books,1,60.69,60.69,2023-05-10,Faisalabad,0.0,Google Ads
ORD_00960,CUST_0251,PROD_060,Premium Tool 060,Toys,3,349.83,1049.5,2023-06-13,Multan,0.0,Email
ORD_00960,CUST_0251,PROD_061,Smart Widget 061,Electronics,4,332.01,1328.05,2023-06-13,Multan,0.0,Email
ORD_00961,CUST_0234,PROD_060,Premium Tool 060,Toys,3,390.64,974.32,2023-07-01,Islamabad,197.6,Instagram
ORD_00961,CUST_0234,PROD_035,Smart Widget 035,Toys,4,270.29,1081.16,2023-07-01,Islamabad,0.0,Instagram
ORD_00962,CUST_0293,PROD_012,Elite Widget 012,Sports,4,146.43,543.37,2023-02-03,Lahore,42.36,Email
ORD_00962,CUST_0293,PROD_014,Premium Widget 014,Books,4,99.92,313.55,2023-02-03,Lahore,86.13,Email
ORD_00962,CUST_0293,PROD_016,Premium Tool 016,Home & Kitchen,4,202.04,808.16,2023-02-03,Lahore,0.0,Email
ORD_00963,CUST_0111,PROD_028,Premium Widget 028,Clothing,2,375.44,677.48,2023-07-23,Peshawar,73.4,Referral
ORD_00963,CUST_0111,PROD_023,Smart Item 023,Clothing,2,341.31,682.63,2023-07-23,Peshawar,0.0,Referral
ORD_00963,CUST_0111,PROD_079,Premium Widget 079,Beauty,2,344.67,491.78,2023-07-23,Peshawar,197.57,Referral
ORD_00963,CUST_0111,PROD_055,Elite Item 055,Beauty,3,224.74,674.22,2023-07-23,Peshawar,0.0,Referral
ORD_00964,CUST_0328,PROD_019,Smart Gadget 019,Clothing,2,274.04,548.08,2023-11-07,Faisalabad,0.0,Email
ORD_00964,CUST_0328,PROD_047,Basic Gadget 047,Electronics,2,195.99,328.46,2023-11-07,Faisalabad,63.52,Email
ORD_00965,CUST_0164,PROD_016,Premium Tool 016,Home & Kitchen,4,253.05,1012.18,2024-07-23,Islamabad,0.0,Instagram
ORD_00965,CUST_0164,PROD_064,Basic Tool 064,Electronics,2,78.4,156.79,2024-07-23,Islamabad,0.0,Instagram
ORD_00965,CUST_0164,PROD_032,Smart Item 032,Toys,1,333.28,333.28,2024-07-23,Islamabad,0.0,Instagram
ORD_00966,CUST_0130,PROD_015,Pro Widget 015,Toys,2,143.59,214.12,2024-08-14,Faisalabad,73.05,Referral
ORD_00966,CUST_0130,PROD_075,Smart Widget 075,Beauty,4,266.05,1064.18,2024-08-14,Faisalabad,0.0,Referral
ORD_00966,CUST_0130,PROD_057,Pro Widget 057,Clothing,1,89.84,89.84,2024-08-14,Faisalabad,0.0,Referral
ORD_00966,CUST_0130,PROD_077,Basic Item 077,Clothing,4,154.71,485.41,2024-08-14,Faisalabad,133.44,Referral
ORD_00967,CUST_0110,PROD_072,Premium Device 072,Electronics,2,290.5,580.99,2024-05-17,Lahore,0.0,Email
ORD_00967,CUST_0110,PROD_013,Smart Item 013,Sports,2,116.44,232.89,2024-05-17,Lahore,0.0,Email
ORD_00967,CUST_0110,PROD_007,Pro Widget 007,Toys,2,351.94,647.86,2024-05-17,Lahore,56.02,Email
ORD_00968,CUST_0284,PROD_060,Premium Tool 060,Toys,4,406.02,1624.07,2024-05-15,Peshawar,0.0,Referral
ORD_00968,CUST_0284,PROD_048,Smart Device 048,Clothing,3,260.71,689.59,2024-05-15,Peshawar,92.53,Referral
ORD_00968,CUST_0284,PROD_008,Elite Item 008,Home & Kitchen,1,75.91,75.91,2024-05-15,Peshawar,0.0,Referral
ORD_00968,CUST_0284,PROD_039,Premium Item 039,Toys,2,473.83,716.04,2024-05-15,Peshawar,231.61,Referral
ORD_00968,CUST_0284,PROD_074,Smart Gadget 074,Sports,3,254.24,762.73,2024-05-15,Peshawar,0.0,Referral
ORD_00969,CUST_0428,PROD_074,Smart Gadget 074,Sports,1,243.8,243.8,2025-06-11,Lahore,0.0,Referral
ORD_00969,CUST_0428,PROD_074,Smart Gadget 074,Sports,2,334.96,551.98,2025-06-11,Lahore,117.95,Referral
ORD_00970,CUST_0179,PROD_026,Smart Tool 026,Sports,4,187.38,634.52,2024-11-10,Karachi,114.98,Facebook
ORD_00971,CUST_0030,PROD_054,Elite Tool 054,Clothing,4,46.83,159.25,2024-09-18,Karachi,28.09,Email
ORD_00971,CUST_0030,PROD_078,Basic Item 078,Beauty,1,141.52,141.52,2024-09-18,Karachi,0.0,Email
ORD_00972,CUST_0078,PROD_021,Premium Gadget 021,Toys,1,29.5,21.0,2025-01-19,Karachi,8.5,Google Ads
ORD_00972,CUST_0078,PROD_053,Smart Device 053,Beauty,4,142.11,568.46,2025-01-19,Karachi,0.0,Google Ads
ORD_00973,CUST_0059,PROD_049,Premium Widget 049,Books,4,268.74,1061.45,2024-09-12,Karachi,13.5,Organic
ORD_00974,CUST_0317,PROD_044,Smart Tool 044,Clothing,4,545.63,2182.51,2025-01-08,Rawalpindi,0.0,Google Ads
ORD_00975,CUST_0319,PROD_074,Smart Gadget 074,Sports,2,293.05,586.1,2025-02-03,Karachi,0.0,Facebook
ORD_00975,CUST_0319,PROD_069,Premium Item 069,Electronics,1,36.79,36.79,2025-02-03,Karachi,0.0,Facebook
ORD_00976,CUST_0449,PROD_014,Premium Widget 014,Books,2,134.54,269.07,2024-11-12,Peshawar,0.0,Email
ORD_00976,CUST_0449,PROD_013,Smart Item 013,Sports,1,95.23,75.72,2024-11-12,Peshawar,19.51,Email
ORD_00976,CUST_0449,PROD_068,Basic Widget 068,Sports,2,433.04,716.31,2024-11-12,Peshawar,149.77,Email
ORD_00977,CUST_0168,PROD_049,Premium Widget 049,Books,2,257.58,485.23,2023-05-18,Faisalabad,29.93,Facebook
ORD_00977,CUST_0168,PROD_047,Basic Gadget 047,Electronics,3,191.23,562.33,2023-05-18,Faisalabad,11.36,Facebook
ORD_00978,CUST_0380,PROD_073,Basic Tool 073,Electronics,3,401.28,1024.5,2025-01-23,Peshawar,179.33,Google Ads
ORD_00979,CUST_0009,PROD_016,Premium Tool 016,Home & Kitchen,2,211.32,422.64,2025-03-05,Lahore,0.0,Instagram
ORD_00980,CUST_0184,PROD_050,Basic Widget 050,Electronics,3,476.51,1429.53,2024-07-16,Faisalabad,0.0,Facebook
ORD_00980,CUST_0184,PROD_004,Premium Widget 004,Clothing,3,145.9,335.47,2024-07-16,Faisalabad,102.23,Facebook
ORD_00980,CUST_0184,PROD_004,Premium Widget 004,Clothing,2,148.31,259.03,2024-07-16,Faisalabad,37.59,Facebook
ORD_00981,CUST_0186,PROD_072,Premium Device 072,Electronics,4,310.57,1242.29,2024-09-20,Rawalpindi,0.0,Google Ads
ORD_00981,CUST_0186,PROD_080,Smart Widget 080,Electronics,1,267.22,260.38,2024-09-20,Rawalpindi,6.84,Google Ads
ORD_00982,CUST_0219,PROD_030,Smart Tool 030,Sports,2,113.29,226.58,2025-06-01,Karachi,0.0,Instagram
ORD_00982,CUST_0219,PROD_014,Premium Widget 014,Books,3,112.88,322.54,2025-06-01,Karachi,16.11,Instagram
ORD_00982,CUST_0219,PROD_001,Premium Widget 001,Books,2,156.41,309.78,2025-06-01,Karachi,3.04,Instagram
ORD_00982,CUST_0219,PROD_008,Elite Item 008,Home & Kitchen,1,69.53,69.53,2025-06-01,Karachi,0.0,Instagram
ORD_00982,CUST_0219,PROD_052,Elite Gadget 052,Sports,4,76.76,265.44,2025-06-01,Karachi,41.59,Instagram
ORD_00983,CUST_0217,PROD_048,Smart Device 048,Clothing,4,309.09,1107.29,2025-03-16,Faisalabad,129.09,Organic
ORD_00983,CUST_0217,PROD_037,Basic Device 037,Toys,4,525.47,1943.42,2025-03-16,Faisalabad,158.45,Organic
ORD_00983,CUST_0217,PROD_014,Premium Widget 014,Books,2,138.06,276.12,2025-03-16,Faisalabad,0.0,Organic
ORD_00984,CUST_0223,PROD_008,Elite Item 008,Home & Kitchen,1,96.43,96.43,2023-01-03,Karachi,0.0,Email
ORD_00985,CUST_0020,PROD_053,Smart Device 053,Beauty,2,108.44,216.88,2023-08-01,Peshawar,0.0,Referral
ORD_00986,CUST_0391,PROD_067,Smart Tool 067,Clothing,1,104.88,104.88,2023-04-03,Lahore,0.0,Instagram
ORD_00986,CUST_0391,PROD_047,Basic Gadget 047,Electronics,4,148.07,592.3,2023-04-03,Lahore,0.0,Instagram
ORD_00986,CUST_0391,PROD_014,Premium Widget 014,Books,3,131.61,394.84,2023-04-03,Lahore,0.0,Instagram
ORD_00986,CUST_0391,PROD_026,Smart Tool 026,Sports,1,198.19,198.19,2023-04-03,Lahore,0.0,Instagram
ORD_00987,CUST_0028,PROD_007,Pro Widget 007,Toys,3,382.36,1147.08,2024-04-18,Islamabad,0.0,Organic
ORD_00987,CUST_0028,PROD_036,Smart Device 036,Clothing,4,78.11,296.03,2024-04-18,Islamabad,16.4,Organic
ORD_00988,CUST_0361,PROD_056,Premium Widget 056,Electronics,2,194.75,310.47,2023-07-21,Karachi,79.04,Email
ORD_00989,CUST_0229,PROD_064,Basic Tool 064,Electronics,1,79.96,79.96,2024-03-12,Faisalabad,0.0,Facebook
ORD_00989,CUST_0229,PROD_043,Elite Device 043,Clothing,2,167.84,257.44,2024-03-12,Faisalabad,78.25,Facebook
ORD_00989,CUST_0229,PROD_078,Basic Item 078,Beauty,4,142.27,408.83,2024-03-12,Faisalabad,160.27,Facebook
ORD_00989,CUST_0229,PROD_033,Premium Item 033,Beauty,4,101.14,404.55,2024-03-12,Faisalabad,0.0,Facebook
ORD_00990,CUST_0077,PROD_068,Basic Widget 068,Sports,2,419.52,719.48,2023-03-22,Faisalabad,119.56,Organic
ORD_00990,CUST_0077,PROD_005,Smart Widget 005,Sports,1,128.05,128.05,2023-03-22,Faisalabad,0.0,Organic
ORD_00990,CUST_0077,PROD_055,Elite Item 055,Beauty,1,195.42,195.42,2023-03-22,Faisalabad,0.0,Organic
ORD_00991,CUST_0302,PROD_007,Pro Widget 007,Toys,4,419.18,1614.2,2023-01-26,Peshawar,62.54,Organic
ORD_00992,CUST_0130,PROD_034,Premium Item 034,Sports,2,390.09,764.28,2023-02-08,Multan,15.9,Referral
ORD_00993,CUST_0367,PROD_041,Premium Widget 041,Books,2,264.79,479.26,2024-07-30,Faisalabad,50.31,Organic
ORD_00993,CUST_0367,PROD_023,Smart Item 023,Clothing,1,298.78,295.38,2024-07-30,Faisalabad,3.4,Organic
ORD_00993,CUST_0367,PROD_076,Smart Device 076,Home & Kitchen,3,495.45,1486.35,2024-07-30,Faisalabad,0.0,Organic
ORD_00994,CUST_0255,PROD_029,Elite Device 029,Electronics,1,174.61,174.61,2024-02-09,Faisalabad,0.0,Instagram
ORD_00994,CUST_0255,PROD_016,Premium Tool 016,Home & Kitchen,4,221.23,884.93,2024-02-09,Faisalabad,0.0,Instagram
ORD_00994,CUST_0255,PROD_038,Premium Device 038,Home & Kitchen,1,240.53,240.53,2024-02-09,Faisalabad,0.0,Instagram
ORD_00994,CUST_0255,PROD_013,Smart Item 013,Sports,2,92.39,184.78,2024-02-09,Faisalabad,0.0,Instagram
ORD_00994,CUST_0255,PROD_007,Pro Widget 007,Toys,4,401.59,1606.37,2024-02-09,Faisalabad,0.0,Instagram
ORD_00995,CUST_0120,PROD_056,Premium Widget 056,Electronics,2,183.31,309.94,2025-04-30,Peshawar,56.69,Facebook
ORD_00995,CUST_0120,PROD_076,Smart Device 076,Home & Kitchen,3,483.52,1017.28,2025-04-30,Peshawar,433.29,Facebook
ORD_00996,CUST_0229,PROD_034,Premium Item 034,Sports,2,442.16,630.75,2025-04-06,Karachi,253.56,Referral
ORD_00997,CUST_0072,PROD_066,Elite Item 066,Beauty,4,396.27,1585.1,2023-01-27,Rawalpindi,0.0,Organic
ORD_00997,CUST_0072,PROD_022,Pro Tool 022,Home & Kitchen,1,35.45,35.45,2023-01-27,Rawalpindi,0.0,Organic
ORD_00998,CUST_0082,PROD_034,Premium Item 034,Sports,1,436.97,365.43,2024-11-07,Multan,71.54,Referral
ORD_00999,CUST_0499,PROD_079,Premium Widget 079,Beauty,4,364.77,1422.55,2025-03-29,Lahore,36.55,Facebook
ORD_01000,CUST_0228,PROD_076,Smart Device 076,Home & Kitchen,3,548.1,1644.29,2023-01-23,Faisalabad,0.0,Referral
ORD_01000,CUST_0228,PROD_010,Pro Item 010,Sports,4,161.63,646.53,2023-01-23,Faisalabad,0.0,Referral
ORD_01000,CUST_0228,PROD_018,Pro Widget 018,Sports,2,354.26,708.52,2023-01-23,Faisalabad,0.0,Referral
ORD_01000,CUST_0228,PROD_046,Pro Tool 046,Sports,2,237.81,475.61,2023-01-23,Faisalabad,0.0,Referral
ORD_01000,CUST_0228,PROD_065,Premium Tool 065,Home & Kitchen,3,452.42,1357.26,2023-01-23,Faisalabad,0.0,Referral
ORD_01001,CUST_0089,PROD_006,Smart Tool 006,Clothing,4,227.75,910.98,2023-03-05,Islamabad,0.0,Email
ORD_01002,CUST_0048,PROD_049,Premium Widget 049,Books,1,293.64,293.64,2025-04-28,Peshawar,0.0,Google Ads
ORD_01002,CUST_0048,PROD_011,Premium Tool 011,Sports,2,71.47,142.94,2025-04-28,Peshawar,0.0,Google Ads
ORD_01003,CUST_0419,PROD_077,Basic Item 077,Clothing,4,143.5,573.98,2024-08-27,Peshawar,0.0,Google Ads
ORD_01003,CUST_0419,PROD_060,Premium Tool 060,Toys,4,445.64,1285.12,2024-08-27,Peshawar,497.45,Google Ads
ORD_01003,CUST_0419,PROD_062,Smart Widget 062,Electronics,1,420.71,420.71,2024-08-27,Peshawar,0.0,Google Ads
ORD_01004,CUST_0118,PROD_075,Smart Widget 075,Beauty,4,280.63,1122.53,2024-12-31,Islamabad,0.0,Organic
ORD_01005,CUST_0254,PROD_037,Basic Device 037,Toys,2,431.19,862.37,2024-07-19,Lahore,0.0,Instagram
ORD_01005,CUST_0254,PROD_014,Premium Widget 014,Books,4,125.61,403.18,2024-07-19,Lahore,99.28,Instagram
ORD_01006,CUST_0329,PROD_006,Smart Tool 006,Clothing,4,248.7,994.82,2024-02-12,Islamabad,0.0,Referral
ORD_01006,CUST_0329,PROD_079,Premium Widget 079,Beauty,4,299.75,1199.0,2024-02-12,Islamabad,0.0,Referral
ORD_01007,CUST_0136,PROD_058,Smart Tool 058,Clothing,3,186.53,559.58,2024-09-18,Karachi,0.0,Facebook
ORD_01007,CUST_0136,PROD_020,Pro Device 020,Clothing,3,290.49,871.48,2024-09-18,Karachi,0.0,Facebook
ORD_01007,CUST_0136,PROD_046,Pro Tool 046,Sports,2,261.34,522.68,2024-09-18,Karachi,0.0,Facebook
ORD_01007,CUST_0136,PROD_070,Elite Device 070,Toys,2,216.24,307.9,2024-09-18,Karachi,124.57,Facebook
ORD_01008,CUST_0399,PROD_069,Premium Item 069,Electronics,2,36.15,69.32,2023-08-16,Faisalabad,2.98,Instagram
ORD_01008,CUST_0399,PROD_034,Premium Item 034,Sports,4,380.22,1177.36,2023-08-16,Faisalabad,343.52,Instagram
ORD_01008,CUST_0399,PROD_057,Pro Widget 057,Clothing,1,100.76,98.84,2023-08-16,Faisalabad,1.92,Instagram
ORD_01009,CUST_0154,PROD_076,Smart Device 076,Home & Kitchen,2,441.38,723.95,2023-03-17,Peshawar,158.81,Organic
ORD_01009,CUST_0154,PROD_021,Premium Gadget 021,Toys,2,27.94,55.88,2023-03-17,Peshawar,0.0,Organic
ORD_01010,CUST_0110,PROD_024,Elite Tool 024,Clothing,2,114.28,228.56,2024-05-01,Karachi,0.0,Facebook
ORD_01010,CUST_0110,PROD_072,Premium Device 072,Electronics,1,327.3,258.53,2024-05-01,Karachi,68.77,Facebook
ORD_01010,CUST_0110,PROD_022,Pro Tool 022,Home & Kitchen,3,49.33,147.98,2024-05-01,Karachi,0.0,Facebook
ORD_01010,CUST_0110,PROD_039,Premium Item 039,Toys,4,347.71,1390.83,2024-05-01,Karachi,0.0,Facebook
ORD_01011,CUST_0050,PROD_025,Basic Device 025,Sports,3,126.18,331.25,2024-03-15,Multan,47.28,Organic
ORD_01011,CUST_0050,PROD_009,Pro Widget 009,Electronics,4,216.22,864.86,2024-03-15,Multan,0.0,Organic
ORD_01011,CUST_0050,PROD_009,Pro Widget 009,Electronics,2,211.87,423.74,2024-03-15,Multan,0.0,Organic
ORD_01012,CUST_0294,PROD_070,Elite Device 070,Toys,1,309.85,309.85,2025-02-10,Multan,0.0,Organic
ORD_01012,CUST_0294,PROD_071,Premium Device 071,Electronics,2,358.28,716.57,2025-02-10,Multan,0.0,Organic
ORD_01012,CUST_0294,PROD_035,Smart Widget 035,Toys,4,318.55,973.25,2025-02-10,Multan,300.94,Organic
ORD_01012,CUST_0294,PROD_042,Premium Device 042,Toys,2,83.63,119.72,2025-02-10,Multan,47.53,Organic
ORD_01012,CUST_0294,PROD_070,Elite Device 070,Toys,4,282.84,1131.36,2025-02-10,Multan,0.0,Organic
ORD_01013,CUST_0413,PROD_080,Smart Widget 080,Electronics,4,252.84,1011.34,2023-09-12,Rawalpindi,0.0,Referral
ORD_01013,CUST_0413,PROD_073,Basic Tool 073,Electronics,3,506.96,1371.52,2023-09-12,Rawalpindi,149.35,Referral
ORD_01013,CUST_0413,PROD_076,Smart Device 076,Home & Kitchen,3,557.66,1648.24,2023-09-12,Rawalpindi,24.74,Referral
ORD_01013,CUST_0413,PROD_016,Premium Tool 016,Home & Kitchen,2,252.82,496.75,2023-09-12,Rawalpindi,8.89,Referral
ORD_01013,CUST_0413,PROD_062,Smart Widget 062,Electronics,3,416.86,916.99,2023-09-12,Rawalpindi,333.59,Referral
ORD_01014,CUST_0023,PROD_011,Premium Tool 011,Sports,4,76.36,305.45,2023-12-26,Karachi,0.0,Instagram
ORD_01015,CUST_0427,PROD_051,Premium Device 051,Clothing,2,141.84,283.67,2024-09-02,Peshawar,0.0,Email
ORD_01015,CUST_0427,PROD_017,Pro Gadget 017,Home & Kitchen,1,185.16,185.16,2024-09-02,Peshawar,0.0,Email
ORD_01015,CUST_0427,PROD_048,Smart Device 048,Clothing,1,283.9,283.9,2024-09-02,Peshawar,0.0,Email
ORD_01015,CUST_0427,PROD_004,Premium Widget 004,Clothing,3,139.23,417.68,2024-09-02,Peshawar,0.0,Email
ORD_01015,CUST_0427,PROD_075,Smart Widget 075,Beauty,3,289.46,868.37,2024-09-02,Peshawar,0.0,Email
ORD_01016,CUST_0193,PROD_072,Premium Device 072,Electronics,4,331.49,1325.96,2024-01-20,Peshawar,0.0,Referral
ORD_01016,CUST_0193,PROD_042,Premium Device 042,Toys,4,64.81,259.22,2024-01-20,Peshawar,0.0,Referral
ORD_01016,CUST_0193,PROD_040,Basic Widget 040,Clothing,3,426.77,1280.3,2024-01-20,Peshawar,0.0,Referral
ORD_01017,CUST_0388,PROD_074,Smart Gadget 074,Sports,4,335.36,1341.44,2024-03-29,Faisalabad,0.0,Organic
ORD_01017,CUST_0388,PROD_041,Premium Widget 041,Books,2,217.6,435.2,2024-03-29,Faisalabad,0.0,Organic
ORD_01017,CUST_0388,PROD_078,Basic Item 078,Beauty,1,159.99,159.99,2024-03-29,Faisalabad,0.0,Organic
ORD_01018,CUST_0401,PROD_049,Premium Widget 049,Books,2,364.48,728.96,2024-01-14,Peshawar,0.0,Instagram
ORD_01018,CUST_0401,PROD_054,Elite Tool 054,Clothing,3,60.73,182.19,2024-01-14,Peshawar,0.0,Instagram
ORD_01018,CUST_0401,PROD_051,Premium Device 051,Clothing,3,152.52,457.57,2024-01-14,Peshawar,0.0,Instagram
ORD_01019,CUST_0474,PROD_055,Elite Item 055,Beauty,2,241.51,483.03,2023-02-24,Multan,0.0,Referral
ORD_01020,CUST_0078,PROD_055,Elite Item 055,Beauty,4,227.84,911.37,2023-10-29,Peshawar,0.0,Instagram
ORD_01020,CUST_0078,PROD_052,Elite Gadget 052,Sports,2,82.73,146.08,2023-10-29,Peshawar,19.37,Instagram
ORD_01021,CUST_0054,PROD_013,Smart Item 013,Sports,1,98.91,83.97,2023-03-22,Islamabad,14.94,Referral
ORD_01021,CUST_0054,PROD_033,Premium Item 033,Beauty,4,104.77,419.07,2023-03-22,Islamabad,0.0,Referral
ORD_01022,CUST_0464,PROD_076,Smart Device 076,Home & Kitchen,4,464.49,1857.96,2024-07-03,Karachi,0.0,Instagram
ORD_01023,CUST_0287,PROD_023,Smart Item 023,Clothing,3,323.75,967.29,2023-05-11,Peshawar,3.97,Organic
ORD_01023,CUST_0287,PROD_035,Smart Widget 035,Toys,4,270.19,823.82,2023-05-11,Peshawar,256.96,Organic
ORD_01024,CUST_0437,PROD_015,Pro Widget 015,Toys,2,101.91,203.82,2023-06-18,Karachi,0.0,Google Ads
ORD_01024,CUST_0437,PROD_030,Smart Tool 030,Sports,4,124.78,499.12,2023-06-18,Karachi,0.0,Google Ads
ORD_01024,CUST_0437,PROD_076,Smart Device 076,Home & Kitchen,4,536.6,2146.4,2023-06-18,Karachi,0.0,Google Ads
ORD_01024,CUST_0437,PROD_060,Premium Tool 060,Toys,3,513.93,1371.34,2023-06-18,Karachi,170.44,Google Ads
ORD_01025,CUST_0136,PROD_016,Premium Tool 016,Home & Kitchen,2,232.49,414.48,2024-06-10,Islamabad,50.5,Google Ads
ORD_01025,CUST_0136,PROD_035,Smart Widget 035,Toys,1,257.1,237.47,2024-06-10,Islamabad,19.63,Google Ads
ORD_01026,CUST_0335,PROD_044,Smart Tool 044,Clothing,2,533.99,1043.4,2024-01-12,Multan,24.58,Instagram
ORD_01026,CUST_0335,PROD_018,Pro Widget 018,Sports,2,276.72,479.14,2024-01-12,Multan,74.29,Instagram
ORD_01026,CUST_0335,PROD_069,Premium Item 069,Electronics,4,37.09,112.06,2024-01-12,Multan,36.3,Instagram
ORD_01027,CUST_0044,PROD_027,Basic Gadget 027,Sports,2,268.39,427.52,2024-04-06,Peshawar,109.26,Instagram
ORD_01027,CUST_0044,PROD_022,Pro Tool 022,Home & Kitchen,4,36.82,147.3,2024-04-06,Peshawar,0.0,Instagram
ORD_01027,CUST_0044,PROD_072,Premium Device 072,Electronics,4,366.08,1069.96,2024-04-06,Peshawar,394.38,Instagram
ORD_01027,CUST_0044,PROD_046,Pro Tool 046,Sports,1,245.57,245.57,2024-04-06,Peshawar,0.0,Instagram
ORD_01028,CUST_0434,PROD_032,Smart Item 032,Toys,1,292.3,275.26,2023-03-10,Peshawar,17.04,Instagram
ORD_01028,CUST_0434,PROD_050,Basic Widget 050,Electronics,2,401.03,802.07,2023-03-10,Peshawar,0.0,Instagram
ORD_01028,CUST_0434,PROD_019,Smart Gadget 019,Clothing,3,248.25,744.76,2023-03-10,Peshawar,0.0,Instagram
ORD_01028,CUST_0434,PROD_030,Smart Tool 030,Sports,3,107.18,238.27,2023-03-10,Peshawar,83.27,Instagram
ORD_01028,CUST_0434,PROD_014,Premium Widget 014,Books,1,132.14,132.14,2023-03-10,Peshawar,0.0,Instagram
ORD_01029,CUST_0243,PROD_055,Elite Item 055,Beauty,3,252.79,758.37,2024-06-01,Faisalabad,0.0,Organic
ORD_01029,CUST_0243,PROD_033,Premium Item 033,Beauty,3,79.16,237.47,2024-06-01,Faisalabad,0.0,Organic
ORD_01029,CUST_0243,PROD_069,Premium Item 069,Electronics,2,38.99,61.87,2024-06-01,Faisalabad,16.1,Organic
ORD_01030,CUST_0244,PROD_071,Premium Device 071,Electronics,1,344.39,266.32,2024-09-09,Lahore,78.07,Instagram
ORD_01030,CUST_0244,PROD_042,Premium Device 042,Toys,2,75.74,151.47,2024-09-09,Lahore,0.0,Instagram
ORD_01030,CUST_0244,PROD_069,Premium Item 069,Electronics,4,40.94,163.74,2024-09-09,Lahore,0.0,Instagram
ORD_01030,CUST_0244,PROD_033,Premium Item 033,Beauty,4,98.14,392.55,2024-09-09,Lahore,0.0,Instagram
ORD_01030,CUST_0244,PROD_055,Elite Item 055,Beauty,2,243.98,400.3,2024-09-09,Lahore,87.67,Instagram
ORD_01031,CUST_0157,PROD_018,Pro Widget 018,Sports,4,270.36,860.48,2023-11-19,Faisalabad,220.94,Referral
ORD_01031,CUST_0157,PROD_033,Premium Item 033,Beauty,4,78.14,231.75,2023-11-19,Faisalabad,80.81,Referral
ORD_01031,CUST_0157,PROD_077,Basic Item 077,Clothing,4,151.95,607.8,2023-11-19,Faisalabad,0.0,Referral
ORD_01031,CUST_0157,PROD_017,Pro Gadget 017,Home & Kitchen,2,208.5,342.89,2023-11-19,Faisalabad,74.11,Referral
ORD_01032,CUST_0084,PROD_014,Premium Widget 014,Books,2,144.83,232.34,2024-06-17,Lahore,57.31,Email
ORD_01032,CUST_0084,PROD_064,Basic Tool 064,Electronics,1,86.75,62.19,2024-06-17,Lahore,24.56,Email
ORD_01033,CUST_0291,PROD_007,Pro Widget 007,Toys,2,351.05,702.1,2023-08-04,Faisalabad,0.0,Email
ORD_01033,CUST_0291,PROD_015,Pro Widget 015,Toys,1,108.44,108.44,2023-08-04,Faisalabad,0.0,Email
ORD_01034,CUST_0002,PROD_050,Basic Widget 050,Electronics,4,419.83,1679.32,2023-01-17,Multan,0.0,Email
ORD_01035,CUST_0466,PROD_077,Basic Item 077,Clothing,4,152.2,608.78,2023-01-31,Peshawar,0.0,Referral
ORD_01035,CUST_0466,PROD_071,Premium Device 071,Electronics,1,481.47,481.47,2023-01-31,Peshawar,0.0,Referral
ORD_01035,CUST_0466,PROD_050,Basic Widget 050,Electronics,1,394.78,366.92,2023-01-31,Peshawar,27.86,Referral
ORD_01035,CUST_0466,PROD_071,Premium Device 071,Electronics,3,500.38,1212.41,2023-01-31,Peshawar,288.74,Referral
ORD_01035,CUST_0466,PROD_011,Premium Tool 011,Sports,1,79.31,79.31,2023-01-31,Peshawar,0.0,Referral
ORD_01036,CUST_0401,PROD_025,Basic Device 025,Sports,3,128.16,316.58,2025-02-08,Multan,67.9,Google Ads
ORD_01036,CUST_0401,PROD_013,Smart Item 013,Sports,1,83.53,58.61,2025-02-08,Multan,24.92,Google Ads
ORD_01036,CUST_0401,PROD_059,Pro Tool 059,Clothing,4,511.47,2045.87,2025-02-08,Multan,0.0,Google Ads
ORD_01036,CUST_0401,PROD_036,Smart Device 036,Clothing,3,100.25,300.76,2025-02-08,Multan,0.0,Google Ads
ORD_01036,CUST_0401,PROD_057,Pro Widget 057,Clothing,1,96.87,95.53,2025-02-08,Multan,1.34,Google Ads
ORD_01037,CUST_0222,PROD_012,Elite Widget 012,Sports,1,123.73,89.72,2024-11-15,Rawalpindi,34.01,Facebook
ORD_01037,CUST_0222,PROD_039,Premium Item 039,Toys,1,439.2,321.7,2024-11-15,Rawalpindi,117.5,Facebook
ORD_01037,CUST_0222,PROD_029,Elite Device 029,Electronics,3,158.96,476.87,2024-11-15,Rawalpindi,0.0,Facebook
ORD_01037,CUST_0222,PROD_042,Premium Device 042,Toys,1,68.72,49.83,2024-11-15,Rawalpindi,18.89,Facebook
ORD_01038,CUST_0138,PROD_067,Smart Tool 067,Clothing,1,97.58,97.58,2025-03-01,Rawalpindi,0.0,Organic
ORD_01038,CUST_0138,PROD_025,Basic Device 025,Sports,4,134.28,537.13,2025-03-01,Rawalpindi,0.0,Organic
ORD_01038,CUST_0138,PROD_071,Premium Device 071,Electronics,2,406.3,674.96,2025-03-01,Rawalpindi,137.64,Organic
ORD_01038,CUST_0138,PROD_052,Elite Gadget 052,Sports,2,71.49,142.98,2025-03-01,Rawalpindi,0.0,Organic
ORD_01038,CUST_0138,PROD_002,Basic Gadget 002,Books,2,61.18,122.36,2025-03-01,Rawalpindi,0.0,Organic
ORD_01039,CUST_0267,PROD_068,Basic Widget 068,Sports,4,412.24,1648.97,2024-10-12,Karachi,0.0,Instagram
ORD_01039,CUST_0267,PROD_004,Premium Widget 004,Clothing,3,139.02,417.06,2024-10-12,Karachi,0.0,Instagram
ORD_01039,CUST_0267,PROD_047,Basic Gadget 047,Electronics,4,199.82,799.29,2024-10-12,Karachi,0.0,Instagram
ORD_01039,CUST_0267,PROD_049,Premium Widget 049,Books,1,343.91,343.91,2024-10-12,Karachi,0.0,Instagram
ORD_01039,CUST_0267,PROD_003,Smart Widget 003,Sports,1,184.9,142.52,2024-10-12,Karachi,42.38,Instagram
ORD_01040,CUST_0184,PROD_024,Elite Tool 024,Clothing,4,112.65,375.81,2024-04-10,Faisalabad,74.8,Email
ORD_01040,CUST_0184,PROD_001,Premium Widget 001,Books,3,169.92,389.87,2024-04-10,Faisalabad,119.89,Email
ORD_01040,CUST_0184,PROD_047,Basic Gadget 047,Electronics,3,176.4,510.49,2024-04-10,Faisalabad,18.7,Email
ORD_01040,CUST_0184,PROD_063,Basic Gadget 063,Beauty,4,227.21,908.84,2024-04-10,Faisalabad,0.0,Email
ORD_01040,CUST_0184,PROD_018,Pro Widget 018,Sports,4,295.04,902.56,2024-04-10,Faisalabad,277.59,Email
ORD_01041,CUST_0050,PROD_012,Elite Widget 012,Sports,4,180.7,722.81,2024-07-08,Lahore,0.0,Facebook
ORD_01041,CUST_0050,PROD_023,Smart Item 023,Clothing,2,283.59,510.31,2024-07-08,Lahore,56.88,Facebook
ORD_01041,CUST_0050,PROD_076,Smart Device 076,Home & Kitchen,1,458.51,337.24,2024-07-08,Lahore,121.27,Facebook
ORD_01041,CUST_0050,PROD_034,Premium Item 034,Sports,3,347.54,1042.62,2024-07-08,Lahore,0.0,Facebook
ORD_01041,CUST_0050,PROD_071,Premium Device 071,Electronics,3,458.09,1374.27,2024-07-08,Lahore,0.0,Facebook
ORD_01042,CUST_0427,PROD_065,Premium Tool 065,Home & Kitchen,2,371.73,743.46,2025-05-05,Islamabad,0.0,Instagram
ORD_01043,CUST_0065,PROD_074,Smart Gadget 074,Sports,1,354.11,354.11,2025-05-14,Rawalpindi,0.0,Organic
ORD_01043,CUST_0065,PROD_052,Elite Gadget 052,Sports,2,87.56,153.58,2025-05-14,Rawalpindi,21.54,Organic
ORD_01043,CUST_0065,PROD_007,Pro Widget 007,Toys,4,351.68,1289.22,2025-05-14,Rawalpindi,117.51,Organic
ORD_01044,CUST_0443,PROD_072,Premium Device 072,Electronics,3,393.67,1081.81,2024-04-26,Faisalabad,99.2,Google Ads
ORD_01044,CUST_0443,PROD_008,Elite Item 008,Home & Kitchen,1,85.68,62.23,2024-04-26,Faisalabad,23.45,Google Ads
ORD_01045,CUST_0265,PROD_058,Smart Tool 058,Clothing,2,181.19,354.49,2023-07-07,Multan,7.88,Facebook
ORD_01045,CUST_0265,PROD_070,Elite Device 070,Toys,3,216.88,650.63,2023-07-07,Multan,0.0,Facebook
ORD_01046,CUST_0403,PROD_008,Elite Item 008,Home & Kitchen,1,72.95,72.95,2023-12-26,Multan,0.0,Referral
ORD_01046,CUST_0403,PROD_001,Premium Widget 001,Books,2,164.67,318.55,2023-12-26,Multan,10.79,Referral
ORD_01046,CUST_0403,PROD_012,Elite Widget 012,Sports,3,134.36,403.07,2023-12-26,Multan,0.0,Referral
ORD_01046,CUST_0403,PROD_006,Smart Tool 006,Clothing,3,205.02,468.56,2023-12-26,Multan,146.5,Referral
ORD_01046,CUST_0403,PROD_007,Pro Widget 007,Toys,2,356.2,712.41,2023-12-26,Multan,0.0,Referral
ORD_01047,CUST_0037,PROD_002,Basic Gadget 002,Books,1,71.23,71.23,2025-04-09,Faisalabad,0.0,Facebook
ORD_01047,CUST_0037,PROD_012,Elite Widget 012,Sports,3,157.46,472.37,2025-04-09,Faisalabad,0.0,Facebook
ORD_01047,CUST_0037,PROD_038,Premium Device 038,Home & Kitchen,2,280.42,560.84,2025-04-09,Faisalabad,0.0,Facebook
ORD_01047,CUST_0037,PROD_073,Basic Tool 073,Electronics,4,455.01,1820.06,2025-04-09,Faisalabad,0.0,Facebook
ORD_01048,CUST_0110,PROD_077,Basic Item 077,Clothing,3,127.76,383.29,2025-06-04,Islamabad,0.0,Google Ads
ORD_01048,CUST_0110,PROD_015,Pro Widget 015,Toys,4,140.76,563.05,2025-06-04,Islamabad,0.0,Google Ads
ORD_01048,CUST_0110,PROD_080,Smart Widget 080,Electronics,2,325.66,651.31,2025-06-04,Islamabad,0.0,Google Ads
ORD_01048,CUST_0110,PROD_040,Basic Widget 040,Clothing,1,389.72,299.29,2025-06-04,Islamabad,90.43,Google Ads
ORD_01049,CUST_0019,PROD_046,Pro Tool 046,Sports,4,205.5,821.99,2023-09-22,Karachi,0.0,Google Ads
ORD_01049,CUST_0019,PROD_060,Premium Tool 060,Toys,3,382.52,875.35,2023-09-22,Karachi,272.2,Google Ads
ORD_01049,CUST_0019,PROD_047,Basic Gadget 047,Electronics,4,158.52,477.35,2023-09-22,Karachi,156.72,Google Ads
ORD_01050,CUST_0173,PROD_008,Elite Item 008,Home & Kitchen,4,98.66,343.09,2025-06-11,Rawalpindi,51.55,Email
ORD_01050,CUST_0173,PROD_055,Elite Item 055,Beauty,4,185.54,742.16,2025-06-11,Rawalpindi,0.0,Email
ORD_01051,CUST_0368,PROD_025,Basic Device 025,Sports,3,164.69,494.08,2023-09-15,Faisalabad,0.0,Email
ORD_01051,CUST_0368,PROD_030,Smart Tool 030,Sports,4,155.63,504.74,2023-09-15,Faisalabad,117.77,Email
ORD_01051,CUST_0368,PROD_039,Premium Item 039,Toys,4,472.6,1890.42,2023-09-15,Faisalabad,0.0,Email
ORD_01052,CUST_0170,PROD_036,Smart Device 036,Clothing,1,81.27,81.27,2023-12-09,Rawalpindi,0.0,Instagram
ORD_01053,CUST_0172,PROD_021,Premium Gadget 021,Toys,2,26.39,52.64,2023-12-27,Islamabad,0.15,Instagram
ORD_01054,CUST_0018,PROD_014,Premium Widget 014,Books,1,121.35,94.75,2024-07-07,Peshawar,26.6,Facebook
ORD_01054,CUST_0018,PROD_077,Basic Item 077,Clothing,1,161.98,161.98,2024-07-07,Peshawar,0.0,Facebook
ORD_01054,CUST_0018,PROD_011,Premium Tool 011,Sports,1,70.1,70.1,2024-07-07,Peshawar,0.0,Facebook
ORD_01055,CUST_0199,PROD_019,Smart Gadget 019,Clothing,3,265.41,689.88,2023-04-08,Multan,106.34,Organic
ORD_01055,CUST_0199,PROD_050,Basic Widget 050,Electronics,1,463.43,463.43,2023-04-08,Multan,0.0,Organic
ORD_01055,CUST_0199,PROD_004,Premium Widget 004,Clothing,4,134.77,539.07,2023-04-08,Multan,0.0,Organic
ORD_01055,CUST_0199,PROD_030,Smart Tool 030,Sports,3,150.11,355.95,2023-04-08,Multan,94.38,Organic
ORD_01055,CUST_0199,PROD_011,Premium Tool 011,Sports,2,85.34,136.53,2023-04-08,Multan,34.15,Organic
ORD_01056,CUST_0094,PROD_046,Pro Tool 046,Sports,1,185.96,143.59,2024-03-24,Peshawar,42.37,Email
ORD_01056,CUST_0094,PROD_007,Pro Widget 007,Toys,1,375.62,375.62,2024-03-24,Peshawar,0.0,Email
ORD_01056,CUST_0094,PROD_024,Elite Tool 024,Clothing,3,165.88,395.17,2024-03-24,Peshawar,102.47,Email
ORD_01057,CUST_0133,PROD_057,Pro Widget 057,Clothing,3,84.93,247.14,2024-03-26,Islamabad,7.64,Organic
ORD_01057,CUST_0133,PROD_057,Pro Widget 057,Clothing,2,118.2,236.39,2024-03-26,Islamabad,0.0,Organic
ORD_01057,CUST_0133,PROD_071,Premium Device 071,Electronics,1,500.76,412.14,2024-03-26,Islamabad,88.62,Organic
ORD_01057,CUST_0133,PROD_047,Basic Gadget 047,Electronics,1,204.71,153.78,2024-03-26,Islamabad,50.93,Organic
ORD_01057,CUST_0133,PROD_007,Pro Widget 007,Toys,1,483.0,483.0,2024-03-26,Islamabad,0.0,Organic
ORD_01058,CUST_0347,PROD_002,Basic Gadget 002,Books,2,64.8,129.59,2024-09-28,Islamabad,0.0,Referral
ORD_01058,CUST_0347,PROD_001,Premium Widget 001,Books,3,135.97,300.43,2024-09-28,Islamabad,107.48,Referral
ORD_01059,CUST_0220,PROD_037,Basic Device 037,Toys,1,382.9,382.9,2023-02-16,Faisalabad,0.0,Referral
ORD_01059,CUST_0220,PROD_079,Premium Widget 079,Beauty,1,371.64,334.09,2023-02-16,Faisalabad,37.55,Referral
ORD_01059,CUST_0220,PROD_079,Premium Widget 079,Beauty,2,372.19,744.39,2023-02-16,Faisalabad,0.0,Referral
ORD_01059,CUST_0220,PROD_032,Smart Item 032,Toys,3,348.18,1044.55,2023-02-16,Faisalabad,0.0,Referral
ORD_01059,CUST_0220,PROD_006,Smart Tool 006,Clothing,3,219.79,659.38,2023-02-16,Faisalabad,0.0,Referral
ORD_01060,CUST_0209,PROD_003,Smart Widget 003,Sports,4,222.91,648.54,2024-05-13,Faisalabad,243.11,Organic
ORD_01060,CUST_0209,PROD_071,Premium Device 071,Electronics,1,354.32,354.32,2024-05-13,Faisalabad,0.0,Organic
ORD_01060,CUST_0209,PROD_057,Pro Widget 057,Clothing,4,94.02,275.06,2024-05-13,Faisalabad,101.03,Organic
ORD_01060,CUST_0209,PROD_062,Smart Widget 062,Electronics,3,499.99,1499.98,2024-05-13,Faisalabad,0.0,Organic
ORD_01060,CUST_0209,PROD_028,Premium Widget 028,Clothing,2,326.37,652.75,2024-05-13,Faisalabad,0.0,Organic
ORD_01061,CUST_0298,PROD_003,Smart Widget 003,Sports,1,207.43,207.43,2024-12-16,Peshawar,0.0,Google Ads
ORD_01061,CUST_0298,PROD_021,Premium Gadget 021,Toys,3,23.96,71.88,2024-12-16,Peshawar,0.0,Google Ads
ORD_01061,CUST_0298,PROD_045,Basic Item 045,Beauty,1,412.6,412.6,2024-12-16,Peshawar,0.0,Google Ads
ORD_01062,CUST_0195,PROD_024,Elite Tool 024,Clothing,3,117.75,353.24,2023-11-17,Lahore,0.0,Instagram
ORD_01062,CUST_0195,PROD_024,Elite Tool 024,Clothing,1,146.93,121.69,2023-11-17,Lahore,25.24,Instagram
ORD_01062,CUST_0195,PROD_020,Pro Device 020,Clothing,2,385.43,770.87,2023-11-17,Lahore,0.0,Instagram
ORD_01063,CUST_0439,PROD_005,Smart Widget 005,Sports,1,113.58,84.99,2023-04-08,Karachi,28.59,Referral
ORD_01064,CUST_0024,PROD_070,Elite Device 070,Toys,4,271.38,1085.51,2023-12-31,Karachi,0.0,Referral
ORD_01064,CUST_0024,PROD_020,Pro Device 020,Clothing,1,288.58,288.58,2023-12-31,Karachi,0.0,Referral
ORD_01065,CUST_0113,PROD_037,Basic Device 037,Toys,3,546.57,1415.13,2025-03-24,Faisalabad,224.58,Organic
ORD_01065,CUST_0113,PROD_073,Basic Tool 073,Electronics,4,438.06,1752.23,2025-03-24,Faisalabad,0.0,Organic
ORD_01066,CUST_0096,PROD_076,Smart Device 076,Home & Kitchen,4,432.76,1731.03,2023-03-31,Faisalabad,0.0,Referral
ORD_01066,CUST_0096,PROD_030,Smart Tool 030,Sports,2,128.88,243.9,2023-03-31,Faisalabad,13.86,Referral
ORD_01067,CUST_0005,PROD_046,Pro Tool 046,Sports,2,192.17,384.35,2025-06-24,Rawalpindi,0.0,Facebook
ORD_01067,CUST_0005,PROD_060,Premium Tool 060,Toys,1,465.74,465.74,2025-06-24,Rawalpindi,0.0,Facebook
ORD_01068,CUST_0465,PROD_021,Premium Gadget 021,Toys,2,27.93,55.86,2024-03-31,Karachi,0.0,Facebook
ORD_01069,CUST_0093,PROD_013,Smart Item 013,Sports,2,86.19,145.26,2023-07-13,Multan,27.12,Google Ads
ORD_01069,CUST_0093,PROD_016,Premium Tool 016,Home & Kitchen,4,252.86,839.84,2023-07-13,Multan,171.6,Google Ads
ORD_01069,CUST_0093,PROD_056,Premium Widget 056,Electronics,1,229.9,229.9,2023-07-13,Multan,0.0,Google Ads
ORD_01069,CUST_0093,PROD_028,Premium Widget 028,Clothing,3,296.16,888.47,2023-07-13,Multan,0.0,Google Ads
ORD_01070,CUST_0374,PROD_060,Premium Tool 060,Toys,4,374.59,1326.78,2024-08-25,Faisalabad,171.59,Referral
ORD_01070,CUST_0374,PROD_067,Smart Tool 067,Clothing,1,111.66,85.76,2024-08-25,Faisalabad,25.9,Referral
ORD_01070,CUST_0374,PROD_031,Smart Widget 031,Books,4,368.23,1206.08,2024-08-25,Faisalabad,266.84,Referral
ORD_01071,CUST_0111,PROD_020,Pro Device 020,Clothing,4,400.63,1469.76,2023-03-10,Rawalpindi,132.74,Email
ORD_01071,CUST_0111,PROD_040,Basic Widget 040,Clothing,1,467.93,448.54,2023-03-10,Rawalpindi,19.39,Email
ORD_01071,CUST_0111,PROD_062,Smart Widget 062,Electronics,2,371.36,742.72,2023-03-10,Rawalpindi,0.0,Email
ORD_01071,CUST_0111,PROD_028,Premium Widget 028,Clothing,3,322.1,723.18,2023-03-10,Rawalpindi,243.13,Email
ORD_01071,CUST_0111,PROD_030,Smart Tool 030,Sports,2,141.85,283.69,2023-03-10,Rawalpindi,0.0,Email
ORD_01072,CUST_0130,PROD_036,Smart Device 036,Clothing,2,92.74,137.61,2023-04-01,Islamabad,47.87,Instagram
ORD_01072,CUST_0130,PROD_015,Pro Widget 015,Toys,1,120.17,107.19,2023-04-01,Islamabad,12.98,Instagram
ORD_01072,CUST_0130,PROD_078,Basic Item 078,Beauty,2,178.2,277.73,2023-04-01,Islamabad,78.66,Instagram
ORD_01073,CUST_0377,PROD_027,Basic Gadget 027,Sports,1,229.36,219.09,2023-01-14,Karachi,10.27,Referral
ORD_01073,CUST_0377,PROD_017,Pro Gadget 017,Home & Kitchen,2,200.05,400.11,2023-01-14,Karachi,0.0,Referral
ORD_01074,CUST_0436,PROD_025,Basic Device 025,Sports,1,160.86,136.57,2023-05-11,Lahore,24.29,Facebook
ORD_01075,CUST_0214,PROD_051,Premium Device 051,Clothing,2,117.33,230.62,2023-12-10,Rawalpindi,4.04,Facebook
ORD_01076,CUST_0367,PROD_059,Pro Tool 059,Clothing,4,413.22,1605.29,2025-03-23,Lahore,47.58,Instagram
ORD_01076,CUST_0367,PROD_069,Premium Item 069,Electronics,2,29.48,58.96,2025-03-23,Lahore,0.0,Instagram
ORD_01076,CUST_0367,PROD_003,Smart Widget 003,Sports,2,259.28,518.56,2025-03-23,Lahore,0.0,Instagram
ORD_01076,CUST_0367,PROD_010,Pro Item 010,Sports,4,128.37,507.17,2025-03-23,Lahore,6.3,Instagram
ORD_01076,CUST_0367,PROD_021,Premium Gadget 021,Toys,2,21.81,40.17,2025-03-23,Lahore,3.45,Instagram
ORD_01077,CUST_0432,PROD_009,Pro Widget 009,Electronics,4,187.68,750.71,2025-01-29,Peshawar,0.0,Facebook
ORD_01077,CUST_0432,PROD_011,Premium Tool 011,Sports,2,83.65,167.3,2025-01-29,Peshawar,0.0,Facebook
ORD_01077,CUST_0432,PROD_002,Basic Gadget 002,Books,1,57.01,57.01,2025-01-29,Peshawar,0.0,Facebook
ORD_01077,CUST_0432,PROD_048,Smart Device 048,Clothing,4,339.09,1168.96,2025-01-29,Peshawar,187.38,Facebook
ORD_01077,CUST_0432,PROD_006,Smart Tool 006,Clothing,4,205.61,822.46,2025-01-29,Peshawar,0.0,Facebook
ORD_01078,CUST_0079,PROD_047,Basic Gadget 047,Electronics,3,144.78,434.33,2023-03-28,Faisalabad,0.0,Instagram
ORD_01078,CUST_0079,PROD_033,Premium Item 033,Beauty,3,92.96,278.88,2023-03-28,Faisalabad,0.0,Instagram
ORD_01078,CUST_0079,PROD_056,Premium Widget 056,Electronics,4,247.05,808.95,2023-03-28,Faisalabad,179.26,Instagram
ORD_01078,CUST_0079,PROD_025,Basic Device 025,Sports,2,142.49,284.98,2023-03-28,Faisalabad,0.0,Instagram
ORD_01078,CUST_0079,PROD_039,Premium Item 039,Toys,4,351.38,1405.5,2023-03-28,Faisalabad,0.0,Instagram
ORD_01079,CUST_0434,PROD_016,Premium Tool 016,Home & Kitchen,1,213.18,213.18,2023-06-22,Lahore,0.0,Instagram
ORD_01079,CUST_0434,PROD_028,Premium Widget 028,Clothing,4,338.46,1053.76,2023-06-22,Lahore,300.08,Instagram
ORD_01079,CUST_0434,PROD_072,Premium Device 072,Electronics,3,309.02,927.07,2023-06-22,Lahore,0.0,Instagram
ORD_01079,CUST_0434,PROD_066,Elite Item 066,Beauty,1,356.08,356.08,2023-06-22,Lahore,0.0,Instagram
ORD_01080,CUST_0305,PROD_080,Smart Widget 080,Electronics,4,234.89,939.55,2024-12-04,Karachi,0.0,Referral
ORD_01080,CUST_0305,PROD_040,Basic Widget 040,Clothing,1,468.04,468.04,2024-12-04,Karachi,0.0,Referral
ORD_01080,CUST_0305,PROD_049,Premium Widget 049,Books,3,283.56,850.69,2024-12-04,Karachi,0.0,Referral
ORD_01080,CUST_0305,PROD_031,Smart Widget 031,Books,2,395.13,723.47,2024-12-04,Karachi,66.79,Referral
ORD_01080,CUST_0305,PROD_059,Pro Tool 059,Clothing,2,506.72,902.58,2024-12-04,Karachi,110.87,Referral
ORD_01081,CUST_0121,PROD_005,Smart Widget 005,Sports,2,89.28,158.95,2023-08-19,Islamabad,19.6,Google Ads
ORD_01081,CUST_0121,PROD_068,Basic Widget 068,Sports,4,356.53,1426.12,2023-08-19,Islamabad,0.0,Google Ads
ORD_01082,CUST_0369,PROD_050,Basic Widget 050,Electronics,3,431.11,1137.61,2023-10-01,Peshawar,155.73,Instagram
ORD_01082,CUST_0369,PROD_035,Smart Widget 035,Toys,3,372.97,1118.91,2023-10-01,Peshawar,0.0,Instagram
ORD_01082,CUST_0369,PROD_031,Smart Widget 031,Books,4,344.37,1377.48,2023-10-01,Peshawar,0.0,Instagram
ORD_01083,CUST_0439,PROD_077,Basic Item 077,Clothing,4,166.07,664.26,2023-10-05,Rawalpindi,0.0,Referral
ORD_01083,CUST_0439,PROD_027,Basic Gadget 027,Sports,3,214.2,642.59,2023-10-05,Rawalpindi,0.0,Referral
ORD_01083,CUST_0439,PROD_037,Basic Device 037,Toys,3,373.68,1118.38,2023-10-05,Rawalpindi,2.66,Referral
ORD_01083,CUST_0439,PROD_043,Elite Device 043,Clothing,3,140.33,397.58,2023-10-05,Rawalpindi,23.41,Referral
ORD_01084,CUST_0205,PROD_074,Smart Gadget 074,Sports,4,288.91,1092.62,2024-09-02,Islamabad,63.0,Facebook
ORD_01084,CUST_0205,PROD_031,Smart Widget 031,Books,1,356.35,341.74,2024-09-02,Islamabad,14.61,Facebook
ORD_01085,CUST_0189,PROD_024,Elite Tool 024,Clothing,4,118.68,467.24,2025-03-06,Karachi,7.5,Facebook
ORD_01085,CUST_0189,PROD_034,Premium Item 034,Sports,2,344.69,494.78,2025-03-06,Karachi,194.6,Facebook
ORD_01085,CUST_0189,PROD_015,Pro Widget 015,Toys,3,137.8,386.93,2025-03-06,Karachi,26.48,Facebook
ORD_01085,CUST_0189,PROD_008,Elite Item 008,Home & Kitchen,4,88.47,353.9,2025-03-06,Karachi,0.0,Facebook
ORD_01085,CUST_0189,PROD_059,Pro Tool 059,Clothing,2,369.09,538.05,2025-03-06,Karachi,200.12,Facebook
ORD_01086,CUST_0016,PROD_046,Pro Tool 046,Sports,2,198.13,396.25,2024-06-30,Rawalpindi,0.0,Email
ORD_01087,CUST_0189,PROD_072,Premium Device 072,Electronics,3,316.08,948.25,2025-01-17,Rawalpindi,0.0,Organic
ORD_01087,CUST_0189,PROD_036,Smart Device 036,Clothing,2,82.61,125.7,2025-01-17,Rawalpindi,39.53,Organic
ORD_01087,CUST_0189,PROD_034,Premium Item 034,Sports,3,436.13,1041.99,2025-01-17,Rawalpindi,266.41,Organic
ORD_01087,CUST_0189,PROD_007,Pro Widget 007,Toys,1,404.4,384.55,2025-01-17,Rawalpindi,19.85,Organic
ORD_01087,CUST_0189,PROD_004,Premium Widget 004,Clothing,4,138.71,418.3,2025-01-17,Rawalpindi,136.55,Organic
ORD_01088,CUST_0114,PROD_074,Smart Gadget 074,Sports,4,289.29,1157.18,2024-03-31,Rawalpindi,0.0,Google Ads
ORD_01088,CUST_0114,PROD_025,Basic Device 025,Sports,2,136.97,273.93,2024-03-31,Rawalpindi,0.0,Google Ads
ORD_01088,CUST_0114,PROD_008,Elite Item 008,Home & Kitchen,1,100.83,90.03,2024-03-31,Rawalpindi,10.8,Google Ads
ORD_01088,CUST_0114,PROD_020,Pro Device 020,Clothing,4,405.21,1620.86,2024-03-31,Rawalpindi,0.0,Google Ads
ORD_01089,CUST_0475,PROD_006,Smart Tool 006,Clothing,1,186.42,186.42,2024-01-12,Multan,0.0,Email
ORD_01089,CUST_0475,PROD_023,Smart Item 023,Clothing,2,273.63,547.27,2024-01-12,Multan,0.0,Email
ORD_01089,CUST_0475,PROD_060,Premium Tool 060,Toys,2,366.37,732.74,2024-01-12,Multan,0.0,Email
ORD_01090,CUST_0155,PROD_028,Premium Widget 028,Clothing,4,321.14,1251.1,2023-08-21,Multan,33.47,Organic
ORD_01090,CUST_0155,PROD_022,Pro Tool 022,Home & Kitchen,1,37.31,37.31,2023-08-21,Multan,0.0,Organic
ORD_01090,CUST_0155,PROD_080,Smart Widget 080,Electronics,3,257.15,771.45,2023-08-21,Multan,0.0,Organic
ORD_01090,CUST_0155,PROD_051,Premium Device 051,Clothing,2,170.26,340.52,2023-08-21,Multan,0.0,Organic
ORD_01090,CUST_0155,PROD_024,Elite Tool 024,Clothing,4,155.68,622.7,2023-08-21,Multan,0.0,Organic
ORD_01091,CUST_0369,PROD_028,Premium Widget 028,Clothing,2,272.8,545.6,2024-01-18,Islamabad,0.0,Referral
ORD_01091,CUST_0369,PROD_057,Pro Widget 057,Clothing,2,112.16,224.32,2024-01-18,Islamabad,0.0,Referral
ORD_01091,CUST_0369,PROD_067,Smart Tool 067,Clothing,2,82.5,165.0,2024-01-18,Islamabad,0.0,Referral
ORD_01091,CUST_0369,PROD_061,Smart Widget 061,Electronics,2,366.7,733.41,2024-01-18,Islamabad,0.0,Referral
ORD_01091,CUST_0369,PROD_030,Smart Tool 030,Sports,4,129.29,517.17,2024-01-18,Islamabad,0.0,Referral
ORD_01092,CUST_0498,PROD_007,Pro Widget 007,Toys,4,331.26,1325.03,2023-02-05,Rawalpindi,0.0,Organic
ORD_01092,CUST_0498,PROD_078,Basic Item 078,Beauty,4,183.92,735.7,2023-02-05,Rawalpindi,0.0,Organic
ORD_01092,CUST_0498,PROD_065,Premium Tool 065,Home & Kitchen,2,525.19,1050.39,2023-02-05,Rawalpindi,0.0,Organic
ORD_01092,CUST_0498,PROD_005,Smart Widget 005,Sports,1,86.55,86.55,2023-02-05,Rawalpindi,0.0,Organic
ORD_01093,CUST_0203,PROD_029,Elite Device 029,Electronics,2,214.91,366.24,2023-04-13,Multan,63.57,Email
ORD_01093,CUST_0203,PROD_056,Premium Widget 056,Electronics,3,210.11,630.33,2023-04-13,Multan,0.0,Email
ORD_01093,CUST_0203,PROD_052,Elite Gadget 052,Sports,4,65.86,263.44,2023-04-13,Multan,0.0,Email
ORD_01094,CUST_0135,PROD_020,Pro Device 020,Clothing,2,407.96,691.49,2023-05-15,Lahore,124.43,Google Ads
ORD_01094,CUST_0135,PROD_014,Premium Widget 014,Books,3,109.69,329.06,2023-05-15,Lahore,0.0,Google Ads
ORD_01095,CUST_0287,PROD_024,Elite Tool 024,Clothing,2,152.89,305.78,2024-11-17,Lahore,0.0,Referral
ORD_01095,CUST_0287,PROD_008,Elite Item 008,Home & Kitchen,4,75.25,211.36,2024-11-17,Lahore,89.66,Referral
ORD_01095,CUST_0287,PROD_044,Smart Tool 044,Clothing,2,441.28,882.55,2024-11-17,Lahore,0.0,Referral
ORD_01095,CUST_0287,PROD_050,Basic Widget 050,Electronics,2,488.68,765.65,2024-11-17,Lahore,211.71,Referral
ORD_01095,CUST_0287,PROD_032,Smart Item 032,Toys,1,370.1,370.1,2024-11-17,Lahore,0.0,Referral
ORD_01096,CUST_0029,PROD_036,Smart Device 036,Clothing,1,96.02,96.02,2023-10-06,Multan,0.0,Instagram
ORD_01096,CUST_0029,PROD_041,Premium Widget 041,Books,2,283.55,435.73,2023-10-06,Multan,131.37,Instagram
ORD_01096,CUST_0029,PROD_072,Premium Device 072,Electronics,3,292.93,859.87,2023-10-06,Multan,18.91,Instagram
ORD_01096,CUST_0029,PROD_050,Basic Widget 050,Electronics,2,414.19,828.39,2023-10-06,Multan,0.0,Instagram
ORD_01097,CUST_0402,PROD_061,Smart Widget 061,Electronics,3,314.54,943.61,2023-10-21,Lahore,0.0,Email
ORD_01097,CUST_0402,PROD_036,Smart Device 036,Clothing,4,69.44,277.76,2023-10-21,Lahore,0.0,Email
ORD_01097,CUST_0402,PROD_073,Basic Tool 073,Electronics,1,527.81,423.35,2023-10-21,Lahore,104.46,Email
ORD_01097,CUST_0402,PROD_048,Smart Device 048,Clothing,1,289.76,283.5,2023-10-21,Lahore,6.26,Email
ORD_01098,CUST_0290,PROD_035,Smart Widget 035,Toys,1,325.21,268.99,2025-02-23,Islamabad,56.22,Instagram
ORD_01098,CUST_0290,PROD_049,Premium Widget 049,Books,2,330.85,661.7,2025-02-23,Islamabad,0.0,Instagram
ORD_01098,CUST_0290,PROD_064,Basic Tool 064,Electronics,3,101.73,305.18,2025-02-23,Islamabad,0.0,Instagram
ORD_01099,CUST_0412,PROD_022,Pro Tool 022,Home & Kitchen,4,50.52,197.75,2023-01-01,Karachi,4.31,Facebook
ORD_01099,CUST_0412,PROD_064,Basic Tool 064,Electronics,1,77.47,73.99,2023-01-01,Karachi,3.48,Facebook
ORD_01100,CUST_0038,PROD_056,Premium Widget 056,Electronics,4,204.19,816.77,2023-07-26,Lahore,0.0,Referral
ORD_01100,CUST_0038,PROD_059,Pro Tool 059,Clothing,4,357.17,1225.29,2023-07-26,Lahore,203.4,Referral
ORD_01100,CUST_0038,PROD_010,Pro Item 010,Sports,2,135.51,252.2,2023-07-26,Lahore,18.81,Referral
ORD_01100,CUST_0038,PROD_078,Basic Item 078,Beauty,2,140.64,224.33,2023-07-26,Lahore,56.96,Referral
ORD_01100,CUST_0038,PROD_004,Premium Widget 004,Clothing,4,146.77,417.33,2023-07-26,Lahore,169.76,Referral
ORD_01101,CUST_0274,PROD_054,Elite Tool 054,Clothing,3,50.31,141.51,2024-09-28,Multan,9.42,Email
ORD_01101,CUST_0274,PROD_074,Smart Gadget 074,Sports,3,265.52,646.01,2024-09-28,Multan,150.54,Email
ORD_01101,CUST_0274,PROD_049,Premium Widget 049,Books,3,294.82,884.46,2024-09-28,Multan,0.0,Email
ORD_01101,CUST_0274,PROD_066,Elite Item 066,Beauty,3,306.6,919.79,2024-09-28,Multan,0.0,Email
ORD_01102,CUST_0024,PROD_046,Pro Tool 046,Sports,1,256.63,256.63,2023-06-12,Faisalabad,0.0,Organic
ORD_01103,CUST_0194,PROD_059,Pro Tool 059,Clothing,3,434.98,1304.47,2023-10-06,Faisalabad,0.47,Referral
ORD_01103,CUST_0194,PROD_054,Elite Tool 054,Clothing,4,53.87,215.49,2023-10-06,Faisalabad,0.0,Referral
ORD_01103,CUST_0194,PROD_056,Premium Widget 056,Electronics,4,199.06,796.26,2023-10-06,Faisalabad,0.0,Referral
ORD_01104,CUST_0304,PROD_026,Smart Tool 026,Sports,4,237.84,951.38,2024-04-05,Karachi,0.0,Instagram
ORD_01104,CUST_0304,PROD_005,Smart Widget 005,Sports,3,122.81,368.43,2024-04-05,Karachi,0.0,Instagram
ORD_01104,CUST_0304,PROD_053,Smart Device 053,Beauty,2,121.48,208.68,2024-04-05,Karachi,34.28,Instagram
ORD_01105,CUST_0020,PROD_055,Elite Item 055,Beauty,2,250.59,501.18,2024-08-25,Islamabad,0.0,Email
ORD_01105,CUST_0020,PROD_015,Pro Widget 015,Toys,3,106.07,296.96,2024-08-25,Islamabad,21.26,Email
ORD_01105,CUST_0020,PROD_027,Basic Gadget 027,Sports,1,271.43,271.43,2024-08-25,Islamabad,0.0,Email
ORD_01105,CUST_0020,PROD_002,Basic Gadget 002,Books,2,57.04,114.08,2024-08-25,Islamabad,0.0,Email
ORD_01106,CUST_0271,PROD_027,Basic Gadget 027,Sports,4,231.65,689.38,2023-06-14,Rawalpindi,237.2,Referral
ORD_01106,CUST_0271,PROD_079,Premium Widget 079,Beauty,3,366.7,915.43,2023-06-14,Rawalpindi,184.68,Referral
ORD_01106,CUST_0271,PROD_073,Basic Tool 073,Electronics,3,492.45,1477.34,2023-06-14,Rawalpindi,0.0,Referral
ORD_01106,CUST_0271,PROD_037,Basic Device 037,Toys,4,491.09,1964.35,2023-06-14,Rawalpindi,0.0,Referral
ORD_01107,CUST_0498,PROD_029,Elite Device 029,Electronics,3,215.14,492.12,2023-12-05,Peshawar,153.3,Facebook
ORD_01107,CUST_0498,PROD_040,Basic Widget 040,Clothing,1,421.82,347.27,2023-12-05,Peshawar,74.55,Facebook
ORD_01107,CUST_0498,PROD_078,Basic Item 078,Beauty,2,186.95,344.91,2023-12-05,Peshawar,28.99,Facebook
ORD_01108,CUST_0297,PROD_035,Smart Widget 035,Toys,4,286.51,1146.02,2024-04-06,Lahore,0.0,Email
ORD_01108,CUST_0297,PROD_072,Premium Device 072,Electronics,2,292.6,585.2,2024-04-06,Lahore,0.0,Email
ORD_01108,CUST_0297,PROD_043,Elite Device 043,Clothing,4,119.08,372.94,2024-04-06,Lahore,103.39,Email
ORD_01109,CUST_0112,PROD_075,Smart Widget 075,Beauty,3,278.94,836.82,2024-08-12,Multan,0.0,Email
ORD_01109,CUST_0112,PROD_002,Basic Gadget 002,Books,4,51.29,198.05,2024-08-12,Multan,7.09,Email
ORD_01109,CUST_0112,PROD_062,Smart Widget 062,Electronics,1,460.01,460.01,2024-08-12,Multan,0.0,Email
ORD_01109,CUST_0112,PROD_067,Smart Tool 067,Clothing,3,90.38,207.35,2024-08-12,Multan,63.8,Email
ORD_01109,CUST_0112,PROD_048,Smart Device 048,Clothing,3,295.07,885.22,2024-08-12,Multan,0.0,Email
ORD_01110,CUST_0440,PROD_002,Basic Gadget 002,Books,1,55.45,55.45,2025-03-07,Karachi,0.0,Google Ads
ORD_01110,CUST_0440,PROD_039,Premium Item 039,Toys,4,474.86,1899.43,2025-03-07,Karachi,0.0,Google Ads
ORD_01111,CUST_0313,PROD_019,Smart Gadget 019,Clothing,3,199.3,561.29,2023-08-17,Karachi,36.6,Organic
ORD_01111,CUST_0313,PROD_060,Premium Tool 060,Toys,3,494.01,1246.95,2023-08-17,Karachi,235.09,Organic
ORD_01111,CUST_0313,PROD_077,Basic Item 077,Clothing,4,122.79,491.16,2023-08-17,Karachi,0.0,Organic
ORD_01111,CUST_0313,PROD_061,Smart Widget 061,Electronics,1,336.85,336.85,2023-08-17,Karachi,0.0,Organic
ORD_01111,CUST_0313,PROD_011,Premium Tool 011,Sports,2,83.81,167.62,2023-08-17,Karachi,0.0,Organic
ORD_01112,CUST_0185,PROD_042,Premium Device 042,Toys,4,68.41,273.63,2024-07-19,Lahore,0.0,Facebook
ORD_01112,CUST_0185,PROD_029,Elite Device 029,Electronics,3,162.65,487.95,2024-07-19,Lahore,0.0,Facebook
ORD_01112,CUST_0185,PROD_024,Elite Tool 024,Clothing,2,158.18,316.35,2024-07-19,Lahore,0.0,Facebook
ORD_01113,CUST_0344,PROD_025,Basic Device 025,Sports,3,136.38,409.15,2025-01-28,Karachi,0.0,Google Ads
ORD_01113,CUST_0344,PROD_053,Smart Device 053,Beauty,2,137.13,274.25,2025-01-28,Karachi,0.0,Google Ads
ORD_01114,CUST_0119,PROD_054,Elite Tool 054,Clothing,4,62.55,250.2,2024-11-10,Multan,0.0,Email
ORD_01114,CUST_0119,PROD_004,Premium Widget 004,Clothing,1,126.59,90.53,2024-11-10,Multan,36.06,Email
ORD_01114,CUST_0119,PROD_041,Premium Widget 041,Books,2,255.0,509.99,2024-11-10,Multan,0.0,Email
ORD_01114,CUST_0119,PROD_075,Smart Widget 075,Beauty,1,286.01,278.32,2024-11-10,Multan,7.69,Email
ORD_01115,CUST_0340,PROD_060,Premium Tool 060,Toys,3,378.19,1134.58,2024-05-13,Islamabad,0.0,Organic
ORD_01115,CUST_0340,PROD_027,Basic Gadget 027,Sports,3,207.34,622.03,2024-05-13,Islamabad,0.0,Organic
ORD_01115,CUST_0340,PROD_047,Basic Gadget 047,Electronics,1,152.01,124.22,2024-05-13,Islamabad,27.79,Organic
ORD_01115,CUST_0340,PROD_036,Smart Device 036,Clothing,4,81.18,324.73,2024-05-13,Islamabad,0.0,Organic
ORD_01116,CUST_0385,PROD_018,Pro Widget 018,Sports,2,337.02,674.04,2023-12-11,Lahore,0.0,Google Ads
ORD_01116,CUST_0385,PROD_018,Pro Widget 018,Sports,1,274.18,274.18,2023-12-11,Lahore,0.0,Google Ads
ORD_01117,CUST_0056,PROD_003,Smart Widget 003,Sports,2,190.49,380.99,2023-08-09,Karachi,0.0,Google Ads
ORD_01117,CUST_0056,PROD_057,Pro Widget 057,Clothing,1,113.61,113.61,2023-08-09,Karachi,0.0,Google Ads
ORD_01118,CUST_0462,PROD_057,Pro Widget 057,Clothing,4,89.0,356.02,2024-03-14,Islamabad,0.0,Organic
ORD_01118,CUST_0462,PROD_079,Premium Widget 079,Beauty,3,345.92,1037.76,2024-03-14,Islamabad,0.0,Organic
ORD_01118,CUST_0462,PROD_008,Elite Item 008,Home & Kitchen,2,78.53,157.05,2024-03-14,Islamabad,0.0,Organic
ORD_01118,CUST_0462,PROD_008,Elite Item 008,Home & Kitchen,1,101.4,101.4,2024-03-14,Islamabad,0.0,Organic
ORD_01119,CUST_0119,PROD_063,Basic Gadget 063,Beauty,2,221.68,443.35,2025-01-22,Faisalabad,0.0,Facebook
ORD_01119,CUST_0119,PROD_017,Pro Gadget 017,Home & Kitchen,1,156.62,156.62,2025-01-22,Faisalabad,0.0,Facebook
ORD_01119,CUST_0119,PROD_009,Pro Widget 009,Electronics,1,164.06,116.93,2025-01-22,Faisalabad,47.13,Facebook
ORD_01119,CUST_0119,PROD_017,Pro Gadget 017,Home & Kitchen,3,151.1,453.3,2025-01-22,Faisalabad,0.0,Facebook
ORD_01119,CUST_0119,PROD_057,Pro Widget 057,Clothing,4,121.18,484.71,2025-01-22,Faisalabad,0.0,Facebook
ORD_01120,CUST_0453,PROD_061,Smart Widget 061,Electronics,4,305.97,1223.88,2024-07-13,Multan,0.0,Organic
ORD_01120,CUST_0453,PROD_014,Premium Widget 014,Books,2,142.39,284.77,2024-07-13,Multan,0.0,Organic
ORD_01120,CUST_0453,PROD_047,Basic Gadget 047,Electronics,2,178.25,340.01,2024-07-13,Multan,16.48,Organic
ORD_01120,CUST_0453,PROD_061,Smart Widget 061,Electronics,2,308.39,604.92,2024-07-13,Multan,11.86,Organic
ORD_01121,CUST_0080,PROD_044,Smart Tool 044,Clothing,4,445.48,1781.94,2023-11-21,Karachi,0.0,Email
ORD_01121,CUST_0080,PROD_033,Premium Item 033,Beauty,2,103.15,206.3,2023-11-21,Karachi,0.0,Email
ORD_01121,CUST_0080,PROD_025,Basic Device 025,Sports,4,142.81,435.1,2023-11-21,Karachi,136.15,Email
ORD_01121,CUST_0080,PROD_013,Smart Item 013,Sports,2,86.9,167.58,2023-11-21,Karachi,6.22,Email
ORD_01121,CUST_0080,PROD_059,Pro Tool 059,Clothing,1,392.14,392.14,2023-11-21,Karachi,0.0,Email
ORD_01122,CUST_0353,PROD_079,Premium Widget 079,Beauty,1,335.7,245.18,2024-07-20,Peshawar,90.52,Referral
ORD_01122,CUST_0353,PROD_059,Pro Tool 059,Clothing,1,502.16,502.16,2024-07-20,Peshawar,0.0,Referral
ORD_01122,CUST_0353,PROD_005,Smart Widget 005,Sports,2,111.65,223.31,2024-07-20,Peshawar,0.0,Referral
ORD_01122,CUST_0353,PROD_076,Smart Device 076,Home & Kitchen,3,504.41,1513.23,2024-07-20,Peshawar,0.0,Referral
ORD_01123,CUST_0163,PROD_023,Smart Item 023,Clothing,2,283.75,567.5,2025-01-22,Rawalpindi,0.0,Organic
ORD_01124,CUST_0199,PROD_072,Premium Device 072,Electronics,4,297.46,1189.86,2025-02-05,Lahore,0.0,Google Ads
ORD_01124,CUST_0199,PROD_038,Premium Device 038,Home & Kitchen,2,213.94,427.87,2025-02-05,Lahore,0.0,Google Ads
ORD_01124,CUST_0199,PROD_049,Premium Widget 049,Books,3,342.88,1028.63,2025-02-05,Lahore,0.0,Google Ads
ORD_01125,CUST_0451,PROD_025,Basic Device 025,Sports,1,149.41,140.34,2024-10-23,Peshawar,9.07,Google Ads
ORD_01125,CUST_0451,PROD_038,Premium Device 038,Home & Kitchen,3,229.67,516.72,2024-10-23,Peshawar,172.29,Google Ads
ORD_01125,CUST_0451,PROD_040,Basic Widget 040,Clothing,4,441.73,1766.92,2024-10-23,Peshawar,0.0,Google Ads
ORD_01125,CUST_0451,PROD_043,Elite Device 043,Clothing,1,127.06,127.06,2024-10-23,Peshawar,0.0,Google Ads
ORD_01126,CUST_0086,PROD_049,Premium Widget 049,Books,3,264.51,718.96,2023-01-11,Faisalabad,74.56,Referral
ORD_01126,CUST_0086,PROD_058,Smart Tool 058,Clothing,4,195.69,740.09,2023-01-11,Faisalabad,42.66,Referral
ORD_01126,CUST_0086,PROD_055,Elite Item 055,Beauty,2,182.68,284.13,2023-01-11,Faisalabad,81.23,Referral
ORD_01127,CUST_0213,PROD_064,Basic Tool 064,Electronics,4,84.1,336.41,2023-08-27,Lahore,0.0,Instagram
ORD_01127,CUST_0213,PROD_046,Pro Tool 046,Sports,2,186.61,373.21,2023-08-27,Lahore,0.0,Instagram
ORD_01127,CUST_0213,PROD_052,Elite Gadget 052,Sports,3,76.11,228.33,2023-08-27,Lahore,0.0,Instagram
ORD_01128,CUST_0310,PROD_074,Smart Gadget 074,Sports,2,259.24,518.47,2023-05-18,Multan,0.0,Facebook
ORD_01129,CUST_0037,PROD_020,Pro Device 020,Clothing,3,320.01,792.53,2023-11-27,Lahore,167.49,Organic
ORD_01129,CUST_0037,PROD_030,Smart Tool 030,Sports,4,119.57,361.72,2023-11-27,Lahore,116.56,Organic
ORD_01129,CUST_0037,PROD_053,Smart Device 053,Beauty,2,145.94,233.72,2023-11-27,Lahore,58.15,Organic
ORD_01129,CUST_0037,PROD_024,Elite Tool 024,Clothing,1,135.96,135.96,2023-11-27,Lahore,0.0,Organic
ORD_01130,CUST_0340,PROD_071,Premium Device 071,Electronics,3,358.32,1074.95,2023-09-23,Faisalabad,0.0,Organic
ORD_01130,CUST_0340,PROD_014,Premium Widget 014,Books,2,129.2,255.26,2023-09-23,Faisalabad,3.14,Organic
ORD_01130,CUST_0340,PROD_035,Smart Widget 035,Toys,2,342.27,684.53,2023-09-23,Faisalabad,0.0,Organic
ORD_01130,CUST_0340,PROD_011,Premium Tool 011,Sports,2,81.14,162.27,2023-09-23,Faisalabad,0.0,Organic
ORD_01130,CUST_0340,PROD_023,Smart Item 023,Clothing,1,314.22,314.22,2023-09-23,Faisalabad,0.0,Organic
ORD_01131,CUST_0340,PROD_069,Premium Item 069,Electronics,2,39.68,79.37,2025-06-23,Multan,0.0,Facebook
ORD_01132,CUST_0275,PROD_014,Premium Widget 014,Books,1,123.17,123.17,2024-05-26,Islamabad,0.0,Organic
ORD_01132,CUST_0275,PROD_069,Premium Item 069,Electronics,1,33.04,25.6,2024-05-26,Islamabad,7.44,Organic
ORD_01132,CUST_0275,PROD_001,Premium Widget 001,Books,1,161.82,161.82,2024-05-26,Islamabad,0.0,Organic
ORD_01132,CUST_0275,PROD_065,Premium Tool 065,Home & Kitchen,4,453.27,1813.08,2024-05-26,Islamabad,0.0,Organic
ORD_01133,CUST_0126,PROD_050,Basic Widget 050,Electronics,4,393.58,1220.59,2025-05-01,Faisalabad,353.72,Facebook
ORD_01133,CUST_0126,PROD_016,Premium Tool 016,Home & Kitchen,4,252.99,1011.97,2025-05-01,Faisalabad,0.0,Facebook
ORD_01133,CUST_0126,PROD_024,Elite Tool 024,Clothing,1,145.97,126.87,2025-05-01,Faisalabad,19.1,Facebook
ORD_01134,CUST_0075,PROD_003,Smart Widget 003,Sports,3,233.23,699.68,2023-07-03,Lahore,0.0,Google Ads
ORD_01135,CUST_0084,PROD_015,Pro Widget 015,Toys,3,135.62,294.93,2024-09-18,Faisalabad,111.93,Google Ads
ORD_01135,CUST_0084,PROD_073,Basic Tool 073,Electronics,1,394.08,341.29,2024-09-18,Faisalabad,52.79,Google Ads
ORD_01135,CUST_0084,PROD_053,Smart Device 053,Beauty,3,132.96,398.88,2024-09-18,Faisalabad,0.0,Google Ads
ORD_01136,CUST_0334,PROD_015,Pro Widget 015,Toys,1,102.09,89.16,2023-06-14,Multan,12.93,Google Ads
ORD_01136,CUST_0334,PROD_003,Smart Widget 003,Sports,2,234.62,469.24,2023-06-14,Multan,0.0,Google Ads
ORD_01136,CUST_0334,PROD_045,Basic Item 045,Beauty,2,546.98,1093.97,2023-06-14,Multan,0.0,Google Ads
ORD_01136,CUST_0334,PROD_025,Basic Device 025,Sports,4,121.46,485.82,2023-06-14,Multan,0.0,Google Ads
ORD_01136,CUST_0334,PROD_042,Premium Device 042,Toys,1,66.65,66.65,2023-06-14,Multan,0.0,Google Ads
ORD_01137,CUST_0126,PROD_001,Premium Widget 001,Books,3,147.84,443.51,2025-06-26,Lahore,0.0,Email
ORD_01137,CUST_0126,PROD_054,Elite Tool 054,Clothing,2,59.82,119.64,2025-06-26,Lahore,0.0,Email
ORD_01137,CUST_0126,PROD_079,Premium Widget 079,Beauty,1,259.0,259.0,2025-06-26,Lahore,0.0,Email
ORD_01137,CUST_0126,PROD_056,Premium Widget 056,Electronics,2,234.03,336.97,2025-06-26,Lahore,131.09,Email
ORD_01137,CUST_0126,PROD_030,Smart Tool 030,Sports,2,151.51,284.22,2025-06-26,Lahore,18.8,Email
ORD_01138,CUST_0447,PROD_027,Basic Gadget 027,Sports,2,283.5,567.01,2024-05-28,Rawalpindi,0.0,Referral
ORD_01138,CUST_0447,PROD_011,Premium Tool 011,Sports,3,75.0,159.97,2024-05-28,Rawalpindi,65.04,Referral
ORD_01138,CUST_0447,PROD_052,Elite Gadget 052,Sports,2,71.77,143.53,2024-05-28,Rawalpindi,0.0,Referral
ORD_01138,CUST_0447,PROD_056,Premium Widget 056,Electronics,3,245.85,737.54,2024-05-28,Rawalpindi,0.0,Referral
ORD_01138,CUST_0447,PROD_010,Pro Item 010,Sports,2,120.36,240.71,2024-05-28,Rawalpindi,0.0,Referral
ORD_01139,CUST_0081,PROD_020,Pro Device 020,Clothing,1,369.37,288.36,2023-07-25,Multan,81.01,Email
ORD_01139,CUST_0081,PROD_029,Elite Device 029,Electronics,3,230.12,690.37,2023-07-25,Multan,0.0,Email
ORD_01140,CUST_0308,PROD_042,Premium Device 042,Toys,1,68.93,58.74,2025-01-15,Faisalabad,10.19,Instagram
ORD_01141,CUST_0049,PROD_048,Smart Device 048,Clothing,2,239.42,401.52,2024-10-28,Rawalpindi,77.32,Referral
ORD_01142,CUST_0052,PROD_080,Smart Widget 080,Electronics,2,269.84,539.68,2025-05-26,Lahore,0.0,Organic
ORD_01142,CUST_0052,PROD_053,Smart Device 053,Beauty,1,127.04,127.04,2025-05-26,Lahore,0.0,Organic
ORD_01142,CUST_0052,PROD_015,Pro Widget 015,Toys,3,147.39,442.18,2025-05-26,Lahore,0.0,Organic
ORD_01143,CUST_0437,PROD_039,Premium Item 039,Toys,3,431.38,1294.14,2024-06-30,Faisalabad,0.0,Referral
ORD_01143,CUST_0437,PROD_003,Smart Widget 003,Sports,2,234.21,468.42,2024-06-30,Faisalabad,0.0,Referral
ORD_01144,CUST_0357,PROD_022,Pro Tool 022,Home & Kitchen,3,43.7,131.1,2025-04-21,Faisalabad,0.0,Instagram
ORD_01144,CUST_0357,PROD_042,Premium Device 042,Toys,4,63.14,207.63,2025-04-21,Faisalabad,44.95,Instagram
ORD_01144,CUST_0357,PROD_021,Premium Gadget 021,Toys,3,23.94,57.36,2025-04-21,Faisalabad,14.46,Instagram
ORD_01144,CUST_0357,PROD_002,Basic Gadget 002,Books,4,65.96,217.98,2025-04-21,Faisalabad,45.85,Instagram
ORD_01145,CUST_0312,PROD_061,Smart Widget 061,Electronics,2,364.46,728.92,2023-01-24,Islamabad,0.0,Referral
ORD_01145,CUST_0312,PROD_076,Smart Device 076,Home & Kitchen,3,386.19,1158.57,2023-01-24,Islamabad,0.0,Referral
ORD_01145,CUST_0312,PROD_080,Smart Widget 080,Electronics,4,271.74,1086.95,2023-01-24,Islamabad,0.0,Referral
ORD_01145,CUST_0312,PROD_071,Premium Device 071,Electronics,4,394.18,1456.15,2023-01-24,Islamabad,120.58,Referral
ORD_01146,CUST_0181,PROD_037,Basic Device 037,Toys,4,420.56,1584.56,2024-12-03,Peshawar,97.67,Email
ORD_01146,CUST_0181,PROD_078,Basic Item 078,Beauty,3,139.37,418.11,2024-12-03,Peshawar,0.0,Email
ORD_01146,CUST_0181,PROD_037,Basic Device 037,Toys,4,465.5,1746.78,2024-12-03,Peshawar,115.22,Email
ORD_01146,CUST_0181,PROD_075,Smart Widget 075,Beauty,1,398.17,398.17,2024-12-03,Peshawar,0.0,Email
ORD_01146,CUST_0181,PROD_075,Smart Widget 075,Beauty,1,300.92,300.92,2024-12-03,Peshawar,0.0,Email
ORD_01147,CUST_0406,PROD_066,Elite Item 066,Beauty,4,404.15,1616.59,2024-09-11,Multan,0.0,Referral
ORD_01147,CUST_0406,PROD_022,Pro Tool 022,Home & Kitchen,1,48.13,45.76,2024-09-11,Multan,2.37,Referral
ORD_01148,CUST_0072,PROD_038,Premium Device 038,Home & Kitchen,1,201.34,201.34,2024-04-14,Rawalpindi,0.0,Instagram
ORD_01149,CUST_0139,PROD_014,Premium Widget 014,Books,2,97.36,161.25,2024-07-01,Islamabad,33.48,Email
ORD_01149,CUST_0139,PROD_025,Basic Device 025,Sports,1,129.3,129.3,2024-07-01,Islamabad,0.0,Email
ORD_01149,CUST_0139,PROD_070,Elite Device 070,Toys,2,283.1,521.71,2024-07-01,Islamabad,44.49,Email
ORD_01150,CUST_0438,PROD_054,Elite Tool 054,Clothing,2,45.3,78.46,2025-01-31,Faisalabad,12.15,Facebook
ORD_01151,CUST_0190,PROD_006,Smart Tool 006,Clothing,3,250.38,660.26,2023-01-14,Karachi,90.88,Google Ads
ORD_01152,CUST_0304,PROD_027,Basic Gadget 027,Sports,1,293.24,259.16,2025-06-28,Islamabad,34.08,Referral
ORD_01152,CUST_0304,PROD_013,Smart Item 013,Sports,3,115.36,346.08,2025-06-28,Islamabad,0.0,Referral
ORD_01152,CUST_0304,PROD_057,Pro Widget 057,Clothing,3,101.05,303.16,2025-06-28,Islamabad,0.0,Referral
ORD_01152,CUST_0304,PROD_065,Premium Tool 065,Home & Kitchen,4,540.82,1739.09,2025-06-28,Islamabad,424.2,Referral
ORD_01152,CUST_0304,PROD_068,Basic Widget 068,Sports,4,320.42,972.67,2025-06-28,Islamabad,309.0,Referral
ORD_01153,CUST_0016,PROD_016,Premium Tool 016,Home & Kitchen,1,207.18,188.35,2023-04-26,Rawalpindi,18.83,Facebook
ORD_01153,CUST_0016,PROD_033,Premium Item 033,Beauty,2,91.05,160.61,2023-04-26,Rawalpindi,21.49,Facebook
ORD_01154,CUST_0141,PROD_052,Elite Gadget 052,Sports,3,64.8,172.36,2024-11-12,Rawalpindi,22.03,Email
ORD_01154,CUST_0141,PROD_017,Pro Gadget 017,Home & Kitchen,1,171.09,171.09,2024-11-12,Rawalpindi,0.0,Email
ORD_01154,CUST_0141,PROD_077,Basic Item 077,Clothing,4,161.02,644.07,2024-11-12,Rawalpindi,0.0,Email
ORD_01155,CUST_0478,PROD_016,Premium Tool 016,Home & Kitchen,1,216.55,216.55,2024-03-11,Lahore,0.0,Google Ads
ORD_01155,CUST_0478,PROD_038,Premium Device 038,Home & Kitchen,4,278.66,1114.66,2024-03-11,Lahore,0.0,Google Ads
ORD_01156,CUST_0158,PROD_037,Basic Device 037,Toys,3,438.4,1315.21,2024-05-06,Islamabad,0.0,Email
ORD_01156,CUST_0158,PROD_056,Premium Widget 056,Electronics,3,179.98,407.47,2024-05-06,Islamabad,132.47,Email
ORD_01156,CUST_0158,PROD_069,Premium Item 069,Electronics,2,31.98,63.96,2024-05-06,Islamabad,0.0,Email
ORD_01156,CUST_0158,PROD_011,Premium Tool 011,Sports,2,65.11,121.7,2024-05-06,Islamabad,8.52,Email
ORD_01157,CUST_0086,PROD_032,Smart Item 032,Toys,4,275.81,1103.25,2024-12-19,Karachi,0.0,Organic
ORD_01157,CUST_0086,PROD_012,Elite Widget 012,Sports,1,180.05,167.26,2024-12-19,Karachi,12.79,Organic
ORD_01157,CUST_0086,PROD_019,Smart Gadget 019,Clothing,4,236.0,944.02,2024-12-19,Karachi,0.0,Organic
ORD_01157,CUST_0086,PROD_035,Smart Widget 035,Toys,2,331.27,662.54,2024-12-19,Karachi,0.0,Organic
ORD_01157,CUST_0086,PROD_042,Premium Device 042,Toys,3,62.19,186.58,2024-12-19,Karachi,0.0,Organic
ORD_01158,CUST_0157,PROD_041,Premium Widget 041,Books,1,238.82,215.34,2023-06-24,Lahore,23.48,Referral
ORD_01158,CUST_0157,PROD_048,Smart Device 048,Clothing,1,292.21,292.21,2023-06-24,Lahore,0.0,Referral
ORD_01158,CUST_0157,PROD_007,Pro Widget 007,Toys,1,382.71,382.71,2023-06-24,Lahore,0.0,Referral
ORD_01159,CUST_0133,PROD_061,Smart Widget 061,Electronics,2,364.44,650.9,2024-04-03,Islamabad,77.98,Facebook
ORD_01159,CUST_0133,PROD_019,Smart Gadget 019,Clothing,3,230.68,692.04,2024-04-03,Islamabad,0.0,Facebook
ORD_01159,CUST_0133,PROD_038,Premium Device 038,Home & Kitchen,1,282.67,272.57,2024-04-03,Islamabad,10.1,Facebook
ORD_01159,CUST_0133,PROD_075,Smart Widget 075,Beauty,3,358.99,928.51,2024-04-03,Islamabad,148.45,Facebook
ORD_01160,CUST_0134,PROD_043,Elite Device 043,Clothing,2,139.23,278.45,2023-10-24,Lahore,0.0,Organic
ORD_01160,CUST_0134,PROD_029,Elite Device 029,Electronics,2,168.74,337.49,2023-10-24,Lahore,0.0,Organic
ORD_01160,CUST_0134,PROD_011,Premium Tool 011,Sports,1,76.52,76.52,2023-10-24,Lahore,0.0,Organic
ORD_01160,CUST_0134,PROD_067,Smart Tool 067,Clothing,2,100.05,200.09,2023-10-24,Lahore,0.0,Organic
ORD_01160,CUST_0134,PROD_061,Smart Widget 061,Electronics,2,370.69,741.38,2023-10-24,Lahore,0.0,Organic
ORD_01161,CUST_0181,PROD_061,Smart Widget 061,Electronics,2,264.91,460.71,2025-03-24,Rawalpindi,69.11,Email
ORD_01161,CUST_0181,PROD_041,Premium Widget 041,Books,1,229.62,229.62,2025-03-24,Rawalpindi,0.0,Email
ORD_01162,CUST_0355,PROD_028,Premium Widget 028,Clothing,3,346.52,1039.56,2023-11-10,Islamabad,0.0,Referral
ORD_01162,CUST_0355,PROD_066,Elite Item 066,Beauty,1,295.33,295.33,2023-11-10,Islamabad,0.0,Referral
ORD_01162,CUST_0355,PROD_014,Premium Widget 014,Books,3,118.01,354.04,2023-11-10,Islamabad,0.0,Referral
ORD_01162,CUST_0355,PROD_038,Premium Device 038,Home & Kitchen,3,286.27,858.81,2023-11-10,Islamabad,0.0,Referral
ORD_01163,CUST_0377,PROD_021,Premium Gadget 021,Toys,4,26.64,106.58,2024-05-05,Multan,0.0,Instagram
ORD_01163,CUST_0377,PROD_040,Basic Widget 040,Clothing,2,389.14,778.27,2024-05-05,Multan,0.0,Instagram
ORD_01163,CUST_0377,PROD_076,Smart Device 076,Home & Kitchen,3,540.77,1413.03,2024-05-05,Multan,209.28,Instagram
ORD_01163,CUST_0377,PROD_044,Smart Tool 044,Clothing,1,485.56,485.56,2024-05-05,Multan,0.0,Instagram
ORD_01164,CUST_0405,PROD_069,Premium Item 069,Electronics,3,34.29,102.87,2023-01-30,Karachi,0.0,Organic
ORD_01165,CUST_0273,PROD_011,Premium Tool 011,Sports,4,75.82,303.26,2023-08-28,Lahore,0.0,Organic
ORD_01165,CUST_0273,PROD_037,Basic Device 037,Toys,2,489.81,979.62,2023-08-28,Lahore,0.0,Organic
ORD_01165,CUST_0273,PROD_066,Elite Item 066,Beauty,3,368.09,826.2,2023-08-28,Lahore,278.07,Organic
ORD_01166,CUST_0315,PROD_057,Pro Widget 057,Clothing,2,106.42,160.23,2025-01-11,Faisalabad,52.6,Facebook
ORD_01166,CUST_0315,PROD_063,Basic Gadget 063,Beauty,3,261.36,784.08,2025-01-11,Faisalabad,0.0,Facebook
ORD_01166,CUST_0315,PROD_067,Smart Tool 067,Clothing,2,121.41,181.44,2025-01-11,Faisalabad,61.38,Facebook
ORD_01166,CUST_0315,PROD_007,Pro Widget 007,Toys,2,347.11,694.22,2025-01-11,Faisalabad,0.0,Facebook
ORD_01167,CUST_0299,PROD_010,Pro Item 010,Sports,2,128.41,256.82,2024-04-18,Faisalabad,0.0,Referral
ORD_01167,CUST_0299,PROD_078,Basic Item 078,Beauty,4,191.23,764.94,2024-04-18,Faisalabad,0.0,Referral
ORD_01167,CUST_0299,PROD_043,Elite Device 043,Clothing,3,163.15,489.45,2024-04-18,Faisalabad,0.0,Referral
ORD_01167,CUST_0299,PROD_043,Elite Device 043,Clothing,1,156.1,146.45,2024-04-18,Faisalabad,9.65,Referral
ORD_01167,CUST_0299,PROD_064,Basic Tool 064,Electronics,2,91.51,183.01,2024-04-18,Faisalabad,0.0,Referral
ORD_01168,CUST_0268,PROD_028,Premium Widget 028,Clothing,1,280.62,280.62,2023-04-18,Lahore,0.0,Referral
ORD_01169,CUST_0386,PROD_074,Smart Gadget 074,Sports,2,314.54,471.63,2024-03-20,Karachi,157.45,Organic
ORD_01169,CUST_0386,PROD_011,Premium Tool 011,Sports,3,83.83,251.5,2024-03-20,Karachi,0.0,Organic
ORD_01169,CUST_0386,PROD_002,Basic Gadget 002,Books,1,65.95,47.81,2024-03-20,Karachi,18.14,Organic
ORD_01169,CUST_0386,PROD_074,Smart Gadget 074,Sports,2,341.49,682.98,2024-03-20,Karachi,0.0,Organic
ORD_01169,CUST_0386,PROD_074,Smart Gadget 074,Sports,1,285.69,285.69,2024-03-20,Karachi,0.0,Organic
ORD_01170,CUST_0442,PROD_029,Elite Device 029,Electronics,3,165.93,451.04,2024-03-11,Faisalabad,46.76,Google Ads
ORD_01170,CUST_0442,PROD_065,Premium Tool 065,Home & Kitchen,1,511.23,511.23,2024-03-11,Faisalabad,0.0,Google Ads
ORD_01170,CUST_0442,PROD_002,Basic Gadget 002,Books,3,52.88,157.68,2024-03-11,Faisalabad,0.95,Google Ads
ORD_01170,CUST_0442,PROD_016,Premium Tool 016,Home & Kitchen,1,239.2,233.47,2024-03-11,Faisalabad,5.73,Google Ads
ORD_01171,CUST_0128,PROD_061,Smart Widget 061,Electronics,3,281.36,755.55,2025-05-28,Lahore,88.52,Email
ORD_01171,CUST_0128,PROD_032,Smart Item 032,Toys,4,264.73,1058.94,2025-05-28,Lahore,0.0,Email
ORD_01171,CUST_0128,PROD_068,Basic Widget 068,Sports,3,418.88,934.08,2025-05-28,Lahore,322.55,Email
ORD_01171,CUST_0128,PROD_016,Premium Tool 016,Home & Kitchen,1,212.06,212.06,2025-05-28,Lahore,0.0,Email
ORD_01171,CUST_0128,PROD_018,Pro Widget 018,Sports,3,284.17,852.5,2025-05-28,Lahore,0.0,Email
ORD_01172,CUST_0206,PROD_064,Basic Tool 064,Electronics,2,86.29,172.57,2023-03-13,Multan,0.0,Email
ORD_01172,CUST_0206,PROD_057,Pro Widget 057,Clothing,1,92.12,92.12,2023-03-13,Multan,0.0,Email
ORD_01172,CUST_0206,PROD_077,Basic Item 077,Clothing,4,143.98,575.93,2023-03-13,Multan,0.0,Email
ORD_01173,CUST_0124,PROD_001,Premium Widget 001,Books,3,147.34,312.52,2025-03-28,Karachi,129.5,Referral
ORD_01173,CUST_0124,PROD_056,Premium Widget 056,Electronics,1,196.23,169.72,2025-03-28,Karachi,26.51,Referral
ORD_01173,CUST_0124,PROD_032,Smart Item 032,Toys,1,343.6,259.03,2025-03-28,Karachi,84.57,Referral
ORD_01173,CUST_0124,PROD_031,Smart Widget 031,Books,4,373.04,1492.17,2025-03-28,Karachi,0.0,Referral
ORD_01173,CUST_0124,PROD_015,Pro Widget 015,Toys,1,118.11,118.11,2025-03-28,Karachi,0.0,Referral
ORD_01174,CUST_0490,PROD_018,Pro Widget 018,Sports,2,317.48,634.97,2024-11-26,Karachi,0.0,Referral
ORD_01174,CUST_0490,PROD_004,Premium Widget 004,Clothing,2,126.22,252.43,2024-11-26,Karachi,0.0,Referral
ORD_01174,CUST_0490,PROD_049,Premium Widget 049,Books,4,255.99,933.34,2024-11-26,Karachi,90.62,Referral
ORD_01174,CUST_0490,PROD_067,Smart Tool 067,Clothing,1,98.01,98.01,2024-11-26,Karachi,0.0,Referral
ORD_01174,CUST_0490,PROD_009,Pro Widget 009,Electronics,4,162.93,529.84,2024-11-26,Karachi,121.9,Referral
ORD_01175,CUST_0357,PROD_043,Elite Device 043,Clothing,3,134.82,404.46,2024-04-17,Multan,0.0,Google Ads
ORD_01175,CUST_0357,PROD_048,Smart Device 048,Clothing,1,243.14,203.25,2024-04-17,Multan,39.89,Google Ads
ORD_01175,CUST_0357,PROD_018,Pro Widget 018,Sports,4,382.82,1531.26,2024-04-17,Multan,0.0,Google Ads
ORD_01176,CUST_0074,PROD_018,Pro Widget 018,Sports,1,290.73,290.73,2024-05-13,Lahore,0.0,Instagram
ORD_01176,CUST_0074,PROD_035,Smart Widget 035,Toys,4,267.81,997.34,2024-05-13,Lahore,73.89,Instagram
ORD_01176,CUST_0074,PROD_041,Premium Widget 041,Books,2,290.48,580.96,2024-05-13,Lahore,0.0,Instagram
ORD_01176,CUST_0074,PROD_074,Smart Gadget 074,Sports,1,291.47,291.47,2024-05-13,Lahore,0.0,Instagram
ORD_01177,CUST_0356,PROD_001,Premium Widget 001,Books,2,125.83,251.67,2025-02-13,Multan,0.0,Referral
ORD_01177,CUST_0356,PROD_036,Smart Device 036,Clothing,4,93.9,290.59,2025-02-13,Multan,85.0,Referral
ORD_01177,CUST_0356,PROD_045,Basic Item 045,Beauty,1,568.42,568.42,2025-02-13,Multan,0.0,Referral
ORD_01177,CUST_0356,PROD_043,Elite Device 043,Clothing,4,119.5,478.01,2025-02-13,Multan,0.0,Referral
ORD_01177,CUST_0356,PROD_059,Pro Tool 059,Clothing,3,506.6,1519.81,2025-02-13,Multan,0.0,Referral
ORD_01178,CUST_0496,PROD_014,Premium Widget 014,Books,4,138.18,424.09,2024-03-11,Faisalabad,128.61,Organic
ORD_01178,CUST_0496,PROD_005,Smart Widget 005,Sports,2,99.05,198.11,2024-03-11,Faisalabad,0.0,Organic
ORD_01178,CUST_0496,PROD_065,Premium Tool 065,Home & Kitchen,1,465.34,465.34,2024-03-11,Faisalabad,0.0,Organic
ORD_01178,CUST_0496,PROD_061,Smart Widget 061,Electronics,4,349.57,1398.29,2024-03-11,Faisalabad,0.0,Organic
ORD_01178,CUST_0496,PROD_066,Elite Item 066,Beauty,2,383.98,767.95,2024-03-11,Faisalabad,0.0,Organic
ORD_01179,CUST_0146,PROD_033,Premium Item 033,Beauty,1,78.14,78.14,2025-02-18,Rawalpindi,0.0,Organic
ORD_01179,CUST_0146,PROD_002,Basic Gadget 002,Books,1,70.87,70.87,2025-02-18,Rawalpindi,0.0,Organic
ORD_01179,CUST_0146,PROD_066,Elite Item 066,Beauty,4,417.29,1669.14,2025-02-18,Rawalpindi,0.0,Organic
ORD_01179,CUST_0146,PROD_017,Pro Gadget 017,Home & Kitchen,4,157.07,628.3,2025-02-18,Rawalpindi,0.0,Organic
ORD_01180,CUST_0086,PROD_022,Pro Tool 022,Home & Kitchen,2,49.12,76.91,2023-02-10,Karachi,21.34,Referral
ORD_01180,CUST_0086,PROD_046,Pro Tool 046,Sports,4,227.7,910.8,2023-02-10,Karachi,0.0,Referral
ORD_01180,CUST_0086,PROD_036,Smart Device 036,Clothing,1,68.58,58.4,2023-02-10,Karachi,10.18,Referral
ORD_01181,CUST_0303,PROD_028,Premium Widget 028,Clothing,2,288.34,535.12,2025-05-08,Karachi,41.55,Email
ORD_01181,CUST_0303,PROD_071,Premium Device 071,Electronics,1,351.89,351.89,2025-05-08,Karachi,0.0,Email
ORD_01181,CUST_0303,PROD_079,Premium Widget 079,Beauty,3,263.92,757.45,2025-05-08,Karachi,34.31,Email
ORD_01182,CUST_0385,PROD_076,Smart Device 076,Home & Kitchen,4,402.68,1610.72,2023-10-11,Rawalpindi,0.0,Organic
ORD_01182,CUST_0385,PROD_033,Premium Item 033,Beauty,4,77.16,308.66,2023-10-11,Rawalpindi,0.0,Organic
ORD_01182,CUST_0385,PROD_011,Premium Tool 011,Sports,4,80.89,305.57,2023-10-11,Rawalpindi,18.01,Organic
ORD_01182,CUST_0385,PROD_002,Basic Gadget 002,Books,3,68.23,163.33,2023-10-11,Rawalpindi,41.35,Organic
ORD_01182,CUST_0385,PROD_023,Smart Item 023,Clothing,4,278.13,1112.53,2023-10-11,Rawalpindi,0.0,Organic
ORD_01183,CUST_0319,PROD_049,Premium Widget 049,Books,4,268.06,1072.25,2023-02-22,Lahore,0.0,Facebook
ORD_01184,CUST_0026,PROD_052,Elite Gadget 052,Sports,4,80.65,322.6,2024-05-01,Lahore,0.0,Email
ORD_01185,CUST_0479,PROD_043,Elite Device 043,Clothing,2,133.78,209.64,2023-06-05,Karachi,57.91,Email
ORD_01186,CUST_0036,PROD_070,Elite Device 070,Toys,1,217.28,217.28,2024-08-07,Lahore,0.0,Instagram
ORD_01186,CUST_0036,PROD_078,Basic Item 078,Beauty,3,133.92,401.77,2024-08-07,Lahore,0.0,Instagram
ORD_01186,CUST_0036,PROD_032,Smart Item 032,Toys,2,302.49,429.71,2024-08-07,Lahore,175.27,Instagram
ORD_01187,CUST_0014,PROD_060,Premium Tool 060,Toys,1,378.4,304.12,2025-03-28,Lahore,74.28,Email
ORD_01187,CUST_0014,PROD_022,Pro Tool 022,Home & Kitchen,2,35.53,71.06,2025-03-28,Lahore,0.0,Email
ORD_01187,CUST_0014,PROD_049,Premium Widget 049,Books,1,350.3,350.3,2025-03-28,Lahore,0.0,Email
ORD_01187,CUST_0014,PROD_010,Pro Item 010,Sports,4,139.38,557.5,2025-03-28,Lahore,0.0,Email
ORD_01188,CUST_0013,PROD_036,Smart Device 036,Clothing,4,94.82,366.65,2025-04-03,Islamabad,12.62,Referral
ORD_01188,CUST_0013,PROD_022,Pro Tool 022,Home & Kitchen,1,41.99,41.99,2025-04-03,Islamabad,0.0,Referral
ORD_01188,CUST_0013,PROD_033,Premium Item 033,Beauty,3,78.57,235.71,2025-04-03,Islamabad,0.0,Referral
ORD_01189,CUST_0075,PROD_038,Premium Device 038,Home & Kitchen,2,217.86,435.72,2025-04-24,Peshawar,0.0,Facebook
ORD_01189,CUST_0075,PROD_051,Premium Device 051,Clothing,1,125.6,125.6,2025-04-24,Peshawar,0.0,Facebook
ORD_01190,CUST_0467,PROD_019,Smart Gadget 019,Clothing,1,244.39,244.39,2024-08-24,Peshawar,0.0,Organic
ORD_01190,CUST_0467,PROD_058,Smart Tool 058,Clothing,4,249.95,999.79,2024-08-24,Peshawar,0.0,Organic
ORD_01190,CUST_0467,PROD_003,Smart Widget 003,Sports,2,231.86,463.72,2024-08-24,Peshawar,0.0,Organic
ORD_01191,CUST_0321,PROD_017,Pro Gadget 017,Home & Kitchen,4,177.38,581.23,2023-12-28,Karachi,128.28,Google Ads
ORD_01191,CUST_0321,PROD_039,Premium Item 039,Toys,1,481.6,442.54,2023-12-28,Karachi,39.06,Google Ads
ORD_01191,CUST_0321,PROD_045,Basic Item 045,Beauty,3,514.41,1543.23,2023-12-28,Karachi,0.0,Google Ads
ORD_01192,CUST_0196,PROD_074,Smart Gadget 074,Sports,1,279.58,230.81,2023-02-07,Karachi,48.77,Organic
ORD_01192,CUST_0196,PROD_012,Elite Widget 012,Sports,2,172.43,344.87,2023-02-07,Karachi,0.0,Organic
ORD_01193,CUST_0208,PROD_069,Premium Item 069,Electronics,4,31.19,124.75,2025-02-14,Multan,0.0,Email
ORD_01193,CUST_0208,PROD_066,Elite Item 066,Beauty,4,298.9,1195.59,2025-02-14,Multan,0.0,Email
ORD_01193,CUST_0208,PROD_008,Elite Item 008,Home & Kitchen,1,86.19,86.19,2025-02-14,Multan,0.0,Email
ORD_01194,CUST_0234,PROD_030,Smart Tool 030,Sports,4,150.28,601.14,2023-09-23,Faisalabad,0.0,Referral
ORD_01195,CUST_0046,PROD_063,Basic Gadget 063,Beauty,3,259.83,779.5,2024-08-01,Faisalabad,0.0,Organic
ORD_01196,CUST_0044,PROD_052,Elite Gadget 052,Sports,2,71.63,116.39,2024-03-23,Karachi,26.87,Organic
ORD_01196,CUST_0044,PROD_026,Smart Tool 026,Sports,3,245.18,735.53,2024-03-23,Karachi,0.0,Organic
ORD_01196,CUST_0044,PROD_035,Smart Widget 035,Toys,4,287.34,1135.91,2024-03-23,Karachi,13.47,Organic
ORD_01197,CUST_0081,PROD_053,Smart Device 053,Beauty,3,117.42,352.26,2023-05-01,Faisalabad,0.0,Email
ORD_01197,CUST_0081,PROD_002,Basic Gadget 002,Books,2,49.76,99.53,2023-05-01,Faisalabad,0.0,Email
ORD_01198,CUST_0381,PROD_019,Smart Gadget 019,Clothing,1,223.2,223.2,2025-01-14,Multan,0.0,Referral
ORD_01198,CUST_0381,PROD_027,Basic Gadget 027,Sports,2,201.66,403.31,2025-01-14,Multan,0.0,Referral
ORD_01198,CUST_0381,PROD_071,Premium Device 071,Electronics,4,384.22,1536.86,2025-01-14,Multan,0.0,Referral
ORD_01198,CUST_0381,PROD_052,Elite Gadget 052,Sports,4,67.03,268.1,2025-01-14,Multan,0.0,Referral
ORD_01199,CUST_0003,PROD_073,Basic Tool 073,Electronics,1,399.98,399.98,2023-01-04,Faisalabad,0.0,Email
ORD_01199,CUST_0003,PROD_001,Premium Widget 001,Books,1,149.37,145.23,2023-01-04,Faisalabad,4.14,Email
ORD_01199,CUST_0003,PROD_073,Basic Tool 073,Electronics,2,531.79,1063.58,2023-01-04,Faisalabad,0.0,Email
ORD_01199,CUST_0003,PROD_064,Basic Tool 064,Electronics,2,106.4,175.66,2023-01-04,Faisalabad,37.15,Email
ORD_01199,CUST_0003,PROD_069,Premium Item 069,Electronics,4,37.89,133.91,2023-01-04,Faisalabad,17.65,Email
ORD_01200,CUST_0278,PROD_011,Premium Tool 011,Sports,4,70.59,282.37,2025-03-25,Islamabad,0.0,Email
ORD_01200,CUST_0278,PROD_032,Smart Item 032,Toys,1,265.82,200.75,2025-03-25,Islamabad,65.07,Email
ORD_01200,CUST_0278,PROD_076,Smart Device 076,Home & Kitchen,3,502.51,1507.53,2025-03-25,Islamabad,0.0,Email
ORD_01201,CUST_0061,PROD_058,Smart Tool 058,Clothing,1,253.96,253.96,2025-06-30,Multan,0.0,Google Ads
ORD_01202,CUST_0044,PROD_072,Premium Device 072,Electronics,3,367.34,1102.02,2023-11-22,Multan,0.0,Email
ORD_01203,CUST_0073,PROD_020,Pro Device 020,Clothing,1,302.5,302.5,2025-02-16,Peshawar,0.0,Facebook
ORD_01203,CUST_0073,PROD_002,Basic Gadget 002,Books,1,56.92,56.92,2025-02-16,Peshawar,0.0,Facebook
ORD_01203,CUST_0073,PROD_031,Smart Widget 031,Books,3,350.49,1051.48,2025-02-16,Peshawar,0.0,Facebook
ORD_01203,CUST_0073,PROD_042,Premium Device 042,Toys,4,84.32,311.96,2025-02-16,Peshawar,25.34,Facebook
ORD_01203,CUST_0073,PROD_075,Smart Widget 075,Beauty,3,380.36,1141.09,2025-02-16,Peshawar,0.0,Facebook
ORD_01204,CUST_0076,PROD_071,Premium Device 071,Electronics,2,387.35,770.97,2025-01-03,Karachi,3.73,Organic
ORD_01205,CUST_0072,PROD_065,Premium Tool 065,Home & Kitchen,2,542.06,917.16,2024-12-24,Karachi,166.96,Referral
ORD_01205,CUST_0072,PROD_077,Basic Item 077,Clothing,3,166.39,499.18,2024-12-24,Karachi,0.0,Referral
ORD_01205,CUST_0072,PROD_051,Premium Device 051,Clothing,2,119.13,238.27,2024-12-24,Karachi,0.0,Referral
ORD_01205,CUST_0072,PROD_009,Pro Widget 009,Electronics,4,177.49,709.97,2024-12-24,Karachi,0.0,Referral
ORD_01205,CUST_0072,PROD_018,Pro Widget 018,Sports,4,286.12,925.72,2024-12-24,Karachi,218.77,Referral
ORD_01206,CUST_0099,PROD_045,Basic Item 045,Beauty,4,401.56,1606.24,2024-02-26,Lahore,0.0,Google Ads
ORD_01206,CUST_0099,PROD_021,Premium Gadget 021,Toys,1,30.8,30.8,2024-02-26,Lahore,0.0,Google Ads
ORD_01206,CUST_0099,PROD_018,Pro Widget 018,Sports,3,270.68,812.04,2024-02-26,Lahore,0.0,Google Ads
ORD_01207,CUST_0215,PROD_042,Premium Device 042,Toys,3,73.47,220.4,2023-03-13,Peshawar,0.0,Referral
ORD_01207,CUST_0215,PROD_051,Premium Device 051,Clothing,1,168.91,168.91,2023-03-13,Peshawar,0.0,Referral
ORD_01208,CUST_0309,PROD_055,Elite Item 055,Beauty,4,171.14,684.57,2023-06-27,Karachi,0.0,Facebook
ORD_01208,CUST_0309,PROD_072,Premium Device 072,Electronics,2,343.9,687.8,2023-06-27,Karachi,0.0,Facebook
ORD_01209,CUST_0016,PROD_073,Basic Tool 073,Electronics,4,390.05,1560.19,2023-04-02,Lahore,0.0,Google Ads
ORD_01209,CUST_0016,PROD_004,Premium Widget 004,Clothing,3,146.15,436.92,2023-04-02,Lahore,1.52,Google Ads
ORD_01210,CUST_0377,PROD_029,Elite Device 029,Electronics,3,183.61,390.44,2024-03-15,Peshawar,160.4,Facebook
ORD_01210,CUST_0377,PROD_040,Basic Widget 040,Clothing,2,509.57,891.05,2024-03-15,Peshawar,128.09,Facebook
ORD_01210,CUST_0377,PROD_029,Elite Device 029,Electronics,3,189.23,549.46,2024-03-15,Peshawar,18.24,Facebook
ORD_01210,CUST_0377,PROD_012,Elite Widget 012,Sports,3,137.47,412.41,2024-03-15,Peshawar,0.0,Facebook
ORD_01211,CUST_0369,PROD_063,Basic Gadget 063,Beauty,2,224.1,448.21,2025-01-31,Multan,0.0,Facebook
ORD_01211,CUST_0369,PROD_054,Elite Tool 054,Clothing,1,56.02,56.02,2025-01-31,Multan,0.0,Facebook
ORD_01212,CUST_0087,PROD_017,Pro Gadget 017,Home & Kitchen,4,196.46,785.85,2023-06-17,Peshawar,0.0,Organic
ORD_01212,CUST_0087,PROD_058,Smart Tool 058,Clothing,1,217.53,171.61,2023-06-17,Peshawar,45.92,Organic
ORD_01212,CUST_0087,PROD_050,Basic Widget 050,Electronics,3,505.71,1083.52,2023-06-17,Peshawar,433.62,Organic
ORD_01213,CUST_0439,PROD_057,Pro Widget 057,Clothing,4,118.52,474.08,2023-05-14,Karachi,0.0,Email
ORD_01213,CUST_0439,PROD_035,Smart Widget 035,Toys,3,313.02,752.45,2023-05-14,Karachi,186.61,Email
ORD_01213,CUST_0439,PROD_075,Smart Widget 075,Beauty,1,350.59,350.59,2023-05-14,Karachi,0.0,Email
ORD_01214,CUST_0019,PROD_039,Premium Item 039,Toys,4,485.32,1868.15,2024-02-27,Peshawar,73.12,Email
ORD_01215,CUST_0161,PROD_040,Basic Widget 040,Clothing,1,406.28,406.28,2025-06-03,Peshawar,0.0,Google Ads
ORD_01215,CUST_0161,PROD_049,Premium Widget 049,Books,2,376.38,752.76,2025-06-03,Peshawar,0.0,Google Ads
ORD_01215,CUST_0161,PROD_044,Smart Tool 044,Clothing,4,529.08,1639.38,2025-06-03,Peshawar,476.94,Google Ads
ORD_01216,CUST_0084,PROD_003,Smart Widget 003,Sports,4,230.6,922.42,2024-01-01,Faisalabad,0.0,Google Ads
ORD_01216,CUST_0084,PROD_037,Basic Device 037,Toys,1,511.22,511.22,2024-01-01,Faisalabad,0.0,Google Ads
ORD_01216,CUST_0084,PROD_079,Premium Widget 079,Beauty,4,348.84,1395.36,2024-01-01,Faisalabad,0.0,Google Ads
ORD_01217,CUST_0042,PROD_001,Premium Widget 001,Books,4,129.33,517.31,2024-06-27,Rawalpindi,0.0,Google Ads
ORD_01217,CUST_0042,PROD_076,Smart Device 076,Home & Kitchen,3,468.09,1064.6,2024-06-27,Rawalpindi,339.68,Google Ads
ORD_01218,CUST_0371,PROD_076,Smart Device 076,Home & Kitchen,4,474.91,1668.74,2023-03-08,Faisalabad,230.89,Facebook
ORD_01218,CUST_0371,PROD_003,Smart Widget 003,Sports,3,246.8,519.84,2023-03-08,Faisalabad,220.56,Facebook
ORD_01218,CUST_0371,PROD_024,Elite Tool 024,Clothing,1,120.83,109.56,2023-03-08,Faisalabad,11.27,Facebook
ORD_01218,CUST_0371,PROD_036,Smart Device 036,Clothing,1,95.15,95.15,2023-03-08,Faisalabad,0.0,Facebook
ORD_01218,CUST_0371,PROD_004,Premium Widget 004,Clothing,1,134.33,134.33,2023-03-08,Faisalabad,0.0,Facebook
ORD_01219,CUST_0313,PROD_031,Smart Widget 031,Books,4,311.19,1005.06,2025-01-31,Rawalpindi,239.69,Organic
ORD_01219,CUST_0313,PROD_065,Premium Tool 065,Home & Kitchen,4,381.0,1524.02,2025-01-31,Rawalpindi,0.0,Organic
ORD_01219,CUST_0313,PROD_021,Premium Gadget 021,Toys,1,30.87,30.87,2025-01-31,Rawalpindi,0.0,Organic
ORD_01219,CUST_0313,PROD_077,Basic Item 077,Clothing,4,143.0,571.98,2025-01-31,Rawalpindi,0.0,Organic
ORD_01219,CUST_0313,PROD_078,Basic Item 078,Beauty,1,137.23,135.89,2025-01-31,Rawalpindi,1.34,Organic
ORD_01220,CUST_0007,PROD_031,Smart Widget 031,Books,1,399.5,399.5,2023-08-03,Rawalpindi,0.0,Organic
ORD_01220,CUST_0007,PROD_013,Smart Item 013,Sports,4,115.14,460.56,2023-08-03,Rawalpindi,0.0,Organic
ORD_01220,CUST_0007,PROD_006,Smart Tool 006,Clothing,1,265.51,195.09,2023-08-03,Rawalpindi,70.42,Organic
ORD_01221,CUST_0080,PROD_079,Premium Widget 079,Beauty,1,342.26,342.26,2025-02-17,Multan,0.0,Referral
ORD_01221,CUST_0080,PROD_075,Smart Widget 075,Beauty,3,377.99,854.52,2025-02-17,Multan,279.46,Referral
ORD_01221,CUST_0080,PROD_043,Elite Device 043,Clothing,3,163.45,479.02,2025-02-17,Multan,11.33,Referral
ORD_01222,CUST_0491,PROD_068,Basic Widget 068,Sports,2,401.07,802.13,2024-03-24,Lahore,0.0,Facebook
ORD_01222,CUST_0491,PROD_022,Pro Tool 022,Home & Kitchen,4,42.81,171.25,2024-03-24,Lahore,0.0,Facebook
ORD_01222,CUST_0491,PROD_018,Pro Widget 018,Sports,4,333.82,1335.3,2024-03-24,Lahore,0.0,Facebook
ORD_01223,CUST_0117,PROD_055,Elite Item 055,Beauty,1,215.88,215.88,2024-04-24,Rawalpindi,0.0,Organic
ORD_01224,CUST_0399,PROD_017,Pro Gadget 017,Home & Kitchen,2,197.1,324.65,2024-09-22,Peshawar,69.55,Google Ads
ORD_01224,CUST_0399,PROD_050,Basic Widget 050,Electronics,3,427.96,1077.64,2024-09-22,Peshawar,206.25,Google Ads
ORD_01224,CUST_0399,PROD_063,Basic Gadget 063,Beauty,3,281.43,844.3,2024-09-22,Peshawar,0.0,Google Ads
ORD_01224,CUST_0399,PROD_054,Elite Tool 054,Clothing,1,65.21,65.21,2024-09-22,Peshawar,0.0,Google Ads
ORD_01225,CUST_0409,PROD_071,Premium Device 071,Electronics,3,475.75,1427.25,2023-10-21,Karachi,0.0,Referral
ORD_01225,CUST_0409,PROD_065,Premium Tool 065,Home & Kitchen,1,373.93,298.87,2023-10-21,Karachi,75.06,Referral
ORD_01225,CUST_0409,PROD_038,Premium Device 038,Home & Kitchen,2,279.19,558.38,2023-10-21,Karachi,0.0,Referral
ORD_01225,CUST_0409,PROD_051,Premium Device 051,Clothing,2,126.67,223.64,2023-10-21,Karachi,29.69,Referral
ORD_01225,CUST_0409,PROD_005,Smart Widget 005,Sports,4,111.83,373.32,2023-10-21,Karachi,74.01,Referral
ORD_01226,CUST_0434,PROD_061,Smart Widget 061,Electronics,1,314.91,314.91,2024-04-11,Rawalpindi,0.0,Referral
ORD_01226,CUST_0434,PROD_046,Pro Tool 046,Sports,1,225.4,208.77,2024-04-11,Rawalpindi,16.63,Referral
ORD_01226,CUST_0434,PROD_047,Basic Gadget 047,Electronics,2,146.81,293.63,2024-04-11,Rawalpindi,0.0,Referral
ORD_01227,CUST_0060,PROD_050,Basic Widget 050,Electronics,1,345.74,323.17,2025-05-08,Islamabad,22.57,Google Ads
ORD_01227,CUST_0060,PROD_047,Basic Gadget 047,Electronics,1,209.33,168.59,2025-05-08,Islamabad,40.74,Google Ads
ORD_01227,CUST_0060,PROD_034,Premium Item 034,Sports,2,349.94,699.88,2025-05-08,Islamabad,0.0,Google Ads
ORD_01227,CUST_0060,PROD_015,Pro Widget 015,Toys,2,127.94,255.87,2025-05-08,Islamabad,0.0,Google Ads
ORD_01228,CUST_0438,PROD_004,Premium Widget 004,Clothing,1,114.15,114.15,2023-10-27,Karachi,0.0,Google Ads
ORD_01228,CUST_0438,PROD_055,Elite Item 055,Beauty,1,238.0,238.0,2023-10-27,Karachi,0.0,Google Ads
ORD_01228,CUST_0438,PROD_030,Smart Tool 030,Sports,1,114.4,114.4,2023-10-27,Karachi,0.0,Google Ads
ORD_01228,CUST_0438,PROD_010,Pro Item 010,Sports,4,138.29,553.18,2023-10-27,Karachi,0.0,Google Ads
ORD_01228,CUST_0438,PROD_071,Premium Device 071,Electronics,4,461.04,1844.16,2023-10-27,Karachi,0.0,Google Ads
ORD_01229,CUST_0407,PROD_043,Elite Device 043,Clothing,2,129.24,258.48,2023-09-08,Multan,0.0,Email
ORD_01229,CUST_0407,PROD_001,Premium Widget 001,Books,3,116.8,350.39,2023-09-08,Multan,0.0,Email
ORD_01230,CUST_0390,PROD_020,Pro Device 020,Clothing,4,346.23,1057.84,2023-10-10,Rawalpindi,327.08,Facebook
ORD_01230,CUST_0390,PROD_016,Premium Tool 016,Home & Kitchen,3,229.61,688.84,2023-10-10,Rawalpindi,0.0,Facebook
ORD_01230,CUST_0390,PROD_042,Premium Device 042,Toys,1,61.22,44.58,2023-10-10,Rawalpindi,16.64,Facebook
ORD_01230,CUST_0390,PROD_064,Basic Tool 064,Electronics,3,101.81,305.43,2023-10-10,Rawalpindi,0.0,Facebook
ORD_01231,CUST_0304,PROD_013,Smart Item 013,Sports,3,98.48,295.44,2024-01-17,Rawalpindi,0.0,Email
ORD_01231,CUST_0304,PROD_006,Smart Tool 006,Clothing,4,198.89,791.05,2024-01-17,Rawalpindi,4.5,Email
ORD_01231,CUST_0304,PROD_038,Premium Device 038,Home & Kitchen,3,242.95,512.2,2024-01-17,Rawalpindi,216.64,Email
ORD_01231,CUST_0304,PROD_036,Smart Device 036,Clothing,4,94.17,376.66,2024-01-17,Rawalpindi,0.0,Email
ORD_01231,CUST_0304,PROD_005,Smart Widget 005,Sports,3,88.72,266.17,2024-01-17,Rawalpindi,0.0,Email
ORD_01232,CUST_0236,PROD_060,Premium Tool 060,Toys,1,408.15,315.74,2023-07-28,Peshawar,92.41,Email
ORD_01233,CUST_0247,PROD_008,Elite Item 008,Home & Kitchen,2,72.31,144.62,2024-06-28,Rawalpindi,0.0,Referral
ORD_01233,CUST_0247,PROD_030,Smart Tool 030,Sports,1,147.91,134.75,2024-06-28,Rawalpindi,13.16,Referral
ORD_01234,CUST_0038,PROD_059,Pro Tool 059,Clothing,2,418.03,836.07,2025-05-10,Faisalabad,0.0,Facebook
ORD_01234,CUST_0038,PROD_023,Smart Item 023,Clothing,3,299.31,713.34,2025-05-10,Faisalabad,184.59,Facebook
ORD_01234,CUST_0038,PROD_052,Elite Gadget 052,Sports,2,86.61,173.22,2025-05-10,Faisalabad,0.0,Facebook
ORD_01235,CUST_0265,PROD_054,Elite Tool 054,Clothing,4,50.61,202.45,2025-05-03,Karachi,0.0,Instagram
ORD_01235,CUST_0265,PROD_049,Premium Widget 049,Books,2,273.76,406.31,2025-05-03,Karachi,141.2,Instagram
ORD_01235,CUST_0265,PROD_027,Basic Gadget 027,Sports,3,222.43,667.3,2025-05-03,Karachi,0.0,Instagram
ORD_01236,CUST_0472,PROD_018,Pro Widget 018,Sports,3,334.47,1003.4,2024-02-15,Rawalpindi,0.0,Referral
ORD_01236,CUST_0472,PROD_068,Basic Widget 068,Sports,4,403.42,1319.64,2024-02-15,Rawalpindi,294.03,Referral
ORD_01236,CUST_0472,PROD_053,Smart Device 053,Beauty,1,144.42,144.42,2024-02-15,Rawalpindi,0.0,Referral
ORD_01236,CUST_0472,PROD_067,Smart Tool 067,Clothing,4,106.81,427.26,2024-02-15,Rawalpindi,0.0,Referral
ORD_01237,CUST_0030,PROD_031,Smart Widget 031,Books,3,291.4,693.94,2024-12-11,Peshawar,180.25,Facebook
ORD_01237,CUST_0030,PROD_078,Basic Item 078,Beauty,2,163.23,326.46,2024-12-11,Peshawar,0.0,Facebook
ORD_01237,CUST_0030,PROD_011,Premium Tool 011,Sports,3,73.9,221.69,2024-12-11,Peshawar,0.0,Facebook
ORD_01238,CUST_0488,PROD_042,Premium Device 042,Toys,4,70.19,238.65,2023-09-21,Islamabad,42.13,Google Ads
ORD_01239,CUST_0452,PROD_045,Basic Item 045,Beauty,3,429.7,1062.22,2024-04-19,Multan,226.89,Facebook
ORD_01239,CUST_0452,PROD_004,Premium Widget 004,Clothing,2,140.43,280.85,2024-04-19,Multan,0.0,Facebook
ORD_01239,CUST_0452,PROD_019,Smart Gadget 019,Clothing,2,234.32,363.25,2024-04-19,Multan,105.39,Facebook
ORD_01239,CUST_0452,PROD_017,Pro Gadget 017,Home & Kitchen,4,200.92,803.66,2024-04-19,Multan,0.0,Facebook
ORD_01240,CUST_0362,PROD_062,Smart Widget 062,Electronics,1,390.88,390.88,2023-06-30,Multan,0.0,Google Ads
ORD_01240,CUST_0362,PROD_060,Premium Tool 060,Toys,3,458.2,1374.6,2023-06-30,Multan,0.0,Google Ads
ORD_01241,CUST_0311,PROD_022,Pro Tool 022,Home & Kitchen,1,47.17,47.17,2023-05-04,Karachi,0.0,Instagram
ORD_01241,CUST_0311,PROD_070,Elite Device 070,Toys,3,228.53,685.58,2023-05-04,Karachi,0.0,Instagram
ORD_01241,CUST_0311,PROD_071,Premium Device 071,Electronics,4,440.34,1761.35,2023-05-04,Karachi,0.0,Instagram
ORD_01241,CUST_0311,PROD_048,Smart Device 048,Clothing,2,350.85,500.58,2023-05-04,Karachi,201.11,Instagram
ORD_01242,CUST_0005,PROD_024,Elite Tool 024,Clothing,1,162.07,113.7,2023-08-01,Peshawar,48.37,Google Ads
ORD_01242,CUST_0005,PROD_073,Basic Tool 073,Electronics,1,395.14,363.59,2023-08-01,Peshawar,31.55,Google Ads
ORD_01242,CUST_0005,PROD_051,Premium Device 051,Clothing,3,146.18,438.55,2023-08-01,Peshawar,0.0,Google Ads
ORD_01242,CUST_0005,PROD_055,Elite Item 055,Beauty,1,242.59,242.59,2023-08-01,Peshawar,0.0,Google Ads
ORD_01242,CUST_0005,PROD_003,Smart Widget 003,Sports,2,243.29,486.58,2023-08-01,Peshawar,0.0,Google Ads
ORD_01243,CUST_0474,PROD_044,Smart Tool 044,Clothing,1,547.29,547.29,2023-07-18,Peshawar,0.0,Organic
ORD_01243,CUST_0474,PROD_026,Smart Tool 026,Sports,2,179.77,339.74,2023-07-18,Peshawar,19.8,Organic
ORD_01243,CUST_0474,PROD_036,Smart Device 036,Clothing,4,87.52,259.46,2023-07-18,Peshawar,90.64,Organic
ORD_01243,CUST_0474,PROD_057,Pro Widget 057,Clothing,2,106.51,185.32,2023-07-18,Peshawar,27.69,Organic
ORD_01244,CUST_0124,PROD_073,Basic Tool 073,Electronics,1,516.9,466.49,2024-07-22,Faisalabad,50.41,Google Ads
ORD_01245,CUST_0032,PROD_079,Premium Widget 079,Beauty,3,265.17,619.34,2023-06-10,Faisalabad,176.16,Referral
ORD_01245,CUST_0032,PROD_029,Elite Device 029,Electronics,2,195.52,391.05,2023-06-10,Faisalabad,0.0,Referral
ORD_01245,CUST_0032,PROD_064,Basic Tool 064,Electronics,2,92.15,184.31,2023-06-10,Faisalabad,0.0,Referral
ORD_01246,CUST_0459,PROD_029,Elite Device 029,Electronics,3,210.63,631.89,2024-08-09,Peshawar,0.0,Instagram
ORD_01247,CUST_0396,PROD_056,Premium Widget 056,Electronics,4,203.35,612.31,2024-07-30,Karachi,201.08,Google Ads
ORD_01247,CUST_0396,PROD_059,Pro Tool 059,Clothing,2,447.79,895.58,2024-07-30,Karachi,0.0,Google Ads
ORD_01247,CUST_0396,PROD_027,Basic Gadget 027,Sports,4,228.13,751.99,2024-07-30,Karachi,160.52,Google Ads
ORD_01247,CUST_0396,PROD_003,Smart Widget 003,Sports,4,236.05,944.22,2024-07-30,Karachi,0.0,Google Ads
ORD_01248,CUST_0280,PROD_054,Elite Tool 054,Clothing,4,67.32,200.9,2024-03-21,Peshawar,68.39,Organic
ORD_01248,CUST_0280,PROD_003,Smart Widget 003,Sports,2,177.26,354.52,2024-03-21,Peshawar,0.0,Organic
ORD_01248,CUST_0280,PROD_014,Premium Widget 014,Books,2,126.29,252.59,2024-03-21,Peshawar,0.0,Organic
ORD_01249,CUST_0396,PROD_031,Smart Widget 031,Books,1,331.12,331.12,2023-03-21,Peshawar,0.0,Facebook
ORD_01249,CUST_0396,PROD_005,Smart Widget 005,Sports,2,93.39,186.79,2023-03-21,Peshawar,0.0,Facebook
ORD_01249,CUST_0396,PROD_025,Basic Device 025,Sports,2,122.44,244.88,2023-03-21,Peshawar,0.0,Facebook
ORD_01250,CUST_0086,PROD_020,Pro Device 020,Clothing,3,401.54,1080.29,2023-09-08,Karachi,124.34,Organic
ORD_01250,CUST_0086,PROD_008,Elite Item 008,Home & Kitchen,1,90.25,63.46,2023-09-08,Karachi,26.79,Organic
ORD_01250,CUST_0086,PROD_037,Basic Device 037,Toys,3,516.73,1534.66,2023-09-08,Karachi,15.53,Organic
ORD_01251,CUST_0438,PROD_072,Premium Device 072,Electronics,3,367.46,1102.37,2024-02-19,Faisalabad,0.0,Email
ORD_01251,CUST_0438,PROD_025,Basic Device 025,Sports,2,121.69,243.38,2024-02-19,Faisalabad,0.0,Email
ORD_01251,CUST_0438,PROD_032,Smart Item 032,Toys,4,378.4,1513.61,2024-02-19,Faisalabad,0.0,Email
ORD_01251,CUST_0438,PROD_017,Pro Gadget 017,Home & Kitchen,1,207.04,207.04,2024-02-19,Faisalabad,0.0,Email
ORD_01251,CUST_0438,PROD_073,Basic Tool 073,Electronics,2,400.19,611.01,2024-02-19,Faisalabad,189.37,Email
ORD_01252,CUST_0386,PROD_008,Elite Item 008,Home & Kitchen,4,95.83,338.16,2023-10-04,Lahore,45.18,Email
ORD_01253,CUST_0465,PROD_018,Pro Widget 018,Sports,1,272.06,272.06,2025-06-14,Faisalabad,0.0,Email
ORD_01253,CUST_0465,PROD_064,Basic Tool 064,Electronics,4,79.72,318.88,2025-06-14,Faisalabad,0.0,Email
ORD_01253,CUST_0465,PROD_040,Basic Widget 040,Clothing,3,401.1,1203.31,2025-06-14,Faisalabad,0.0,Email
ORD_01253,CUST_0465,PROD_002,Basic Gadget 002,Books,4,52.57,193.34,2025-06-14,Faisalabad,16.92,Email
ORD_01253,CUST_0465,PROD_012,Elite Widget 012,Sports,2,178.35,356.7,2025-06-14,Faisalabad,0.0,Email
ORD_01254,CUST_0408,PROD_051,Premium Device 051,Clothing,4,121.61,486.45,2023-04-11,Lahore,0.0,Google Ads
ORD_01254,CUST_0408,PROD_062,Smart Widget 062,Electronics,3,414.21,1242.63,2023-04-11,Lahore,0.0,Google Ads
ORD_01254,CUST_0408,PROD_055,Elite Item 055,Beauty,3,209.19,627.58,2023-04-11,Lahore,0.0,Google Ads
ORD_01254,CUST_0408,PROD_066,Elite Item 066,Beauty,4,316.46,1265.84,2023-04-11,Lahore,0.0,Google Ads
ORD_01254,CUST_0408,PROD_019,Smart Gadget 019,Clothing,1,273.44,273.44,2023-04-11,Lahore,0.0,Google Ads
ORD_01255,CUST_0230,PROD_074,Smart Gadget 074,Sports,2,320.58,467.58,2025-04-08,Karachi,173.57,Organic
ORD_01255,CUST_0230,PROD_041,Premium Widget 041,Books,2,225.36,450.72,2025-04-08,Karachi,0.0,Organic
ORD_01256,CUST_0362,PROD_030,Smart Tool 030,Sports,3,125.45,376.34,2023-04-19,Islamabad,0.0,Referral
ORD_01257,CUST_0139,PROD_014,Premium Widget 014,Books,3,108.91,276.0,2023-08-03,Karachi,50.72,Email
ORD_01257,CUST_0139,PROD_057,Pro Widget 057,Clothing,4,121.22,484.88,2023-08-03,Karachi,0.0,Email
ORD_01258,CUST_0072,PROD_048,Smart Device 048,Clothing,3,341.3,1023.89,2023-09-25,Faisalabad,0.0,Google Ads
ORD_01258,CUST_0072,PROD_012,Elite Widget 012,Sports,2,166.46,332.91,2023-09-25,Faisalabad,0.0,Google Ads
ORD_01258,CUST_0072,PROD_042,Premium Device 042,Toys,1,74.22,52.64,2023-09-25,Faisalabad,21.58,Google Ads
ORD_01258,CUST_0072,PROD_039,Premium Item 039,Toys,4,404.13,1616.51,2023-09-25,Faisalabad,0.0,Google Ads
ORD_01259,CUST_0325,PROD_031,Smart Widget 031,Books,2,376.07,655.11,2024-01-27,Lahore,97.02,Google Ads
ORD_01259,CUST_0325,PROD_013,Smart Item 013,Sports,3,119.75,341.38,2024-01-27,Lahore,17.88,Google Ads
ORD_01259,CUST_0325,PROD_060,Premium Tool 060,Toys,3,511.57,1534.7,2024-01-27,Lahore,0.0,Google Ads
ORD_01259,CUST_0325,PROD_067,Smart Tool 067,Clothing,3,108.68,290.89,2024-01-27,Lahore,35.14,Google Ads
ORD_01259,CUST_0325,PROD_068,Basic Widget 068,Sports,2,419.35,838.7,2024-01-27,Lahore,0.0,Google Ads
ORD_01260,CUST_0499,PROD_062,Smart Widget 062,Electronics,2,446.2,892.41,2025-03-04,Multan,0.0,Instagram
ORD_01260,CUST_0499,PROD_066,Elite Item 066,Beauty,3,336.98,1010.94,2025-03-04,Multan,0.0,Instagram
ORD_01260,CUST_0499,PROD_075,Smart Widget 075,Beauty,2,313.83,465.3,2025-03-04,Multan,162.36,Instagram
ORD_01261,CUST_0327,PROD_011,Premium Tool 011,Sports,4,61.73,246.93,2025-06-14,Multan,0.0,Facebook
ORD_01261,CUST_0327,PROD_024,Elite Tool 024,Clothing,3,112.31,336.94,2025-06-14,Multan,0.0,Facebook
ORD_01261,CUST_0327,PROD_024,Elite Tool 024,Clothing,3,152.61,370.53,2025-06-14,Multan,87.31,Facebook
ORD_01262,CUST_0087,PROD_071,Premium Device 071,Electronics,4,373.97,1100.6,2025-02-14,Rawalpindi,395.28,Google Ads
ORD_01262,CUST_0087,PROD_002,Basic Gadget 002,Books,1,68.68,68.68,2025-02-14,Rawalpindi,0.0,Google Ads
ORD_01262,CUST_0087,PROD_021,Premium Gadget 021,Toys,2,30.07,60.15,2025-02-14,Rawalpindi,0.0,Google Ads
ORD_01263,CUST_0292,PROD_002,Basic Gadget 002,Books,4,57.68,200.02,2024-08-10,Faisalabad,30.69,Organic
ORD_01263,CUST_0292,PROD_018,Pro Widget 018,Sports,4,308.1,1232.41,2024-08-10,Faisalabad,0.0,Organic
ORD_01264,CUST_0426,PROD_056,Premium Widget 056,Electronics,2,181.17,362.34,2023-12-17,Faisalabad,0.0,Facebook
ORD_01265,CUST_0146,PROD_030,Smart Tool 030,Sports,1,109.21,90.37,2024-10-24,Karachi,18.84,Referral
ORD_01266,CUST_0126,PROD_023,Smart Item 023,Clothing,2,286.16,556.25,2024-01-15,Faisalabad,16.08,Email
ORD_01266,CUST_0126,PROD_076,Smart Device 076,Home & Kitchen,2,445.98,891.96,2024-01-15,Faisalabad,0.0,Email
ORD_01267,CUST_0024,PROD_060,Premium Tool 060,Toys,4,459.55,1838.21,2024-03-05,Faisalabad,0.0,Google Ads
ORD_01268,CUST_0144,PROD_054,Elite Tool 054,Clothing,1,55.64,55.64,2024-02-14,Multan,0.0,Referral
ORD_01269,CUST_0067,PROD_068,Basic Widget 068,Sports,3,297.94,893.81,2024-02-05,Lahore,0.0,Referral
ORD_01269,CUST_0067,PROD_030,Smart Tool 030,Sports,4,115.79,463.17,2024-02-05,Lahore,0.0,Referral
ORD_01269,CUST_0067,PROD_012,Elite Widget 012,Sports,4,173.71,516.11,2024-02-05,Lahore,178.72,Referral
ORD_01270,CUST_0345,PROD_053,Smart Device 053,Beauty,1,103.9,84.66,2023-04-24,Peshawar,19.24,Google Ads
ORD_01270,CUST_0345,PROD_037,Basic Device 037,Toys,1,547.92,547.92,2023-04-24,Peshawar,0.0,Google Ads
ORD_01271,CUST_0481,PROD_036,Smart Device 036,Clothing,3,71.86,185.84,2023-07-24,Rawalpindi,29.74,Facebook
ORD_01272,CUST_0238,PROD_062,Smart Widget 062,Electronics,4,537.09,1876.37,2024-04-26,Faisalabad,271.98,Facebook
ORD_01272,CUST_0238,PROD_027,Basic Gadget 027,Sports,3,262.34,787.01,2024-04-26,Faisalabad,0.0,Facebook
ORD_01272,CUST_0238,PROD_006,Smart Tool 006,Clothing,3,265.09,682.32,2024-04-26,Faisalabad,112.94,Facebook
ORD_01272,CUST_0238,PROD_044,Smart Tool 044,Clothing,1,467.33,467.33,2024-04-26,Faisalabad,0.0,Facebook
ORD_01273,CUST_0045,PROD_073,Basic Tool 073,Electronics,2,409.62,809.11,2025-05-05,Faisalabad,10.12,Email
ORD_01273,CUST_0045,PROD_022,Pro Tool 022,Home & Kitchen,3,43.45,130.36,2025-05-05,Faisalabad,0.0,Email
ORD_01273,CUST_0045,PROD_035,Smart Widget 035,Toys,3,262.96,788.89,2025-05-05,Faisalabad,0.0,Email
ORD_01273,CUST_0045,PROD_029,Elite Device 029,Electronics,3,186.26,425.32,2025-05-05,Faisalabad,133.46,Email
ORD_01274,CUST_0257,PROD_058,Smart Tool 058,Clothing,1,187.72,144.2,2025-04-23,Faisalabad,43.52,Facebook
ORD_01274,CUST_0257,PROD_048,Smart Device 048,Clothing,2,283.84,496.49,2025-04-23,Faisalabad,71.19,Facebook
ORD_01274,CUST_0257,PROD_073,Basic Tool 073,Electronics,1,430.06,430.06,2025-04-23,Faisalabad,0.0,Facebook
ORD_01274,CUST_0257,PROD_026,Smart Tool 026,Sports,4,224.96,899.84,2025-04-23,Faisalabad,0.0,Facebook
ORD_01275,CUST_0335,PROD_030,Smart Tool 030,Sports,3,139.89,419.68,2023-01-13,Faisalabad,0.0,Facebook
ORD_01276,CUST_0380,PROD_036,Smart Device 036,Clothing,2,78.82,157.64,2023-10-02,Karachi,0.0,Instagram
ORD_01276,CUST_0380,PROD_003,Smart Widget 003,Sports,1,223.81,223.81,2023-10-02,Karachi,0.0,Instagram
ORD_01277,CUST_0274,PROD_007,Pro Widget 007,Toys,3,403.02,1060.15,2023-03-21,Multan,148.92,Instagram
ORD_01277,CUST_0274,PROD_013,Smart Item 013,Sports,3,92.64,277.91,2023-03-21,Multan,0.0,Instagram
ORD_01277,CUST_0274,PROD_067,Smart Tool 067,Clothing,3,93.81,281.43,2023-03-21,Multan,0.0,Instagram
ORD_01278,CUST_0203,PROD_058,Smart Tool 058,Clothing,3,249.53,748.59,2025-01-15,Karachi,0.0,Email
ORD_01278,CUST_0203,PROD_054,Elite Tool 054,Clothing,4,47.93,148.29,2025-01-15,Karachi,43.43,Email
ORD_01278,CUST_0203,PROD_052,Elite Gadget 052,Sports,1,70.87,70.87,2025-01-15,Karachi,0.0,Email
ORD_01278,CUST_0203,PROD_012,Elite Widget 012,Sports,3,173.11,430.34,2025-01-15,Karachi,89.0,Email
ORD_01279,CUST_0481,PROD_022,Pro Tool 022,Home & Kitchen,1,34.13,34.13,2023-03-03,Rawalpindi,0.0,Instagram
ORD_01279,CUST_0481,PROD_043,Elite Device 043,Clothing,1,150.93,113.0,2023-03-03,Rawalpindi,37.93,Instagram
ORD_01280,CUST_0198,PROD_053,Smart Device 053,Beauty,4,104.97,391.18,2023-01-21,Lahore,28.71,Facebook
ORD_01280,CUST_0198,PROD_032,Smart Item 032,Toys,4,293.87,1175.47,2023-01-21,Lahore,0.0,Facebook
ORD_01280,CUST_0198,PROD_066,Elite Item 066,Beauty,2,310.75,621.51,2023-01-21,Lahore,0.0,Facebook
ORD_01281,CUST_0331,PROD_061,Smart Widget 061,Electronics,1,335.88,335.88,2024-03-26,Karachi,0.0,Instagram
ORD_01281,CUST_0331,PROD_024,Elite Tool 024,Clothing,4,134.78,391.73,2024-03-26,Karachi,147.37,Instagram
ORD_01282,CUST_0329,PROD_066,Elite Item 066,Beauty,4,352.47,1409.86,2023-10-15,Faisalabad,0.0,Organic
ORD_01283,CUST_0169,PROD_077,Basic Item 077,Clothing,1,133.83,110.84,2023-08-12,Peshawar,22.99,Facebook
ORD_01283,CUST_0169,PROD_027,Basic Gadget 027,Sports,3,269.92,809.77,2023-08-12,Peshawar,0.0,Facebook
ORD_01283,CUST_0169,PROD_066,Elite Item 066,Beauty,4,419.83,1679.31,2023-08-12,Peshawar,0.0,Facebook
ORD_01283,CUST_0169,PROD_041,Premium Widget 041,Books,3,282.7,686.07,2023-08-12,Peshawar,162.02,Facebook
ORD_01283,CUST_0169,PROD_074,Smart Gadget 074,Sports,2,257.8,515.6,2023-08-12,Peshawar,0.0,Facebook
ORD_01284,CUST_0234,PROD_055,Elite Item 055,Beauty,1,215.25,215.25,2023-03-02,Multan,0.0,Email
ORD_01284,CUST_0234,PROD_057,Pro Widget 057,Clothing,1,100.02,100.02,2023-03-02,Multan,0.0,Email
ORD_01284,CUST_0234,PROD_008,Elite Item 008,Home & Kitchen,1,82.81,82.81,2023-03-02,Multan,0.0,Email
ORD_01285,CUST_0477,PROD_075,Smart Widget 075,Beauty,2,367.54,735.09,2024-11-23,Rawalpindi,0.0,Google Ads
ORD_01286,CUST_0316,PROD_021,Premium Gadget 021,Toys,4,21.82,87.28,2023-03-24,Peshawar,0.0,Email
ORD_01286,CUST_0316,PROD_042,Premium Device 042,Toys,2,79.43,158.86,2023-03-24,Peshawar,0.0,Email
ORD_01286,CUST_0316,PROD_012,Elite Widget 012,Sports,4,168.26,565.24,2023-03-24,Peshawar,107.8,Email
ORD_01286,CUST_0316,PROD_040,Basic Widget 040,Clothing,3,382.4,1147.19,2023-03-24,Peshawar,0.0,Email
ORD_01286,CUST_0316,PROD_021,Premium Gadget 021,Toys,1,22.71,19.06,2023-03-24,Peshawar,3.65,Email
ORD_01287,CUST_0489,PROD_031,Smart Widget 031,Books,3,334.46,822.32,2024-11-11,Karachi,181.06,Referral
ORD_01287,CUST_0489,PROD_003,Smart Widget 003,Sports,1,197.86,161.62,2024-11-11,Karachi,36.24,Referral
ORD_01288,CUST_0215,PROD_023,Smart Item 023,Clothing,1,346.65,300.98,2024-04-05,Rawalpindi,45.67,Email
ORD_01289,CUST_0002,PROD_021,Premium Gadget 021,Toys,3,22.97,53.57,2024-01-12,Faisalabad,15.35,Email
ORD_01289,CUST_0002,PROD_036,Smart Device 036,Clothing,2,95.47,146.11,2024-01-12,Faisalabad,44.84,Email
ORD_01289,CUST_0002,PROD_010,Pro Item 010,Sports,4,152.17,608.67,2024-01-12,Faisalabad,0.0,Email
ORD_01290,CUST_0242,PROD_049,Premium Widget 049,Books,3,340.1,915.08,2024-05-29,Rawalpindi,105.21,Referral
ORD_01291,CUST_0331,PROD_014,Premium Widget 014,Books,4,128.99,515.98,2024-06-24,Peshawar,0.0,Organic
ORD_01291,CUST_0331,PROD_075,Smart Widget 075,Beauty,2,385.41,749.29,2024-06-24,Peshawar,21.54,Organic
ORD_01291,CUST_0331,PROD_001,Premium Widget 001,Books,2,170.21,328.73,2024-06-24,Peshawar,11.69,Organic
ORD_01291,CUST_0331,PROD_007,Pro Widget 007,Toys,2,390.64,781.28,2024-06-24,Peshawar,0.0,Organic
ORD_01291,CUST_0331,PROD_058,Smart Tool 058,Clothing,1,191.02,191.02,2024-06-24,Peshawar,0.0,Organic
ORD_01292,CUST_0277,PROD_059,Pro Tool 059,Clothing,2,421.33,842.66,2023-02-02,Multan,0.0,Organic
ORD_01292,CUST_0277,PROD_077,Basic Item 077,Clothing,4,142.97,439.7,2023-02-02,Multan,132.17,Organic
ORD_01292,CUST_0277,PROD_039,Premium Item 039,Toys,3,446.22,1338.66,2023-02-02,Multan,0.0,Organic
ORD_01292,CUST_0277,PROD_003,Smart Widget 003,Sports,4,186.16,744.65,2023-02-02,Multan,0.0,Organic
ORD_01292,CUST_0277,PROD_075,Smart Widget 075,Beauty,3,392.08,1176.23,2023-02-02,Multan,0.0,Organic
ORD_01293,CUST_0332,PROD_054,Elite Tool 054,Clothing,1,54.49,54.49,2024-04-23,Karachi,0.0,Organic
ORD_01293,CUST_0332,PROD_015,Pro Widget 015,Toys,4,141.87,567.46,2024-04-23,Karachi,0.0,Organic
ORD_01293,CUST_0332,PROD_061,Smart Widget 061,Electronics,4,315.3,1261.21,2024-04-23,Karachi,0.0,Organic
ORD_01294,CUST_0017,PROD_031,Smart Widget 031,Books,1,356.8,270.69,2024-06-27,Peshawar,86.11,Organic
ORD_01294,CUST_0017,PROD_054,Elite Tool 054,Clothing,2,60.1,110.08,2024-06-27,Peshawar,10.12,Organic
ORD_01295,CUST_0112,PROD_024,Elite Tool 024,Clothing,3,130.51,391.53,2023-11-30,Rawalpindi,0.0,Referral
ORD_01295,CUST_0112,PROD_063,Basic Gadget 063,Beauty,1,206.42,206.42,2023-11-30,Rawalpindi,0.0,Referral
ORD_01295,CUST_0112,PROD_038,Premium Device 038,Home & Kitchen,2,229.29,407.14,2023-11-30,Rawalpindi,51.44,Referral
ORD_01295,CUST_0112,PROD_053,Smart Device 053,Beauty,1,133.49,127.23,2023-11-30,Rawalpindi,6.26,Referral
ORD_01295,CUST_0112,PROD_029,Elite Device 029,Electronics,4,187.76,751.03,2023-11-30,Rawalpindi,0.0,Referral
ORD_01296,CUST_0283,PROD_008,Elite Item 008,Home & Kitchen,2,89.97,155.72,2023-09-30,Rawalpindi,24.23,Instagram
ORD_01296,CUST_0283,PROD_017,Pro Gadget 017,Home & Kitchen,3,165.1,495.31,2023-09-30,Rawalpindi,0.0,Instagram
ORD_01296,CUST_0283,PROD_040,Basic Widget 040,Clothing,1,414.15,414.15,2023-09-30,Rawalpindi,0.0,Instagram
ORD_01296,CUST_0283,PROD_055,Elite Item 055,Beauty,3,211.54,634.63,2023-09-30,Rawalpindi,0.0,Instagram
ORD_01296,CUST_0283,PROD_069,Premium Item 069,Electronics,4,38.58,141.42,2023-09-30,Rawalpindi,12.89,Instagram
ORD_01297,CUST_0009,PROD_035,Smart Widget 035,Toys,2,268.16,444.62,2023-09-06,Peshawar,91.7,Referral
ORD_01297,CUST_0009,PROD_064,Basic Tool 064,Electronics,2,91.31,182.63,2023-09-06,Peshawar,0.0,Referral
ORD_01297,CUST_0009,PROD_052,Elite Gadget 052,Sports,4,64.42,257.69,2023-09-06,Peshawar,0.0,Referral
ORD_01297,CUST_0009,PROD_017,Pro Gadget 017,Home & Kitchen,2,178.77,357.54,2023-09-06,Peshawar,0.0,Referral
ORD_01298,CUST_0414,PROD_068,Basic Widget 068,Sports,4,338.45,1353.82,2024-04-19,Peshawar,0.0,Email
ORD_01298,CUST_0414,PROD_048,Smart Device 048,Clothing,3,306.33,918.99,2024-04-19,Peshawar,0.0,Email
ORD_01298,CUST_0414,PROD_023,Smart Item 023,Clothing,2,364.08,687.52,2024-04-19,Peshawar,40.63,Email
ORD_01298,CUST_0414,PROD_068,Basic Widget 068,Sports,4,323.75,1076.03,2024-04-19,Peshawar,218.99,Email
ORD_01298,CUST_0414,PROD_017,Pro Gadget 017,Home & Kitchen,1,175.53,175.53,2024-04-19,Peshawar,0.0,Email
ORD_01299,CUST_0495,PROD_023,Smart Item 023,Clothing,2,383.16,766.31,2024-04-09,Faisalabad,0.0,Instagram
ORD_01299,CUST_0495,PROD_076,Smart Device 076,Home & Kitchen,2,484.48,738.99,2024-04-09,Faisalabad,229.97,Instagram
ORD_01299,CUST_0495,PROD_071,Premium Device 071,Electronics,2,378.52,590.16,2024-04-09,Faisalabad,166.88,Instagram
ORD_01299,CUST_0495,PROD_052,Elite Gadget 052,Sports,4,81.12,324.48,2024-04-09,Faisalabad,0.0,Instagram
ORD_01299,CUST_0495,PROD_024,Elite Tool 024,Clothing,3,163.07,489.21,2024-04-09,Faisalabad,0.0,Instagram
ORD_01300,CUST_0155,PROD_023,Smart Item 023,Clothing,1,334.24,309.02,2023-05-05,Islamabad,25.22,Email
ORD_01300,CUST_0155,PROD_078,Basic Item 078,Beauty,2,138.25,276.51,2023-05-05,Islamabad,0.0,Email
ORD_01301,CUST_0271,PROD_011,Premium Tool 011,Sports,2,85.14,170.27,2025-02-02,Peshawar,0.0,Email
ORD_01301,CUST_0271,PROD_004,Premium Widget 004,Clothing,1,143.68,143.68,2025-02-02,Peshawar,0.0,Email
ORD_01302,CUST_0026,PROD_079,Premium Widget 079,Beauty,1,371.78,371.78,2024-10-30,Rawalpindi,0.0,Google Ads
ORD_01302,CUST_0026,PROD_030,Smart Tool 030,Sports,1,152.94,127.06,2024-10-30,Rawalpindi,25.88,Google Ads
ORD_01302,CUST_0026,PROD_028,Premium Widget 028,Clothing,3,268.97,806.91,2024-10-30,Rawalpindi,0.0,Google Ads
ORD_01302,CUST_0026,PROD_074,Smart Gadget 074,Sports,4,279.78,835.9,2024-10-30,Rawalpindi,283.24,Google Ads
ORD_01303,CUST_0241,PROD_070,Elite Device 070,Toys,4,285.86,1011.81,2023-05-16,Faisalabad,131.64,Email
ORD_01304,CUST_0082,PROD_043,Elite Device 043,Clothing,2,115.02,230.03,2025-01-30,Islamabad,0.0,Organic
ORD_01304,CUST_0082,PROD_044,Smart Tool 044,Clothing,2,377.9,530.57,2025-01-30,Islamabad,225.23,Organic
ORD_01305,CUST_0220,PROD_072,Premium Device 072,Electronics,4,289.74,832.07,2024-09-15,Faisalabad,326.88,Facebook
ORD_01306,CUST_0424,PROD_048,Smart Device 048,Clothing,4,302.39,1178.65,2025-03-06,Peshawar,30.91,Organic
ORD_01306,CUST_0424,PROD_047,Basic Gadget 047,Electronics,2,184.65,369.3,2025-03-06,Peshawar,0.0,Organic
ORD_01306,CUST_0424,PROD_079,Premium Widget 079,Beauty,4,302.93,1055.19,2025-03-06,Peshawar,156.54,Organic
ORD_01306,CUST_0424,PROD_043,Elite Device 043,Clothing,4,120.46,349.52,2025-03-06,Peshawar,132.32,Organic
ORD_01306,CUST_0424,PROD_038,Premium Device 038,Home & Kitchen,1,230.43,209.18,2025-03-06,Peshawar,21.25,Organic
ORD_01307,CUST_0132,PROD_010,Pro Item 010,Sports,2,138.62,206.52,2023-05-04,Islamabad,70.73,Google Ads
ORD_01307,CUST_0132,PROD_013,Smart Item 013,Sports,1,85.54,85.54,2023-05-04,Islamabad,0.0,Google Ads
ORD_01308,CUST_0101,PROD_045,Basic Item 045,Beauty,1,443.03,443.03,2024-10-19,Karachi,0.0,Instagram
ORD_01308,CUST_0101,PROD_074,Smart Gadget 074,Sports,2,357.47,714.95,2024-10-19,Karachi,0.0,Instagram
ORD_01309,CUST_0171,PROD_077,Basic Item 077,Clothing,1,145.24,145.24,2025-05-03,Multan,0.0,Email
ORD_01309,CUST_0171,PROD_025,Basic Device 025,Sports,2,136.5,273.0,2025-05-03,Multan,0.0,Email
ORD_01309,CUST_0171,PROD_024,Elite Tool 024,Clothing,3,159.46,478.38,2025-05-03,Multan,0.0,Email
ORD_01309,CUST_0171,PROD_058,Smart Tool 058,Clothing,3,221.05,663.15,2025-05-03,Multan,0.0,Email
ORD_01309,CUST_0171,PROD_035,Smart Widget 035,Toys,4,307.7,1230.8,2025-05-03,Multan,0.0,Email
ORD_01310,CUST_0491,PROD_029,Elite Device 029,Electronics,3,237.17,522.63,2024-07-01,Peshawar,188.88,Google Ads
ORD_01310,CUST_0491,PROD_061,Smart Widget 061,Electronics,4,306.0,1000.63,2024-07-01,Peshawar,223.37,Google Ads
ORD_01310,CUST_0491,PROD_061,Smart Widget 061,Electronics,1,392.49,292.01,2024-07-01,Peshawar,100.48,Google Ads
ORD_01310,CUST_0491,PROD_046,Pro Tool 046,Sports,1,229.69,229.69,2024-07-01,Peshawar,0.0,Google Ads
ORD_01311,CUST_0337,PROD_011,Premium Tool 011,Sports,3,66.94,200.81,2023-06-20,Faisalabad,0.0,Facebook
ORD_01311,CUST_0337,PROD_033,Premium Item 033,Beauty,1,91.18,91.18,2023-06-20,Faisalabad,0.0,Facebook
ORD_01311,CUST_0337,PROD_046,Pro Tool 046,Sports,1,216.83,216.83,2023-06-20,Faisalabad,0.0,Facebook
ORD_01311,CUST_0337,PROD_011,Premium Tool 011,Sports,1,66.06,60.9,2023-06-20,Faisalabad,5.16,Facebook
ORD_01311,CUST_0337,PROD_080,Smart Widget 080,Electronics,4,291.93,1167.73,2023-06-20,Faisalabad,0.0,Facebook
ORD_01312,CUST_0342,PROD_063,Basic Gadget 063,Beauty,4,198.64,794.54,2023-04-30,Karachi,0.0,Referral
ORD_01312,CUST_0342,PROD_076,Smart Device 076,Home & Kitchen,2,541.44,850.02,2023-04-30,Karachi,232.87,Referral
ORD_01312,CUST_0342,PROD_041,Premium Widget 041,Books,3,210.15,630.44,2023-04-30,Karachi,0.0,Referral
ORD_01312,CUST_0342,PROD_003,Smart Widget 003,Sports,2,225.77,377.6,2023-04-30,Karachi,73.95,Referral
ORD_01313,CUST_0092,PROD_027,Basic Gadget 027,Sports,4,241.11,964.43,2023-03-25,Karachi,0.0,Referral
ORD_01313,CUST_0092,PROD_006,Smart Tool 006,Clothing,2,231.37,387.23,2023-03-25,Karachi,75.52,Referral
ORD_01313,CUST_0092,PROD_052,Elite Gadget 052,Sports,3,78.67,234.52,2023-03-25,Karachi,1.49,Referral
ORD_01313,CUST_0092,PROD_057,Pro Widget 057,Clothing,1,89.4,89.4,2023-03-25,Karachi,0.0,Referral
ORD_01313,CUST_0092,PROD_078,Basic Item 078,Beauty,3,137.92,378.69,2023-03-25,Karachi,35.06,Referral
ORD_01314,CUST_0224,PROD_031,Smart Widget 031,Books,3,395.23,1185.68,2024-12-27,Lahore,0.0,Google Ads
ORD_01314,CUST_0224,PROD_008,Elite Item 008,Home & Kitchen,2,89.8,179.59,2024-12-27,Lahore,0.0,Google Ads
ORD_01314,CUST_0224,PROD_034,Premium Item 034,Sports,1,383.84,383.84,2024-12-27,Lahore,0.0,Google Ads
ORD_01314,CUST_0224,PROD_007,Pro Widget 007,Toys,4,402.81,1611.23,2024-12-27,Lahore,0.0,Google Ads
ORD_01314,CUST_0224,PROD_078,Basic Item 078,Beauty,4,197.41,789.66,2024-12-27,Lahore,0.0,Google Ads
ORD_01315,CUST_0087,PROD_079,Premium Widget 079,Beauty,1,319.51,253.11,2023-02-12,Faisalabad,66.4,Referral
ORD_01316,CUST_0454,PROD_026,Smart Tool 026,Sports,2,231.28,462.56,2023-10-16,Karachi,0.0,Organic
ORD_01316,CUST_0454,PROD_013,Smart Item 013,Sports,3,105.77,317.3,2023-10-16,Karachi,0.0,Organic
ORD_01317,CUST_0288,PROD_031,Smart Widget 031,Books,2,386.12,772.24,2023-02-18,Lahore,0.0,Instagram
ORD_01317,CUST_0288,PROD_052,Elite Gadget 052,Sports,1,68.7,68.7,2023-02-18,Lahore,0.0,Instagram
ORD_01317,CUST_0288,PROD_021,Premium Gadget 021,Toys,2,20.77,41.54,2023-02-18,Lahore,0.0,Instagram
ORD_01318,CUST_0464,PROD_035,Smart Widget 035,Toys,3,343.13,1029.38,2024-04-26,Rawalpindi,0.0,Instagram
ORD_01319,CUST_0372,PROD_018,Pro Widget 018,Sports,2,267.18,487.99,2024-12-15,Peshawar,46.37,Email
ORD_01320,CUST_0382,PROD_032,Smart Item 032,Toys,3,313.86,714.5,2023-03-17,Faisalabad,227.08,Facebook
ORD_01320,CUST_0382,PROD_053,Smart Device 053,Beauty,2,148.32,296.63,2023-03-17,Faisalabad,0.0,Facebook
ORD_01320,CUST_0382,PROD_042,Premium Device 042,Toys,4,83.73,334.94,2023-03-17,Faisalabad,0.0,Facebook
ORD_01320,CUST_0382,PROD_002,Basic Gadget 002,Books,2,66.22,132.44,2023-03-17,Faisalabad,0.0,Facebook
ORD_01320,CUST_0382,PROD_069,Premium Item 069,Electronics,3,27.88,83.65,2023-03-17,Faisalabad,0.0,Facebook
ORD_01321,CUST_0417,PROD_050,Basic Widget 050,Electronics,4,353.33,1391.33,2024-07-22,Karachi,21.98,Google Ads
ORD_01321,CUST_0417,PROD_031,Smart Widget 031,Books,1,348.08,348.08,2024-07-22,Karachi,0.0,Google Ads
ORD_01321,CUST_0417,PROD_002,Basic Gadget 002,Books,3,49.24,108.4,2024-07-22,Karachi,39.31,Google Ads
ORD_01321,CUST_0417,PROD_012,Elite Widget 012,Sports,4,139.28,557.11,2024-07-22,Karachi,0.0,Google Ads
ORD_01322,CUST_0280,PROD_076,Smart Device 076,Home & Kitchen,1,485.3,476.75,2024-08-24,Karachi,8.55,Google Ads
ORD_01323,CUST_0380,PROD_018,Pro Widget 018,Sports,1,335.05,335.05,2023-08-31,Lahore,0.0,Facebook
ORD_01324,CUST_0353,PROD_073,Basic Tool 073,Electronics,4,508.36,2033.43,2023-07-24,Peshawar,0.0,Facebook
ORD_01324,CUST_0353,PROD_015,Pro Widget 015,Toys,2,147.35,294.71,2023-07-24,Peshawar,0.0,Facebook
ORD_01324,CUST_0353,PROD_080,Smart Widget 080,Electronics,4,223.45,769.54,2023-07-24,Peshawar,124.28,Facebook
ORD_01324,CUST_0353,PROD_064,Basic Tool 064,Electronics,3,96.53,289.59,2023-07-24,Peshawar,0.0,Facebook
ORD_01325,CUST_0140,PROD_041,Premium Widget 041,Books,3,272.67,748.93,2024-10-07,Lahore,69.09,Organic
ORD_01325,CUST_0140,PROD_037,Basic Device 037,Toys,3,411.19,1233.58,2024-10-07,Lahore,0.0,Organic
ORD_01325,CUST_0140,PROD_072,Premium Device 072,Electronics,1,358.66,358.66,2024-10-07,Lahore,0.0,Organic
ORD_01325,CUST_0140,PROD_071,Premium Device 071,Electronics,4,401.16,1604.66,2024-10-07,Lahore,0.0,Organic
ORD_01325,CUST_0140,PROD_028,Premium Widget 028,Clothing,3,366.5,848.13,2024-10-07,Lahore,251.38,Organic
ORD_01326,CUST_0204,PROD_077,Basic Item 077,Clothing,3,120.5,361.49,2024-02-20,Peshawar,0.0,Google Ads
ORD_01326,CUST_0204,PROD_064,Basic Tool 064,Electronics,1,83.96,83.96,2024-02-20,Peshawar,0.0,Google Ads
ORD_01327,CUST_0007,PROD_018,Pro Widget 018,Sports,3,326.5,979.51,2023-08-29,Karachi,0.0,Instagram
ORD_01327,CUST_0007,PROD_002,Basic Gadget 002,Books,3,58.99,136.74,2023-08-29,Karachi,40.23,Instagram
ORD_01327,CUST_0007,PROD_052,Elite Gadget 052,Sports,1,63.79,63.79,2023-08-29,Karachi,0.0,Instagram
ORD_01327,CUST_0007,PROD_009,Pro Widget 009,Electronics,3,196.47,589.41,2023-08-29,Karachi,0.0,Instagram
ORD_01328,CUST_0192,PROD_030,Smart Tool 030,Sports,1,129.1,116.86,2023-07-23,Karachi,12.24,Instagram
ORD_01329,CUST_0028,PROD_008,Elite Item 008,Home & Kitchen,3,73.39,220.17,2023-12-22,Rawalpindi,0.0,Email
ORD_01329,CUST_0028,PROD_010,Pro Item 010,Sports,2,125.4,250.79,2023-12-22,Rawalpindi,0.0,Email
ORD_01329,CUST_0028,PROD_057,Pro Widget 057,Clothing,3,85.46,256.37,2023-12-22,Rawalpindi,0.0,Email
ORD_01329,CUST_0028,PROD_034,Premium Item 034,Sports,3,339.47,920.69,2023-12-22,Rawalpindi,97.73,Email
ORD_01329,CUST_0028,PROD_060,Premium Tool 060,Toys,1,400.83,400.83,2023-12-22,Rawalpindi,0.0,Email
ORD_01330,CUST_0294,PROD_068,Basic Widget 068,Sports,4,360.84,1313.3,2025-01-22,Peshawar,130.05,Referral
ORD_01331,CUST_0368,PROD_043,Elite Device 043,Clothing,4,161.43,645.73,2024-02-19,Lahore,0.0,Instagram
ORD_01331,CUST_0368,PROD_025,Basic Device 025,Sports,3,150.59,451.76,2024-02-19,Lahore,0.0,Instagram
ORD_01331,CUST_0368,PROD_072,Premium Device 072,Electronics,4,326.67,1159.97,2024-02-19,Lahore,146.71,Instagram
ORD_01331,CUST_0368,PROD_060,Premium Tool 060,Toys,1,479.07,336.24,2024-02-19,Lahore,142.83,Instagram
ORD_01331,CUST_0368,PROD_062,Smart Widget 062,Electronics,4,519.83,2079.32,2024-02-19,Lahore,0.0,Instagram
ORD_01332,CUST_0136,PROD_013,Smart Item 013,Sports,2,90.21,157.01,2023-09-08,Peshawar,23.41,Referral
ORD_01333,CUST_0124,PROD_078,Basic Item 078,Beauty,4,145.98,547.07,2023-08-11,Peshawar,36.84,Google Ads
ORD_01333,CUST_0124,PROD_052,Elite Gadget 052,Sports,3,67.62,202.86,2023-08-11,Peshawar,0.0,Google Ads
ORD_01334,CUST_0288,PROD_051,Premium Device 051,Clothing,4,139.19,447.73,2023-05-17,Lahore,109.03,Google Ads
ORD_01334,CUST_0288,PROD_034,Premium Item 034,Sports,2,374.05,608.52,2023-05-17,Lahore,139.58,Google Ads
ORD_01334,CUST_0288,PROD_021,Premium Gadget 021,Toys,2,28.0,45.06,2023-05-17,Lahore,10.95,Google Ads
ORD_01335,CUST_0024,PROD_003,Smart Widget 003,Sports,1,195.18,191.36,2023-05-20,Multan,3.82,Google Ads
ORD_01335,CUST_0024,PROD_079,Premium Widget 079,Beauty,2,280.16,473.54,2023-05-20,Multan,86.78,Google Ads
ORD_01336,CUST_0151,PROD_010,Pro Item 010,Sports,2,161.37,322.74,2023-05-22,Islamabad,0.0,Instagram
ORD_01336,CUST_0151,PROD_062,Smart Widget 062,Electronics,3,523.28,1415.25,2023-05-22,Islamabad,154.59,Instagram
ORD_01337,CUST_0138,PROD_008,Elite Item 008,Home & Kitchen,4,80.1,320.4,2024-12-07,Lahore,0.0,Instagram
ORD_01337,CUST_0138,PROD_078,Basic Item 078,Beauty,1,145.25,139.83,2024-12-07,Lahore,5.42,Instagram
ORD_01337,CUST_0138,PROD_001,Premium Widget 001,Books,4,161.47,604.52,2024-12-07,Lahore,41.36,Instagram
ORD_01338,CUST_0080,PROD_020,Pro Device 020,Clothing,2,344.46,688.92,2023-07-08,Multan,0.0,Referral
ORD_01338,CUST_0080,PROD_028,Premium Widget 028,Clothing,2,373.22,746.45,2023-07-08,Multan,0.0,Referral
ORD_01338,CUST_0080,PROD_065,Premium Tool 065,Home & Kitchen,1,548.43,548.43,2023-07-08,Multan,0.0,Referral
ORD_01338,CUST_0080,PROD_039,Premium Item 039,Toys,4,328.84,1314.0,2023-07-08,Multan,1.36,Referral
ORD_01339,CUST_0286,PROD_005,Smart Widget 005,Sports,3,112.34,337.03,2024-01-06,Lahore,0.0,Instagram
ORD_01340,CUST_0258,PROD_037,Basic Device 037,Toys,1,504.11,504.11,2025-03-26,Lahore,0.0,Referral
ORD_01340,CUST_0258,PROD_061,Smart Widget 061,Electronics,3,359.6,1078.79,2025-03-26,Lahore,0.0,Referral
ORD_01340,CUST_0258,PROD_064,Basic Tool 064,Electronics,3,73.21,191.0,2025-03-26,Lahore,28.62,Referral
ORD_01341,CUST_0401,PROD_055,Elite Item 055,Beauty,4,204.69,818.78,2025-02-15,Faisalabad,0.0,Google Ads
ORD_01341,CUST_0401,PROD_001,Premium Widget 001,Books,4,163.89,655.57,2025-02-15,Faisalabad,0.0,Google Ads
ORD_01341,CUST_0401,PROD_006,Smart Tool 006,Clothing,2,249.13,498.25,2025-02-15,Faisalabad,0.0,Google Ads
ORD_01342,CUST_0261,PROD_034,Premium Item 034,Sports,4,418.46,1673.86,2024-11-09,Multan,0.0,Instagram
ORD_01342,CUST_0261,PROD_058,Smart Tool 058,Clothing,3,200.69,602.06,2024-11-09,Multan,0.0,Instagram
ORD_01342,CUST_0261,PROD_076,Smart Device 076,Home & Kitchen,2,393.97,556.06,2024-11-09,Multan,231.88,Instagram
ORD_01343,CUST_0358,PROD_074,Smart Gadget 074,Sports,3,342.54,1027.63,2025-02-27,Multan,0.0,Instagram
ORD_01343,CUST_0358,PROD_010,Pro Item 010,Sports,3,145.13,379.59,2025-02-27,Multan,55.81,Instagram
ORD_01343,CUST_0358,PROD_076,Smart Device 076,Home & Kitchen,3,526.77,1580.3,2025-02-27,Multan,0.0,Instagram
ORD_01343,CUST_0358,PROD_037,Basic Device 037,Toys,2,396.0,792.01,2025-02-27,Multan,0.0,Instagram
ORD_01343,CUST_0358,PROD_056,Premium Widget 056,Electronics,3,183.77,551.32,2025-02-27,Multan,0.0,Instagram
ORD_01344,CUST_0114,PROD_017,Pro Gadget 017,Home & Kitchen,1,158.82,158.82,2024-08-27,Rawalpindi,0.0,Organic
ORD_01344,CUST_0114,PROD_069,Premium Item 069,Electronics,1,36.79,33.15,2024-08-27,Rawalpindi,3.64,Organic
ORD_01344,CUST_0114,PROD_037,Basic Device 037,Toys,3,411.72,1235.16,2024-08-27,Rawalpindi,0.0,Organic
ORD_01345,CUST_0359,PROD_056,Premium Widget 056,Electronics,2,177.22,354.44,2023-03-16,Multan,0.0,Instagram
ORD_01345,CUST_0359,PROD_076,Smart Device 076,Home & Kitchen,3,550.2,1650.6,2023-03-16,Multan,0.0,Instagram
ORD_01346,CUST_0424,PROD_060,Premium Tool 060,Toys,4,356.75,1426.98,2025-06-29,Islamabad,0.0,Instagram
ORD_01346,CUST_0424,PROD_065,Premium Tool 065,Home & Kitchen,2,539.9,1079.8,2025-06-29,Islamabad,0.0,Instagram
ORD_01347,CUST_0231,PROD_008,Elite Item 008,Home & Kitchen,3,91.6,250.88,2024-06-22,Multan,23.92,Instagram
ORD_01347,CUST_0231,PROD_050,Basic Widget 050,Electronics,1,411.28,411.28,2024-06-22,Multan,0.0,Instagram
ORD_01347,CUST_0231,PROD_026,Smart Tool 026,Sports,3,211.93,635.78,2024-06-22,Multan,0.0,Instagram
ORD_01347,CUST_0231,PROD_040,Basic Widget 040,Clothing,4,483.82,1935.27,2024-06-22,Multan,0.0,Instagram
ORD_01347,CUST_0231,PROD_069,Premium Item 069,Electronics,3,33.07,89.55,2024-06-22,Multan,9.66,Instagram
ORD_01348,CUST_0220,PROD_073,Basic Tool 073,Electronics,4,413.46,1534.04,2024-12-04,Faisalabad,119.79,Facebook
ORD_01348,CUST_0220,PROD_001,Premium Widget 001,Books,4,124.73,498.94,2024-12-04,Faisalabad,0.0,Facebook
ORD_01348,CUST_0220,PROD_016,Premium Tool 016,Home & Kitchen,1,263.69,263.69,2024-12-04,Faisalabad,0.0,Facebook
ORD_01348,CUST_0220,PROD_019,Smart Gadget 019,Clothing,4,197.12,788.5,2024-12-04,Faisalabad,0.0,Facebook
ORD_01349,CUST_0004,PROD_041,Premium Widget 041,Books,4,266.44,1065.76,2023-04-12,Islamabad,0.0,Facebook
ORD_01349,CUST_0004,PROD_036,Smart Device 036,Clothing,3,84.86,182.26,2023-04-12,Islamabad,72.33,Facebook
ORD_01349,CUST_0004,PROD_042,Premium Device 042,Toys,3,78.83,236.48,2023-04-12,Islamabad,0.0,Facebook
ORD_01349,CUST_0004,PROD_064,Basic Tool 064,Electronics,3,76.16,211.01,2023-04-12,Islamabad,17.46,Facebook
ORD_01350,CUST_0221,PROD_050,Basic Widget 050,Electronics,4,403.2,1412.06,2023-10-09,Karachi,200.76,Organic
ORD_01351,CUST_0272,PROD_008,Elite Item 008,Home & Kitchen,3,71.4,214.2,2025-05-26,Islamabad,0.0,Referral
ORD_01351,CUST_0272,PROD_033,Premium Item 033,Beauty,3,73.73,221.18,2025-05-26,Islamabad,0.0,Referral
ORD_01352,CUST_0132,PROD_066,Elite Item 066,Beauty,4,412.17,1648.7,2025-06-01,Islamabad,0.0,Organic
ORD_01352,CUST_0132,PROD_026,Smart Tool 026,Sports,2,208.12,291.6,2025-06-01,Islamabad,124.64,Organic
ORD_01352,CUST_0132,PROD_003,Smart Widget 003,Sports,2,245.91,363.87,2025-06-01,Islamabad,127.96,Organic
ORD_01353,CUST_0374,PROD_053,Smart Device 053,Beauty,2,105.61,159.9,2023-03-07,Karachi,51.32,Google Ads
ORD_01353,CUST_0374,PROD_035,Smart Widget 035,Toys,2,369.09,738.18,2023-03-07,Karachi,0.0,Google Ads
ORD_01353,CUST_0374,PROD_053,Smart Device 053,Beauty,1,112.21,101.01,2023-03-07,Karachi,11.2,Google Ads
ORD_01353,CUST_0374,PROD_007,Pro Widget 007,Toys,2,328.8,485.44,2023-03-07,Karachi,172.16,Google Ads
ORD_01354,CUST_0383,PROD_075,Smart Widget 075,Beauty,1,343.25,343.25,2023-03-12,Islamabad,0.0,Referral
ORD_01354,CUST_0383,PROD_009,Pro Widget 009,Electronics,4,203.72,590.15,2023-03-12,Islamabad,224.74,Referral
ORD_01355,CUST_0459,PROD_044,Smart Tool 044,Clothing,2,475.45,950.9,2024-08-12,Lahore,0.0,Facebook
ORD_01355,CUST_0459,PROD_047,Basic Gadget 047,Electronics,4,183.35,733.39,2024-08-12,Lahore,0.0,Facebook
ORD_01355,CUST_0459,PROD_039,Premium Item 039,Toys,3,472.5,1417.5,2024-08-12,Lahore,0.0,Facebook
ORD_01355,CUST_0459,PROD_046,Pro Tool 046,Sports,4,254.52,1018.08,2024-08-12,Lahore,0.0,Facebook
ORD_01356,CUST_0261,PROD_029,Elite Device 029,Electronics,3,212.58,525.92,2023-01-15,Islamabad,111.83,Instagram
ORD_01356,CUST_0261,PROD_071,Premium Device 071,Electronics,1,365.71,365.59,2023-01-15,Islamabad,0.12,Instagram
ORD_01356,CUST_0261,PROD_079,Premium Widget 079,Beauty,3,285.48,648.65,2023-01-15,Islamabad,207.79,Instagram
ORD_01356,CUST_0261,PROD_006,Smart Tool 006,Clothing,2,273.32,546.64,2023-01-15,Islamabad,0.0,Instagram
ORD_01356,CUST_0261,PROD_068,Basic Widget 068,Sports,2,345.63,691.26,2023-01-15,Islamabad,0.0,Instagram
ORD_01357,CUST_0431,PROD_040,Basic Widget 040,Clothing,2,359.37,718.75,2025-06-10,Rawalpindi,0.0,Google Ads
ORD_01358,CUST_0381,PROD_069,Premium Item 069,Electronics,4,34.02,97.07,2024-03-26,Rawalpindi,39.01,Facebook
ORD_01358,CUST_0381,PROD_015,Pro Widget 015,Toys,3,102.57,239.59,2024-03-26,Rawalpindi,68.11,Facebook
ORD_01358,CUST_0381,PROD_067,Smart Tool 067,Clothing,2,90.74,181.49,2024-03-26,Rawalpindi,0.0,Facebook
ORD_01358,CUST_0381,PROD_017,Pro Gadget 017,Home & Kitchen,3,205.19,615.57,2024-03-26,Rawalpindi,0.0,Facebook
ORD_01359,CUST_0203,PROD_014,Premium Widget 014,Books,4,105.08,392.62,2024-12-14,Peshawar,27.71,Facebook
ORD_01359,CUST_0203,PROD_055,Elite Item 055,Beauty,1,231.47,231.47,2024-12-14,Peshawar,0.0,Facebook
ORD_01359,CUST_0203,PROD_071,Premium Device 071,Electronics,4,464.14,1764.24,2024-12-14,Peshawar,92.32,Facebook
ORD_01359,CUST_0203,PROD_054,Elite Tool 054,Clothing,4,51.55,206.22,2024-12-14,Peshawar,0.0,Facebook
ORD_01359,CUST_0203,PROD_013,Smart Item 013,Sports,4,91.4,365.6,2024-12-14,Peshawar,0.0,Facebook
ORD_01360,CUST_0207,PROD_012,Elite Widget 012,Sports,3,128.6,278.94,2023-07-06,Lahore,106.86,Referral
ORD_01360,CUST_0207,PROD_012,Elite Widget 012,Sports,4,156.17,624.69,2023-07-06,Lahore,0.0,Referral
ORD_01360,CUST_0207,PROD_019,Smart Gadget 019,Clothing,4,267.1,887.9,2023-07-06,Lahore,180.49,Referral
ORD_01360,CUST_0207,PROD_054,Elite Tool 054,Clothing,1,65.97,61.31,2023-07-06,Lahore,4.66,Referral
ORD_01360,CUST_0207,PROD_059,Pro Tool 059,Clothing,2,389.4,778.8,2023-07-06,Lahore,0.0,Referral
ORD_01361,CUST_0231,PROD_020,Pro Device 020,Clothing,2,307.87,509.86,2024-10-01,Faisalabad,105.89,Organic
ORD_01361,CUST_0231,PROD_005,Smart Widget 005,Sports,4,99.54,398.15,2024-10-01,Faisalabad,0.0,Organic
ORD_01361,CUST_0231,PROD_070,Elite Device 070,Toys,4,222.21,814.03,2024-10-01,Faisalabad,74.82,Organic
ORD_01361,CUST_0231,PROD_060,Premium Tool 060,Toys,4,446.05,1746.39,2024-10-01,Faisalabad,37.79,Organic
ORD_01361,CUST_0231,PROD_057,Pro Widget 057,Clothing,4,103.73,414.92,2024-10-01,Faisalabad,0.0,Organic
ORD_01362,CUST_0304,PROD_070,Elite Device 070,Toys,1,307.33,264.66,2024-06-21,Peshawar,42.67,Email
ORD_01363,CUST_0034,PROD_064,Basic Tool 064,Electronics,1,92.77,92.77,2023-12-28,Karachi,0.0,Facebook
ORD_01363,CUST_0034,PROD_066,Elite Item 066,Beauty,4,304.62,1141.7,2023-12-28,Karachi,76.8,Facebook
ORD_01363,CUST_0034,PROD_034,Premium Item 034,Sports,4,369.72,1478.86,2023-12-28,Karachi,0.0,Facebook
ORD_01363,CUST_0034,PROD_020,Pro Device 020,Clothing,1,371.06,371.06,2023-12-28,Karachi,0.0,Facebook
ORD_01363,CUST_0034,PROD_020,Pro Device 020,Clothing,2,358.4,678.01,2023-12-28,Karachi,38.8,Facebook
ORD_01364,CUST_0480,PROD_043,Elite Device 043,Clothing,1,142.52,138.25,2024-10-08,Karachi,4.27,Referral
ORD_01364,CUST_0480,PROD_073,Basic Tool 073,Electronics,4,536.87,2084.16,2024-10-08,Karachi,63.32,Referral
ORD_01364,CUST_0480,PROD_018,Pro Widget 018,Sports,1,340.26,340.26,2024-10-08,Karachi,0.0,Referral
ORD_01364,CUST_0480,PROD_052,Elite Gadget 052,Sports,4,81.27,266.96,2024-10-08,Karachi,58.13,Referral
ORD_01364,CUST_0480,PROD_016,Premium Tool 016,Home & Kitchen,1,227.96,227.96,2024-10-08,Karachi,0.0,Referral
ORD_01365,CUST_0247,PROD_019,Smart Gadget 019,Clothing,4,241.55,901.3,2025-03-09,Faisalabad,64.9,Email
ORD_01365,CUST_0247,PROD_066,Elite Item 066,Beauty,4,374.01,1292.21,2025-03-09,Faisalabad,203.81,Email
ORD_01366,CUST_0024,PROD_063,Basic Gadget 063,Beauty,3,244.02,542.69,2023-09-06,Karachi,189.36,Instagram
ORD_01366,CUST_0024,PROD_029,Elite Device 029,Electronics,2,185.7,369.92,2023-09-06,Karachi,1.48,Instagram
ORD_01366,CUST_0024,PROD_063,Basic Gadget 063,Beauty,4,221.79,887.15,2023-09-06,Karachi,0.0,Instagram
ORD_01367,CUST_0088,PROD_043,Elite Device 043,Clothing,3,147.27,340.07,2025-05-10,Karachi,101.75,Facebook
ORD_01367,CUST_0088,PROD_057,Pro Widget 057,Clothing,1,97.96,82.54,2025-05-10,Karachi,15.42,Facebook
ORD_01368,CUST_0317,PROD_036,Smart Device 036,Clothing,3,69.43,208.29,2024-09-09,Faisalabad,0.0,Facebook
ORD_01368,CUST_0317,PROD_066,Elite Item 066,Beauty,2,295.77,591.55,2024-09-09,Faisalabad,0.0,Facebook
ORD_01369,CUST_0033,PROD_014,Premium Widget 014,Books,2,142.9,217.78,2023-11-12,Karachi,68.02,Referral
ORD_01369,CUST_0033,PROD_007,Pro Widget 007,Toys,2,388.75,750.96,2023-11-12,Karachi,26.55,Referral
ORD_01369,CUST_0033,PROD_051,Premium Device 051,Clothing,1,160.72,160.72,2023-11-12,Karachi,0.0,Referral
ORD_01369,CUST_0033,PROD_057,Pro Widget 057,Clothing,4,108.78,435.12,2023-11-12,Karachi,0.0,Referral
ORD_01370,CUST_0448,PROD_039,Premium Item 039,Toys,3,382.16,1146.49,2025-06-22,Lahore,0.0,Referral
ORD_01370,CUST_0448,PROD_034,Premium Item 034,Sports,4,456.4,1825.61,2025-06-22,Lahore,0.0,Referral
ORD_01371,CUST_0151,PROD_055,Elite Item 055,Beauty,3,238.03,714.09,2023-01-26,Peshawar,0.0,Instagram
ORD_01371,CUST_0151,PROD_028,Premium Widget 028,Clothing,2,331.82,663.64,2023-01-26,Peshawar,0.0,Instagram
ORD_01372,CUST_0389,PROD_016,Premium Tool 016,Home & Kitchen,3,239.81,719.44,2024-05-25,Multan,0.0,Google Ads
ORD_01372,CUST_0389,PROD_058,Smart Tool 058,Clothing,2,225.51,431.09,2024-05-25,Multan,19.93,Google Ads
ORD_01372,CUST_0389,PROD_057,Pro Widget 057,Clothing,2,87.44,174.89,2024-05-25,Multan,0.0,Google Ads
ORD_01372,CUST_0389,PROD_072,Premium Device 072,Electronics,2,369.57,739.15,2024-05-25,Multan,0.0,Google Ads
ORD_01372,CUST_0389,PROD_012,Elite Widget 012,Sports,3,157.3,378.2,2024-05-25,Multan,93.7,Google Ads
ORD_01373,CUST_0329,PROD_039,Premium Item 039,Toys,1,385.2,342.11,2023-06-17,Lahore,43.09,Google Ads
ORD_01373,CUST_0329,PROD_071,Premium Device 071,Electronics,3,448.83,1346.49,2023-06-17,Lahore,0.0,Google Ads
ORD_01374,CUST_0127,PROD_004,Premium Widget 004,Clothing,4,144.35,577.42,2024-08-20,Peshawar,0.0,Instagram
ORD_01374,CUST_0127,PROD_050,Basic Widget 050,Electronics,4,467.27,1869.09,2024-08-20,Peshawar,0.0,Instagram
ORD_01374,CUST_0127,PROD_016,Premium Tool 016,Home & Kitchen,3,254.74,764.21,2024-08-20,Peshawar,0.0,Instagram
ORD_01374,CUST_0127,PROD_070,Elite Device 070,Toys,3,286.5,733.9,2024-08-20,Peshawar,125.59,Instagram
ORD_01375,CUST_0380,PROD_057,Pro Widget 057,Clothing,1,97.09,70.95,2024-09-16,Rawalpindi,26.14,Organic
ORD_01376,CUST_0040,PROD_071,Premium Device 071,Electronics,1,452.03,331.17,2024-06-09,Rawalpindi,120.86,Email
ORD_01377,CUST_0051,PROD_062,Smart Widget 062,Electronics,4,500.86,2003.43,2023-08-22,Peshawar,0.0,Facebook
ORD_01377,CUST_0051,PROD_076,Smart Device 076,Home & Kitchen,3,527.41,1582.23,2023-08-22,Peshawar,0.0,Facebook
ORD_01377,CUST_0051,PROD_063,Basic Gadget 063,Beauty,4,226.91,872.67,2023-08-22,Peshawar,34.98,Facebook
ORD_01378,CUST_0415,PROD_037,Basic Device 037,Toys,2,549.05,1088.64,2025-01-06,Faisalabad,9.45,Instagram
ORD_01378,CUST_0415,PROD_020,Pro Device 020,Clothing,4,409.27,1161.05,2025-01-06,Faisalabad,476.01,Instagram
ORD_01379,CUST_0384,PROD_075,Smart Widget 075,Beauty,4,359.62,1438.48,2023-01-31,Multan,0.0,Referral
ORD_01379,CUST_0384,PROD_072,Premium Device 072,Electronics,2,329.35,658.69,2023-01-31,Multan,0.0,Referral
ORD_01379,CUST_0384,PROD_016,Premium Tool 016,Home & Kitchen,4,277.67,1110.68,2023-01-31,Multan,0.0,Referral
ORD_01379,CUST_0384,PROD_010,Pro Item 010,Sports,1,119.49,119.49,2023-01-31,Multan,0.0,Referral
ORD_01379,CUST_0384,PROD_051,Premium Device 051,Clothing,2,133.44,193.08,2023-01-31,Multan,73.8,Referral
ORD_01380,CUST_0069,PROD_029,Elite Device 029,Electronics,3,207.57,622.71,2025-03-23,Lahore,0.0,Referral
ORD_01380,CUST_0069,PROD_010,Pro Item 010,Sports,2,152.2,253.82,2025-03-23,Lahore,50.57,Referral
ORD_01381,CUST_0457,PROD_003,Smart Widget 003,Sports,1,214.52,214.52,2024-03-07,Islamabad,0.0,Email
ORD_01381,CUST_0457,PROD_010,Pro Item 010,Sports,3,120.06,360.17,2024-03-07,Islamabad,0.0,Email
ORD_01381,CUST_0457,PROD_052,Elite Gadget 052,Sports,1,68.08,68.08,2024-03-07,Islamabad,0.0,Email
ORD_01381,CUST_0457,PROD_022,Pro Tool 022,Home & Kitchen,2,38.11,74.78,2024-03-07,Islamabad,1.43,Email
ORD_01382,CUST_0156,PROD_040,Basic Widget 040,Clothing,2,505.12,1010.24,2025-05-21,Islamabad,0.0,Instagram
ORD_01382,CUST_0156,PROD_007,Pro Widget 007,Toys,1,412.88,412.88,2025-05-21,Islamabad,0.0,Instagram
ORD_01382,CUST_0156,PROD_017,Pro Gadget 017,Home & Kitchen,4,163.33,653.32,2025-05-21,Islamabad,0.0,Instagram
ORD_01382,CUST_0156,PROD_046,Pro Tool 046,Sports,4,267.64,956.21,2025-05-21,Islamabad,114.34,Instagram
ORD_01383,CUST_0389,PROD_057,Pro Widget 057,Clothing,4,118.46,473.83,2023-06-11,Rawalpindi,0.0,Referral
ORD_01383,CUST_0389,PROD_012,Elite Widget 012,Sports,3,160.29,480.87,2023-06-11,Rawalpindi,0.0,Referral
ORD_01384,CUST_0475,PROD_023,Smart Item 023,Clothing,3,310.4,657.77,2025-05-28,Islamabad,273.43,Organic
ORD_01384,CUST_0475,PROD_035,Smart Widget 035,Toys,3,370.23,1110.7,2025-05-28,Islamabad,0.0,Organic
ORD_01384,CUST_0475,PROD_071,Premium Device 071,Electronics,4,423.93,1695.73,2025-05-28,Islamabad,0.0,Organic
ORD_01384,CUST_0475,PROD_069,Premium Item 069,Electronics,2,35.57,71.15,2025-05-28,Islamabad,0.0,Organic
ORD_01384,CUST_0475,PROD_031,Smart Widget 031,Books,2,300.12,550.54,2025-05-28,Islamabad,49.7,Organic
ORD_01385,CUST_0375,PROD_062,Smart Widget 062,Electronics,3,478.81,1436.44,2025-01-26,Islamabad,0.0,Referral
ORD_01386,CUST_0184,PROD_076,Smart Device 076,Home & Kitchen,4,472.87,1891.5,2023-04-06,Islamabad,0.0,Referral
ORD_01387,CUST_0422,PROD_002,Basic Gadget 002,Books,3,48.51,145.54,2023-11-21,Karachi,0.0,Google Ads
ORD_01387,CUST_0422,PROD_032,Smart Item 032,Toys,4,323.49,1293.97,2023-11-21,Karachi,0.0,Google Ads
ORD_01388,CUST_0049,PROD_068,Basic Widget 068,Sports,3,370.81,1112.44,2024-06-10,Karachi,0.0,Referral
ORD_01388,CUST_0049,PROD_069,Premium Item 069,Electronics,4,41.0,164.0,2024-06-10,Karachi,0.0,Referral
ORD_01389,CUST_0106,PROD_009,Pro Widget 009,Electronics,3,174.88,524.65,2024-08-19,Islamabad,0.0,Organic
ORD_01390,CUST_0212,PROD_063,Basic Gadget 063,Beauty,1,252.8,252.8,2023-06-24,Peshawar,0.0,Organic
ORD_01391,CUST_0315,PROD_041,Premium Widget 041,Books,4,228.41,913.63,2024-11-18,Multan,0.0,Email
ORD_01391,CUST_0315,PROD_059,Pro Tool 059,Clothing,1,422.11,422.11,2024-11-18,Multan,0.0,Email
ORD_01391,CUST_0315,PROD_001,Premium Widget 001,Books,2,165.82,266.32,2024-11-18,Multan,65.32,Email
ORD_01391,CUST_0315,PROD_032,Smart Item 032,Toys,1,307.51,307.51,2024-11-18,Multan,0.0,Email
ORD_01392,CUST_0362,PROD_005,Smart Widget 005,Sports,1,93.88,93.88,2025-01-30,Karachi,0.0,Instagram
ORD_01392,CUST_0362,PROD_065,Premium Tool 065,Home & Kitchen,4,533.45,1691.23,2025-01-30,Karachi,442.59,Instagram
ORD_01393,CUST_0172,PROD_018,Pro Widget 018,Sports,2,293.95,587.89,2024-12-13,Multan,0.0,Facebook
ORD_01394,CUST_0149,PROD_053,Smart Device 053,Beauty,4,105.15,420.6,2025-03-18,Karachi,0.0,Instagram
ORD_01394,CUST_0149,PROD_033,Premium Item 033,Beauty,3,95.85,287.55,2025-03-18,Karachi,0.0,Instagram
ORD_01395,CUST_0010,PROD_027,Basic Gadget 027,Sports,2,214.42,393.09,2023-04-08,Rawalpindi,35.75,Google Ads
ORD_01395,CUST_0010,PROD_005,Smart Widget 005,Sports,3,95.92,276.49,2023-04-08,Rawalpindi,11.26,Google Ads
ORD_01395,CUST_0010,PROD_023,Smart Item 023,Clothing,1,314.26,314.26,2023-04-08,Rawalpindi,0.0,Google Ads
ORD_01395,CUST_0010,PROD_004,Premium Widget 004,Clothing,1,146.86,113.49,2023-04-08,Rawalpindi,33.37,Google Ads
ORD_01396,CUST_0436,PROD_033,Premium Item 033,Beauty,3,77.32,231.95,2023-03-19,Peshawar,0.0,Google Ads
ORD_01397,CUST_0099,PROD_067,Smart Tool 067,Clothing,4,121.82,487.28,2023-08-22,Islamabad,0.0,Google Ads
ORD_01397,CUST_0099,PROD_028,Premium Widget 028,Clothing,2,284.85,569.7,2023-08-22,Islamabad,0.0,Google Ads
ORD_01398,CUST_0172,PROD_043,Elite Device 043,Clothing,2,124.02,248.04,2025-05-02,Multan,0.0,Facebook
ORD_01398,CUST_0172,PROD_052,Elite Gadget 052,Sports,3,82.99,248.96,2025-05-02,Multan,0.0,Facebook
ORD_01398,CUST_0172,PROD_057,Pro Widget 057,Clothing,4,116.06,464.23,2025-05-02,Multan,0.0,Facebook
ORD_01398,CUST_0172,PROD_075,Smart Widget 075,Beauty,4,322.73,1290.92,2025-05-02,Multan,0.0,Facebook
ORD_01399,CUST_0382,PROD_056,Premium Widget 056,Electronics,4,218.61,874.44,2023-02-25,Islamabad,0.0,Google Ads
ORD_01399,CUST_0382,PROD_032,Smart Item 032,Toys,3,345.05,1035.16,2023-02-25,Islamabad,0.0,Google Ads
ORD_01399,CUST_0382,PROD_047,Basic Gadget 047,Electronics,2,184.22,329.07,2023-02-25,Islamabad,39.37,Google Ads
ORD_01399,CUST_0382,PROD_012,Elite Widget 012,Sports,3,165.24,349.7,2023-02-25,Islamabad,146.01,Google Ads
ORD_01399,CUST_0382,PROD_052,Elite Gadget 052,Sports,3,84.23,252.69,2023-02-25,Islamabad,0.0,Google Ads
ORD_01400,CUST_0034,PROD_021,Premium Gadget 021,Toys,3,28.69,72.88,2023-10-01,Peshawar,13.19,Instagram
ORD_01400,CUST_0034,PROD_080,Smart Widget 080,Electronics,4,264.31,1057.22,2023-10-01,Peshawar,0.0,Instagram
ORD_01400,CUST_0034,PROD_061,Smart Widget 061,Electronics,3,292.53,877.6,2023-10-01,Peshawar,0.0,Instagram
ORD_01400,CUST_0034,PROD_075,Smart Widget 075,Beauty,3,286.84,659.82,2023-10-01,Peshawar,200.71,Instagram
ORD_01401,CUST_0486,PROD_041,Premium Widget 041,Books,2,232.07,464.13,2023-10-05,Rawalpindi,0.0,Referral
ORD_01401,CUST_0486,PROD_053,Smart Device 053,Beauty,2,142.59,235.85,2023-10-05,Rawalpindi,49.33,Referral
ORD_01401,CUST_0486,PROD_044,Smart Tool 044,Clothing,2,400.81,801.62,2023-10-05,Rawalpindi,0.0,Referral
ORD_01401,CUST_0486,PROD_050,Basic Widget 050,Electronics,4,504.32,2017.27,2023-10-05,Rawalpindi,0.0,Referral
ORD_01402,CUST_0053,PROD_059,Pro Tool 059,Clothing,4,517.59,1730.57,2023-12-13,Karachi,339.78,Google Ads
ORD_01402,CUST_0053,PROD_029,Elite Device 029,Electronics,3,180.39,494.64,2023-12-13,Karachi,46.53,Google Ads
ORD_01402,CUST_0053,PROD_071,Premium Device 071,Electronics,3,427.2,1281.59,2023-12-13,Karachi,0.0,Google Ads
ORD_01402,CUST_0053,PROD_074,Smart Gadget 074,Sports,1,290.82,290.82,2023-12-13,Karachi,0.0,Google Ads
ORD_01403,CUST_0375,PROD_061,Smart Widget 061,Electronics,2,344.83,532.64,2024-07-05,Islamabad,157.02,Email
ORD_01403,CUST_0375,PROD_010,Pro Item 010,Sports,4,117.07,373.61,2024-07-05,Islamabad,94.66,Email
ORD_01404,CUST_0257,PROD_026,Smart Tool 026,Sports,4,171.84,687.36,2023-03-27,Rawalpindi,0.0,Email
ORD_01405,CUST_0255,PROD_049,Premium Widget 049,Books,1,315.6,315.6,2025-04-05,Rawalpindi,0.0,Google Ads
ORD_01405,CUST_0255,PROD_001,Premium Widget 001,Books,1,131.67,99.5,2025-04-05,Rawalpindi,32.17,Google Ads
ORD_01406,CUST_0491,PROD_050,Basic Widget 050,Electronics,3,443.96,1331.87,2024-07-21,Faisalabad,0.0,Google Ads
ORD_01407,CUST_0063,PROD_076,Smart Device 076,Home & Kitchen,3,520.99,1562.96,2023-10-20,Peshawar,0.0,Google Ads
ORD_01407,CUST_0063,PROD_024,Elite Tool 024,Clothing,3,147.75,343.7,2023-10-20,Peshawar,99.56,Google Ads
ORD_01407,CUST_0063,PROD_022,Pro Tool 022,Home & Kitchen,4,48.24,192.97,2023-10-20,Peshawar,0.0,Google Ads
ORD_01407,CUST_0063,PROD_052,Elite Gadget 052,Sports,2,87.32,174.63,2023-10-20,Peshawar,0.0,Google Ads
ORD_01408,CUST_0056,PROD_076,Smart Device 076,Home & Kitchen,3,376.53,1129.6,2024-04-16,Multan,0.0,Email
ORD_01408,CUST_0056,PROD_074,Smart Gadget 074,Sports,3,301.99,635.94,2024-04-16,Multan,270.02,Email
ORD_01409,CUST_0057,PROD_038,Premium Device 038,Home & Kitchen,4,208.36,833.43,2023-07-05,Multan,0.0,Instagram
ORD_01409,CUST_0057,PROD_004,Premium Widget 004,Clothing,4,133.02,532.09,2023-07-05,Multan,0.0,Instagram
ORD_01409,CUST_0057,PROD_028,Premium Widget 028,Clothing,3,281.98,845.94,2023-07-05,Multan,0.0,Instagram
ORD_01409,CUST_0057,PROD_014,Premium Widget 014,Books,4,102.56,410.26,2023-07-05,Multan,0.0,Instagram
ORD_01410,CUST_0396,PROD_032,Smart Item 032,Toys,3,354.06,1062.19,2024-08-07,Karachi,0.0,Instagram
ORD_01411,CUST_0387,PROD_035,Smart Widget 035,Toys,3,280.39,735.36,2023-03-25,Lahore,105.8,Google Ads
ORD_01411,CUST_0387,PROD_062,Smart Widget 062,Electronics,2,548.72,1097.45,2023-03-25,Lahore,0.0,Google Ads
ORD_01412,CUST_0407,PROD_070,Elite Device 070,Toys,3,225.78,677.34,2023-04-13,Karachi,0.0,Email
ORD_01412,CUST_0407,PROD_010,Pro Item 010,Sports,4,139.26,557.06,2023-04-13,Karachi,0.0,Email
ORD_01412,CUST_0407,PROD_010,Pro Item 010,Sports,3,162.45,487.34,2023-04-13,Karachi,0.0,Email
ORD_01413,CUST_0206,PROD_076,Smart Device 076,Home & Kitchen,1,518.87,518.87,2023-01-11,Faisalabad,0.0,Referral
ORD_01413,CUST_0206,PROD_040,Basic Widget 040,Clothing,2,509.53,1019.07,2023-01-11,Faisalabad,0.0,Referral
ORD_01413,CUST_0206,PROD_068,Basic Widget 068,Sports,4,422.86,1486.33,2023-01-11,Faisalabad,205.1,Referral
ORD_01414,CUST_0279,PROD_006,Smart Tool 006,Clothing,2,210.96,421.93,2023-02-03,Faisalabad,0.0,Email
ORD_01415,CUST_0433,PROD_043,Elite Device 043,Clothing,3,142.87,300.49,2025-02-27,Islamabad,128.13,Email
ORD_01415,CUST_0433,PROD_027,Basic Gadget 027,Sports,3,221.35,664.04,2025-02-27,Islamabad,0.0,Email
ORD_01416,CUST_0357,PROD_063,Basic Gadget 063,Beauty,1,218.74,218.74,2024-05-04,Multan,0.0,Organic
ORD_01416,CUST_0357,PROD_008,Elite Item 008,Home & Kitchen,1,80.11,80.11,2024-05-04,Multan,0.0,Organic
ORD_01416,CUST_0357,PROD_012,Elite Widget 012,Sports,4,130.06,398.08,2024-05-04,Multan,122.15,Organic
ORD_01416,CUST_0357,PROD_013,Smart Item 013,Sports,3,121.99,256.58,2024-05-04,Multan,109.39,Organic
ORD_01416,CUST_0357,PROD_039,Premium Item 039,Toys,4,432.72,1730.88,2024-05-04,Multan,0.0,Organic
ORD_01417,CUST_0497,PROD_012,Elite Widget 012,Sports,3,128.58,385.75,2024-06-17,Peshawar,0.0,Referral
ORD_01417,CUST_0497,PROD_069,Premium Item 069,Electronics,4,39.42,157.7,2024-06-17,Peshawar,0.0,Referral
ORD_01417,CUST_0497,PROD_018,Pro Widget 018,Sports,4,376.88,1507.5,2024-06-17,Peshawar,0.0,Referral
ORD_01417,CUST_0497,PROD_078,Basic Item 078,Beauty,2,195.92,391.84,2024-06-17,Peshawar,0.0,Referral
ORD_01417,CUST_0497,PROD_066,Elite Item 066,Beauty,3,350.05,1050.14,2024-06-17,Peshawar,0.0,Referral
ORD_01418,CUST_0220,PROD_071,Premium Device 071,Electronics,1,348.14,316.63,2023-07-12,Karachi,31.51,Google Ads
ORD_01418,CUST_0220,PROD_015,Pro Widget 015,Toys,4,105.32,421.27,2023-07-12,Karachi,0.0,Google Ads
ORD_01418,CUST_0220,PROD_037,Basic Device 037,Toys,2,415.7,831.4,2023-07-12,Karachi,0.0,Google Ads
ORD_01418,CUST_0220,PROD_045,Basic Item 045,Beauty,3,572.66,1717.97,2023-07-12,Karachi,0.0,Google Ads
ORD_01418,CUST_0220,PROD_031,Smart Widget 031,Books,1,424.17,424.17,2023-07-12,Karachi,0.0,Google Ads
ORD_01419,CUST_0027,PROD_024,Elite Tool 024,Clothing,4,115.55,462.19,2024-02-25,Multan,0.0,Instagram
ORD_01419,CUST_0027,PROD_045,Basic Item 045,Beauty,3,431.38,1294.14,2024-02-25,Multan,0.0,Instagram
ORD_01419,CUST_0027,PROD_064,Basic Tool 064,Electronics,3,104.94,314.82,2024-02-25,Multan,0.0,Instagram
ORD_01419,CUST_0027,PROD_047,Basic Gadget 047,Electronics,3,174.72,377.25,2024-02-25,Multan,146.9,Instagram
ORD_01419,CUST_0027,PROD_060,Premium Tool 060,Toys,3,435.62,1166.16,2024-02-25,Multan,140.7,Instagram
ORD_01420,CUST_0200,PROD_077,Basic Item 077,Clothing,2,167.12,334.25,2024-09-11,Faisalabad,0.0,Email
ORD_01420,CUST_0200,PROD_014,Premium Widget 014,Books,3,118.39,355.18,2024-09-11,Faisalabad,0.0,Email
ORD_01420,CUST_0200,PROD_052,Elite Gadget 052,Sports,2,70.81,129.03,2024-09-11,Faisalabad,12.59,Email
ORD_01421,CUST_0075,PROD_012,Elite Widget 012,Sports,4,132.52,530.08,2025-05-22,Rawalpindi,0.0,Referral
ORD_01421,CUST_0075,PROD_047,Basic Gadget 047,Electronics,4,166.31,665.25,2025-05-22,Rawalpindi,0.0,Referral
ORD_01422,CUST_0448,PROD_006,Smart Tool 006,Clothing,1,211.15,152.81,2023-01-09,Karachi,58.34,Referral
ORD_01422,CUST_0448,PROD_015,Pro Widget 015,Toys,2,99.51,168.62,2023-01-09,Karachi,30.4,Referral
ORD_01422,CUST_0448,PROD_054,Elite Tool 054,Clothing,2,50.84,86.06,2023-01-09,Karachi,15.62,Referral
ORD_01422,CUST_0448,PROD_014,Premium Widget 014,Books,1,97.5,73.73,2023-01-09,Karachi,23.77,Referral
ORD_01423,CUST_0210,PROD_035,Smart Widget 035,Toys,1,314.61,314.61,2024-07-08,Karachi,0.0,Referral
ORD_01423,CUST_0210,PROD_001,Premium Widget 001,Books,4,139.41,557.65,2024-07-08,Karachi,0.0,Referral
ORD_01423,CUST_0210,PROD_015,Pro Widget 015,Toys,1,116.68,111.03,2024-07-08,Karachi,5.65,Referral
ORD_01423,CUST_0210,PROD_030,Smart Tool 030,Sports,2,135.97,271.94,2024-07-08,Karachi,0.0,Referral
ORD_01423,CUST_0210,PROD_072,Premium Device 072,Electronics,2,311.39,622.78,2024-07-08,Karachi,0.0,Referral
ORD_01424,CUST_0242,PROD_046,Pro Tool 046,Sports,3,187.94,563.82,2023-12-01,Faisalabad,0.0,Google Ads
ORD_01424,CUST_0242,PROD_005,Smart Widget 005,Sports,3,105.38,294.51,2023-12-01,Faisalabad,21.64,Google Ads
ORD_01425,CUST_0456,PROD_032,Smart Item 032,Toys,3,345.72,742.91,2025-03-11,Multan,294.25,Organic
ORD_01426,CUST_0161,PROD_019,Smart Gadget 019,Clothing,2,261.69,523.38,2023-07-18,Peshawar,0.0,Instagram
ORD_01426,CUST_0161,PROD_017,Pro Gadget 017,Home & Kitchen,1,205.55,205.55,2023-07-18,Peshawar,0.0,Instagram
ORD_01426,CUST_0161,PROD_016,Premium Tool 016,Home & Kitchen,3,274.56,823.69,2023-07-18,Peshawar,0.0,Instagram
ORD_01427,CUST_0021,PROD_004,Premium Widget 004,Clothing,2,145.16,290.32,2024-09-05,Faisalabad,0.0,Google Ads
ORD_01427,CUST_0021,PROD_010,Pro Item 010,Sports,1,161.68,161.68,2024-09-05,Faisalabad,0.0,Google Ads
ORD_01427,CUST_0021,PROD_037,Basic Device 037,Toys,3,414.42,1243.26,2024-09-05,Faisalabad,0.0,Google Ads
ORD_01427,CUST_0021,PROD_043,Elite Device 043,Clothing,2,155.92,311.84,2024-09-05,Faisalabad,0.0,Google Ads
ORD_01428,CUST_0465,PROD_072,Premium Device 072,Electronics,4,381.73,1526.94,2023-04-08,Islamabad,0.0,Instagram
ORD_01428,CUST_0465,PROD_017,Pro Gadget 017,Home & Kitchen,1,160.17,127.78,2023-04-08,Islamabad,32.39,Instagram
ORD_01428,CUST_0465,PROD_079,Premium Widget 079,Beauty,2,254.33,508.67,2023-04-08,Islamabad,0.0,Instagram
ORD_01429,CUST_0177,PROD_004,Premium Widget 004,Clothing,2,122.25,244.49,2024-05-24,Multan,0.0,Referral
ORD_01429,CUST_0177,PROD_015,Pro Widget 015,Toys,2,104.09,169.41,2024-05-24,Multan,38.76,Referral
ORD_01429,CUST_0177,PROD_057,Pro Widget 057,Clothing,3,121.8,275.28,2024-05-24,Multan,90.11,Referral
ORD_01429,CUST_0177,PROD_052,Elite Gadget 052,Sports,1,69.41,69.41,2024-05-24,Multan,0.0,Referral
ORD_01429,CUST_0177,PROD_042,Premium Device 042,Toys,3,83.51,206.0,2024-05-24,Multan,44.52,Referral
ORD_01430,CUST_0157,PROD_024,Elite Tool 024,Clothing,1,158.47,138.03,2024-12-15,Faisalabad,20.44,Facebook
ORD_01431,CUST_0327,PROD_067,Smart Tool 067,Clothing,4,83.05,332.2,2023-02-20,Islamabad,0.0,Google Ads
ORD_01431,CUST_0327,PROD_007,Pro Widget 007,Toys,4,377.57,1510.29,2023-02-20,Islamabad,0.0,Google Ads
ORD_01431,CUST_0327,PROD_030,Smart Tool 030,Sports,4,146.84,587.35,2023-02-20,Islamabad,0.0,Google Ads
ORD_01432,CUST_0458,PROD_019,Smart Gadget 019,Clothing,4,228.41,799.0,2023-02-14,Rawalpindi,114.64,Facebook
ORD_01433,CUST_0287,PROD_008,Elite Item 008,Home & Kitchen,2,81.28,137.58,2023-03-12,Faisalabad,24.97,Email
ORD_01433,CUST_0287,PROD_025,Basic Device 025,Sports,4,151.11,575.29,2023-03-12,Faisalabad,29.15,Email
ORD_01433,CUST_0287,PROD_079,Premium Widget 079,Beauty,4,288.69,1154.75,2023-03-12,Faisalabad,0.0,Email
ORD_01434,CUST_0397,PROD_042,Premium Device 042,Toys,1,72.52,67.29,2025-05-07,Peshawar,5.23,Google Ads
ORD_01434,CUST_0397,PROD_019,Smart Gadget 019,Clothing,3,205.68,617.04,2025-05-07,Peshawar,0.0,Google Ads
ORD_01434,CUST_0397,PROD_001,Premium Widget 001,Books,1,131.67,131.67,2025-05-07,Peshawar,0.0,Google Ads
ORD_01434,CUST_0397,PROD_017,Pro Gadget 017,Home & Kitchen,3,155.41,466.23,2025-05-07,Peshawar,0.0,Google Ads
ORD_01435,CUST_0127,PROD_042,Premium Device 042,Toys,3,66.33,198.99,2025-06-13,Faisalabad,0.0,Organic
ORD_01435,CUST_0127,PROD_075,Smart Widget 075,Beauty,1,316.72,263.22,2025-06-13,Faisalabad,53.5,Organic
ORD_01435,CUST_0127,PROD_049,Premium Widget 049,Books,1,276.1,276.1,2025-06-13,Faisalabad,0.0,Organic
ORD_01435,CUST_0127,PROD_058,Smart Tool 058,Clothing,1,194.11,181.2,2025-06-13,Faisalabad,12.91,Organic
ORD_01436,CUST_0074,PROD_038,Premium Device 038,Home & Kitchen,3,217.62,652.87,2024-09-27,Multan,0.0,Email
ORD_01436,CUST_0074,PROD_011,Premium Tool 011,Sports,3,75.15,216.02,2024-09-27,Multan,9.42,Email
ORD_01436,CUST_0074,PROD_050,Basic Widget 050,Electronics,2,352.93,705.85,2024-09-27,Multan,0.0,Email
ORD_01437,CUST_0425,PROD_024,Elite Tool 024,Clothing,1,136.58,136.58,2023-05-24,Rawalpindi,0.0,Instagram
ORD_01437,CUST_0425,PROD_038,Premium Device 038,Home & Kitchen,2,259.42,514.72,2023-05-24,Rawalpindi,4.12,Instagram
ORD_01437,CUST_0425,PROD_012,Elite Widget 012,Sports,4,151.45,573.65,2023-05-24,Rawalpindi,32.14,Instagram
ORD_01437,CUST_0425,PROD_016,Premium Tool 016,Home & Kitchen,3,249.3,747.91,2023-05-24,Rawalpindi,0.0,Instagram
ORD_01437,CUST_0425,PROD_052,Elite Gadget 052,Sports,4,77.95,311.79,2023-05-24,Rawalpindi,0.0,Instagram
ORD_01438,CUST_0428,PROD_046,Pro Tool 046,Sports,1,274.81,274.81,2023-01-06,Lahore,0.0,Google Ads
ORD_01438,CUST_0428,PROD_030,Smart Tool 030,Sports,2,133.2,266.39,2023-01-06,Lahore,0.0,Google Ads
ORD_01438,CUST_0428,PROD_046,Pro Tool 046,Sports,1,202.09,202.09,2023-01-06,Lahore,0.0,Google Ads
ORD_01438,CUST_0428,PROD_013,Smart Item 013,Sports,1,87.81,87.81,2023-01-06,Lahore,0.0,Google Ads
ORD_01439,CUST_0125,PROD_063,Basic Gadget 063,Beauty,4,206.77,827.1,2023-08-05,Faisalabad,0.0,Google Ads
ORD_01439,CUST_0125,PROD_008,Elite Item 008,Home & Kitchen,1,75.28,75.28,2023-08-05,Faisalabad,0.0,Google Ads
ORD_01439,CUST_0125,PROD_044,Smart Tool 044,Clothing,4,390.64,1562.56,2023-08-05,Faisalabad,0.0,Google Ads
ORD_01440,CUST_0431,PROD_036,Smart Device 036,Clothing,4,70.08,250.58,2023-12-15,Multan,29.76,Referral
ORD_01440,CUST_0431,PROD_077,Basic Item 077,Clothing,3,112.26,336.77,2023-12-15,Multan,0.0,Referral
ORD_01440,CUST_0431,PROD_080,Smart Widget 080,Electronics,2,243.57,487.14,2023-12-15,Multan,0.0,Referral
ORD_01440,CUST_0431,PROD_045,Basic Item 045,Beauty,2,425.31,850.62,2023-12-15,Multan,0.0,Referral
ORD_01441,CUST_0493,PROD_010,Pro Item 010,Sports,3,130.21,390.63,2024-01-30,Rawalpindi,0.0,Email
ORD_01441,CUST_0493,PROD_037,Basic Device 037,Toys,2,451.63,871.21,2024-01-30,Rawalpindi,32.05,Email
ORD_01441,CUST_0493,PROD_038,Premium Device 038,Home & Kitchen,3,219.07,477.32,2024-01-30,Rawalpindi,179.9,Email
ORD_01441,CUST_0493,PROD_011,Premium Tool 011,Sports,4,84.65,338.61,2024-01-30,Rawalpindi,0.0,Email
ORD_01442,CUST_0216,PROD_045,Basic Item 045,Beauty,2,529.24,817.24,2024-12-29,Islamabad,241.23,Organic
ORD_01442,CUST_0216,PROD_009,Pro Widget 009,Electronics,2,159.01,318.02,2024-12-29,Islamabad,0.0,Organic
ORD_01442,CUST_0216,PROD_071,Premium Device 071,Electronics,1,482.07,413.12,2024-12-29,Islamabad,68.95,Organic
ORD_01442,CUST_0216,PROD_008,Elite Item 008,Home & Kitchen,4,91.77,298.26,2024-12-29,Islamabad,68.82,Organic
ORD_01443,CUST_0080,PROD_015,Pro Widget 015,Toys,4,123.0,492.0,2023-05-16,Karachi,0.0,Referral
ORD_01443,CUST_0080,PROD_057,Pro Widget 057,Clothing,1,99.16,80.34,2023-05-16,Karachi,18.82,Referral
ORD_01444,CUST_0105,PROD_026,Smart Tool 026,Sports,4,174.7,698.79,2023-12-10,Lahore,0.0,Google Ads
ORD_01444,CUST_0105,PROD_020,Pro Device 020,Clothing,1,396.45,396.45,2023-12-10,Lahore,0.0,Google Ads
ORD_01445,CUST_0326,PROD_048,Smart Device 048,Clothing,4,265.01,1060.02,2024-06-13,Multan,0.0,Email
ORD_01445,CUST_0326,PROD_011,Premium Tool 011,Sports,3,81.0,228.97,2024-06-13,Multan,14.04,Email
ORD_01445,CUST_0326,PROD_006,Smart Tool 006,Clothing,1,270.51,270.51,2024-06-13,Multan,0.0,Email
ORD_01446,CUST_0426,PROD_073,Basic Tool 073,Electronics,2,541.84,1059.9,2023-12-11,Faisalabad,23.78,Email
ORD_01446,CUST_0426,PROD_019,Smart Gadget 019,Clothing,3,230.58,691.75,2023-12-11,Faisalabad,0.0,Email
ORD_01447,CUST_0321,PROD_027,Basic Gadget 027,Sports,2,299.25,502.38,2024-05-29,Rawalpindi,96.13,Email
ORD_01447,CUST_0321,PROD_034,Premium Item 034,Sports,1,381.96,381.96,2024-05-29,Rawalpindi,0.0,Email
ORD_01447,CUST_0321,PROD_064,Basic Tool 064,Electronics,4,84.96,339.83,2024-05-29,Rawalpindi,0.0,Email
ORD_01447,CUST_0321,PROD_044,Smart Tool 044,Clothing,2,543.2,1086.4,2024-05-29,Rawalpindi,0.0,Email
ORD_01448,CUST_0049,PROD_050,Basic Widget 050,Electronics,3,373.21,1119.62,2023-04-11,Multan,0.0,Organic
ORD_01448,CUST_0049,PROD_038,Premium Device 038,Home & Kitchen,2,242.54,357.49,2023-04-11,Multan,127.6,Organic
ORD_01448,CUST_0049,PROD_048,Smart Device 048,Clothing,1,334.8,334.8,2023-04-11,Multan,0.0,Organic
ORD_01449,CUST_0144,PROD_063,Basic Gadget 063,Beauty,3,265.08,795.25,2023-11-20,Lahore,0.0,Google Ads
ORD_01449,CUST_0144,PROD_050,Basic Widget 050,Electronics,4,513.57,2054.28,2023-11-20,Lahore,0.0,Google Ads
ORD_01449,CUST_0144,PROD_057,Pro Widget 057,Clothing,3,107.56,322.69,2023-11-20,Lahore,0.0,Google Ads
ORD_01450,CUST_0143,PROD_048,Smart Device 048,Clothing,1,241.26,241.26,2025-04-13,Islamabad,0.0,Referral
ORD_01450,CUST_0143,PROD_018,Pro Widget 018,Sports,3,257.66,772.98,2025-04-13,Islamabad,0.0,Referral
ORD_01450,CUST_0143,PROD_017,Pro Gadget 017,Home & Kitchen,4,171.34,685.36,2025-04-13,Islamabad,0.0,Referral
ORD_01450,CUST_0143,PROD_043,Elite Device 043,Clothing,1,119.9,88.74,2025-04-13,Islamabad,31.16,Referral
ORD_01450,CUST_0143,PROD_017,Pro Gadget 017,Home & Kitchen,4,211.75,801.44,2025-04-13,Islamabad,45.57,Referral
ORD_01451,CUST_0484,PROD_079,Premium Widget 079,Beauty,4,324.97,1299.89,2023-08-25,Multan,0.0,Organic
ORD_01451,CUST_0484,PROD_035,Smart Widget 035,Toys,2,262.35,524.7,2023-08-25,Multan,0.0,Organic
ORD_01451,CUST_0484,PROD_039,Premium Item 039,Toys,4,465.09,1357.49,2023-08-25,Multan,502.88,Organic
ORD_01452,CUST_0096,PROD_060,Premium Tool 060,Toys,1,395.23,395.23,2023-05-31,Islamabad,0.0,Instagram
ORD_01452,CUST_0096,PROD_064,Basic Tool 064,Electronics,4,103.65,414.61,2023-05-31,Islamabad,0.0,Instagram
ORD_01453,CUST_0060,PROD_007,Pro Widget 007,Toys,4,327.8,1311.21,2025-06-03,Islamabad,0.0,Referral
ORD_01453,CUST_0060,PROD_079,Premium Widget 079,Beauty,2,263.27,526.53,2025-06-03,Islamabad,0.0,Referral
ORD_01453,CUST_0060,PROD_019,Smart Gadget 019,Clothing,2,207.47,305.3,2025-06-03,Islamabad,109.65,Referral
ORD_01453,CUST_0060,PROD_008,Elite Item 008,Home & Kitchen,3,79.86,211.21,2025-06-03,Islamabad,28.37,Referral
ORD_01453,CUST_0060,PROD_052,Elite Gadget 052,Sports,4,60.22,240.86,2025-06-03,Islamabad,0.0,Referral
ORD_01454,CUST_0323,PROD_055,Elite Item 055,Beauty,2,169.52,339.04,2023-08-13,Peshawar,0.0,Email
ORD_01454,CUST_0323,PROD_018,Pro Widget 018,Sports,2,260.39,513.12,2023-08-13,Peshawar,7.66,Email
ORD_01455,CUST_0455,PROD_035,Smart Widget 035,Toys,2,302.19,604.37,2025-01-07,Islamabad,0.0,Email
ORD_01455,CUST_0455,PROD_070,Elite Device 070,Toys,2,238.32,416.17,2025-01-07,Islamabad,60.46,Email
ORD_01455,CUST_0455,PROD_058,Smart Tool 058,Clothing,4,175.36,666.45,2025-01-07,Islamabad,35.01,Email
ORD_01455,CUST_0455,PROD_070,Elite Device 070,Toys,4,270.12,1052.66,2025-01-07,Islamabad,27.81,Email
ORD_01455,CUST_0455,PROD_027,Basic Gadget 027,Sports,4,202.34,809.34,2025-01-07,Islamabad,0.0,Email
ORD_01456,CUST_0347,PROD_077,Basic Item 077,Clothing,2,113.47,164.49,2023-09-17,Islamabad,62.44,Instagram
ORD_01456,CUST_0347,PROD_036,Smart Device 036,Clothing,1,71.77,71.77,2023-09-17,Islamabad,0.0,Instagram
ORD_01456,CUST_0347,PROD_034,Premium Item 034,Sports,3,423.78,1271.34,2023-09-17,Islamabad,0.0,Instagram
ORD_01456,CUST_0347,PROD_073,Basic Tool 073,Electronics,2,447.66,635.02,2023-09-17,Islamabad,260.3,Instagram
ORD_01456,CUST_0347,PROD_001,Premium Widget 001,Books,1,122.08,122.08,2023-09-17,Islamabad,0.0,Instagram
ORD_01457,CUST_0201,PROD_008,Elite Item 008,Home & Kitchen,1,76.42,76.42,2023-04-23,Islamabad,0.0,Email
ORD_01457,CUST_0201,PROD_066,Elite Item 066,Beauty,1,321.23,315.33,2023-04-23,Islamabad,5.9,Email
ORD_01457,CUST_0201,PROD_008,Elite Item 008,Home & Kitchen,3,77.29,231.86,2023-04-23,Islamabad,0.0,Email
ORD_01457,CUST_0201,PROD_050,Basic Widget 050,Electronics,3,358.06,1074.18,2023-04-23,Islamabad,0.0,Email
ORD_01458,CUST_0170,PROD_014,Premium Widget 014,Books,3,122.4,367.21,2023-07-15,Multan,0.0,Referral
ORD_01458,CUST_0170,PROD_040,Basic Widget 040,Clothing,4,408.47,1633.9,2023-07-15,Multan,0.0,Referral
ORD_01458,CUST_0170,PROD_026,Smart Tool 026,Sports,1,215.95,215.95,2023-07-15,Multan,0.0,Referral
ORD_01458,CUST_0170,PROD_052,Elite Gadget 052,Sports,3,71.28,213.84,2023-07-15,Multan,0.0,Referral
ORD_01458,CUST_0170,PROD_063,Basic Gadget 063,Beauty,4,252.81,1011.25,2023-07-15,Multan,0.0,Referral
ORD_01459,CUST_0493,PROD_014,Premium Widget 014,Books,4,141.01,564.05,2024-09-14,Lahore,0.0,Instagram
ORD_01460,CUST_0287,PROD_014,Premium Widget 014,Books,4,101.88,407.53,2024-10-23,Rawalpindi,0.0,Referral
ORD_01460,CUST_0287,PROD_050,Basic Widget 050,Electronics,4,514.18,2056.71,2024-10-23,Rawalpindi,0.0,Referral
ORD_01461,CUST_0217,PROD_061,Smart Widget 061,Electronics,4,321.45,1285.79,2023-04-26,Faisalabad,0.0,Email
ORD_01462,CUST_0365,PROD_021,Premium Gadget 021,Toys,4,21.26,66.69,2024-06-17,Multan,18.35,Google Ads
ORD_01462,CUST_0365,PROD_004,Premium Widget 004,Clothing,3,147.29,441.88,2024-06-17,Multan,0.0,Google Ads
ORD_01463,CUST_0192,PROD_070,Elite Device 070,Toys,1,279.77,279.77,2023-07-14,Islamabad,0.0,Referral
ORD_01463,CUST_0192,PROD_057,Pro Widget 057,Clothing,2,105.77,211.54,2023-07-14,Islamabad,0.0,Referral
ORD_01463,CUST_0192,PROD_031,Smart Widget 031,Books,2,374.55,749.11,2023-07-14,Islamabad,0.0,Referral
ORD_01464,CUST_0390,PROD_050,Basic Widget 050,Electronics,4,458.72,1834.9,2024-06-05,Islamabad,0.0,Google Ads
ORD_01464,CUST_0390,PROD_062,Smart Widget 062,Electronics,3,474.97,1424.92,2024-06-05,Islamabad,0.0,Google Ads
ORD_01465,CUST_0170,PROD_071,Premium Device 071,Electronics,4,445.06,1780.23,2024-07-06,Rawalpindi,0.0,Instagram
ORD_01465,CUST_0170,PROD_026,Smart Tool 026,Sports,1,177.04,177.04,2024-07-06,Rawalpindi,0.0,Instagram
ORD_01465,CUST_0170,PROD_027,Basic Gadget 027,Sports,2,292.21,584.41,2024-07-06,Rawalpindi,0.0,Instagram
ORD_01466,CUST_0246,PROD_072,Premium Device 072,Electronics,2,307.45,614.91,2025-02-11,Rawalpindi,0.0,Email
ORD_01466,CUST_0246,PROD_048,Smart Device 048,Clothing,1,258.32,258.32,2025-02-11,Rawalpindi,0.0,Email
ORD_01466,CUST_0246,PROD_067,Smart Tool 067,Clothing,3,121.33,363.98,2025-02-11,Rawalpindi,0.0,Email
ORD_01466,CUST_0246,PROD_031,Smart Widget 031,Books,1,407.28,407.28,2025-02-11,Rawalpindi,0.0,Email
ORD_01467,CUST_0098,PROD_017,Pro Gadget 017,Home & Kitchen,1,194.31,181.27,2023-01-08,Faisalabad,13.04,Instagram
ORD_01467,CUST_0098,PROD_022,Pro Tool 022,Home & Kitchen,4,47.41,189.64,2023-01-08,Faisalabad,0.0,Instagram
ORD_01467,CUST_0098,PROD_015,Pro Widget 015,Toys,1,142.87,142.87,2023-01-08,Faisalabad,0.0,Instagram
ORD_01467,CUST_0098,PROD_018,Pro Widget 018,Sports,3,273.39,659.63,2023-01-08,Faisalabad,160.54,Instagram
ORD_01467,CUST_0098,PROD_050,Basic Widget 050,Electronics,2,345.17,688.54,2023-01-08,Faisalabad,1.79,Instagram
ORD_01468,CUST_0465,PROD_019,Smart Gadget 019,Clothing,3,202.53,607.59,2023-03-26,Karachi,0.0,Organic
ORD_01468,CUST_0465,PROD_038,Premium Device 038,Home & Kitchen,4,221.15,870.84,2023-03-26,Karachi,13.75,Organic
ORD_01469,CUST_0379,PROD_058,Smart Tool 058,Clothing,4,181.52,523.96,2024-11-05,Peshawar,202.12,Referral
ORD_01469,CUST_0379,PROD_055,Elite Item 055,Beauty,1,226.48,226.48,2024-11-05,Peshawar,0.0,Referral
ORD_01469,CUST_0379,PROD_061,Smart Widget 061,Electronics,1,313.23,272.4,2024-11-05,Peshawar,40.83,Referral
ORD_01469,CUST_0379,PROD_052,Elite Gadget 052,Sports,4,82.9,331.61,2024-11-05,Peshawar,0.0,Referral
ORD_01470,CUST_0021,PROD_049,Premium Widget 049,Books,2,280.26,557.83,2024-09-13,Multan,2.7,Referral
ORD_01470,CUST_0021,PROD_079,Premium Widget 079,Beauty,3,270.65,607.44,2024-09-13,Multan,204.52,Referral
ORD_01470,CUST_0021,PROD_018,Pro Widget 018,Sports,4,344.54,1378.15,2024-09-13,Multan,0.0,Referral
ORD_01470,CUST_0021,PROD_059,Pro Tool 059,Clothing,2,518.69,1037.38,2024-09-13,Multan,0.0,Referral
ORD_01470,CUST_0021,PROD_012,Elite Widget 012,Sports,1,169.66,169.66,2024-09-13,Multan,0.0,Referral
ORD_01471,CUST_0320,PROD_047,Basic Gadget 047,Electronics,3,174.13,522.39,2024-12-21,Rawalpindi,0.0,Organic
ORD_01472,CUST_0026,PROD_076,Smart Device 076,Home & Kitchen,1,389.87,385.53,2025-02-19,Islamabad,4.34,Instagram
ORD_01473,CUST_0360,PROD_020,Pro Device 020,Clothing,4,277.6,1110.4,2023-04-09,Karachi,0.0,Instagram
ORD_01474,CUST_0069,PROD_027,Basic Gadget 027,Sports,3,286.54,705.44,2024-02-15,Faisalabad,154.18,Email
ORD_01474,CUST_0069,PROD_072,Premium Device 072,Electronics,2,302.76,605.53,2024-02-15,Faisalabad,0.0,Email
ORD_01474,CUST_0069,PROD_065,Premium Tool 065,Home & Kitchen,2,437.66,717.74,2024-02-15,Faisalabad,157.59,Email
ORD_01475,CUST_0056,PROD_073,Basic Tool 073,Electronics,1,531.38,531.38,2023-10-18,Rawalpindi,0.0,Instagram
ORD_01475,CUST_0056,PROD_065,Premium Tool 065,Home & Kitchen,4,554.0,2215.98,2023-10-18,Rawalpindi,0.0,Instagram
ORD_01475,CUST_0056,PROD_037,Basic Device 037,Toys,2,519.7,1039.41,2023-10-18,Rawalpindi,0.0,Instagram
ORD_01475,CUST_0056,PROD_027,Basic Gadget 027,Sports,1,296.38,234.79,2023-10-18,Rawalpindi,61.59,Instagram
ORD_01475,CUST_0056,PROD_053,Smart Device 053,Beauty,4,122.09,467.57,2023-10-18,Rawalpindi,20.8,Instagram
ORD_01476,CUST_0202,PROD_022,Pro Tool 022,Home & Kitchen,4,45.31,181.25,2024-07-05,Islamabad,0.0,Email
ORD_01476,CUST_0202,PROD_006,Smart Tool 006,Clothing,1,247.53,198.68,2024-07-05,Islamabad,48.85,Email
ORD_01476,CUST_0202,PROD_003,Smart Widget 003,Sports,4,230.96,923.86,2024-07-05,Islamabad,0.0,Email
ORD_01477,CUST_0342,PROD_041,Premium Widget 041,Books,1,257.0,257.0,2025-02-03,Peshawar,0.0,Organic
ORD_01477,CUST_0342,PROD_044,Smart Tool 044,Clothing,3,410.93,1232.78,2025-02-03,Peshawar,0.0,Organic
ORD_01477,CUST_0342,PROD_015,Pro Widget 015,Toys,4,146.62,586.48,2025-02-03,Peshawar,0.0,Organic
ORD_01477,CUST_0342,PROD_008,Elite Item 008,Home & Kitchen,2,103.01,206.03,2025-02-03,Peshawar,0.0,Organic
ORD_01478,CUST_0216,PROD_026,Smart Tool 026,Sports,1,171.92,171.92,2025-05-15,Rawalpindi,0.0,Email
ORD_01478,CUST_0216,PROD_005,Smart Widget 005,Sports,1,108.56,108.56,2025-05-15,Rawalpindi,0.0,Email
ORD_01479,CUST_0121,PROD_015,Pro Widget 015,Toys,1,139.43,139.43,2023-03-09,Rawalpindi,0.0,Email
ORD_01479,CUST_0121,PROD_069,Premium Item 069,Electronics,1,30.06,21.51,2023-03-09,Rawalpindi,8.55,Email
ORD_01479,CUST_0121,PROD_043,Elite Device 043,Clothing,3,115.51,346.53,2023-03-09,Rawalpindi,0.0,Email
ORD_01479,CUST_0121,PROD_077,Basic Item 077,Clothing,2,147.16,294.31,2023-03-09,Rawalpindi,0.0,Email
ORD_01479,CUST_0121,PROD_030,Smart Tool 030,Sports,1,155.75,126.16,2023-03-09,Rawalpindi,29.59,Email
ORD_01480,CUST_0214,PROD_051,Premium Device 051,Clothing,2,148.43,251.28,2024-03-10,Lahore,45.58,Instagram
ORD_01481,CUST_0416,PROD_055,Elite Item 055,Beauty,1,198.65,153.3,2023-03-26,Lahore,45.35,Referral
ORD_01481,CUST_0416,PROD_039,Premium Item 039,Toys,4,469.22,1443.83,2023-03-26,Lahore,433.05,Referral
ORD_01482,CUST_0434,PROD_010,Pro Item 010,Sports,1,113.73,113.73,2023-01-04,Multan,0.0,Google Ads
ORD_01482,CUST_0434,PROD_071,Premium Device 071,Electronics,2,456.95,911.61,2023-01-04,Multan,2.29,Google Ads
ORD_01482,CUST_0434,PROD_079,Premium Widget 079,Beauty,4,314.02,1256.07,2023-01-04,Multan,0.0,Google Ads
ORD_01483,CUST_0230,PROD_013,Smart Item 013,Sports,1,114.52,114.52,2024-09-25,Islamabad,0.0,Google Ads
ORD_01483,CUST_0230,PROD_055,Elite Item 055,Beauty,2,209.27,418.54,2024-09-25,Islamabad,0.0,Google Ads
ORD_01483,CUST_0230,PROD_046,Pro Tool 046,Sports,1,255.04,255.04,2024-09-25,Islamabad,0.0,Google Ads
ORD_01483,CUST_0230,PROD_063,Basic Gadget 063,Beauty,4,245.87,833.28,2024-09-25,Islamabad,150.2,Google Ads
ORD_01483,CUST_0230,PROD_062,Smart Widget 062,Electronics,4,532.53,2130.12,2024-09-25,Islamabad,0.0,Google Ads
ORD_01484,CUST_0272,PROD_056,Premium Widget 056,Electronics,3,167.86,443.68,2024-07-09,Rawalpindi,59.9,Google Ads
ORD_01484,CUST_0272,PROD_021,Premium Gadget 021,Toys,4,30.1,120.39,2024-07-09,Rawalpindi,0.0,Google Ads
ORD_01485,CUST_0082,PROD_057,Pro Widget 057,Clothing,1,106.78,92.44,2023-07-08,Rawalpindi,14.34,Instagram
ORD_01485,CUST_0082,PROD_051,Premium Device 051,Clothing,1,172.79,155.95,2023-07-08,Rawalpindi,16.84,Instagram
ORD_01485,CUST_0082,PROD_024,Elite Tool 024,Clothing,1,137.77,137.77,2023-07-08,Rawalpindi,0.0,Instagram
ORD_01485,CUST_0082,PROD_031,Smart Widget 031,Books,3,372.68,1118.04,2023-07-08,Rawalpindi,0.0,Instagram
ORD_01486,CUST_0166,PROD_060,Premium Tool 060,Toys,2,420.62,630.28,2023-12-16,Rawalpindi,210.97,Instagram
ORD_01486,CUST_0166,PROD_049,Premium Widget 049,Books,3,258.58,563.46,2023-12-16,Rawalpindi,212.27,Instagram
ORD_01486,CUST_0166,PROD_048,Smart Device 048,Clothing,1,276.51,200.32,2023-12-16,Rawalpindi,76.19,Instagram
ORD_01486,CUST_0166,PROD_038,Premium Device 038,Home & Kitchen,1,276.68,276.68,2023-12-16,Rawalpindi,0.0,Instagram
ORD_01486,CUST_0166,PROD_050,Basic Widget 050,Electronics,3,428.26,1284.78,2023-12-16,Rawalpindi,0.0,Instagram
ORD_01487,CUST_0293,PROD_051,Premium Device 051,Clothing,3,164.11,492.32,2023-03-13,Faisalabad,0.0,Facebook
ORD_01487,CUST_0293,PROD_057,Pro Widget 057,Clothing,1,110.04,99.86,2023-03-13,Faisalabad,10.18,Facebook
ORD_01488,CUST_0220,PROD_047,Basic Gadget 047,Electronics,1,140.83,129.77,2023-02-10,Peshawar,11.06,Referral
ORD_01489,CUST_0305,PROD_072,Premium Device 072,Electronics,4,320.34,1281.37,2024-12-21,Faisalabad,0.0,Instagram
ORD_01489,CUST_0305,PROD_007,Pro Widget 007,Toys,2,427.94,704.47,2024-12-21,Faisalabad,151.4,Instagram
ORD_01490,CUST_0010,PROD_044,Smart Tool 044,Clothing,1,384.01,384.01,2023-05-07,Multan,0.0,Google Ads
ORD_01491,CUST_0428,PROD_022,Pro Tool 022,Home & Kitchen,1,40.76,36.55,2024-10-02,Rawalpindi,4.21,Facebook
ORD_01492,CUST_0093,PROD_053,Smart Device 053,Beauty,2,145.63,289.9,2023-06-15,Peshawar,1.37,Google Ads
ORD_01492,CUST_0093,PROD_022,Pro Tool 022,Home & Kitchen,1,34.18,27.63,2023-06-15,Peshawar,6.55,Google Ads
ORD_01493,CUST_0011,PROD_050,Basic Widget 050,Electronics,4,368.93,1221.51,2023-05-20,Peshawar,254.22,Google Ads
ORD_01493,CUST_0011,PROD_047,Basic Gadget 047,Electronics,2,173.52,280.92,2023-05-20,Peshawar,66.12,Google Ads
ORD_01493,CUST_0011,PROD_004,Premium Widget 004,Clothing,3,123.74,360.98,2023-05-20,Peshawar,10.25,Google Ads
ORD_01494,CUST_0329,PROD_077,Basic Item 077,Clothing,3,162.65,354.98,2025-02-19,Islamabad,132.96,Instagram
ORD_01494,CUST_0329,PROD_033,Premium Item 033,Beauty,1,95.21,95.21,2025-02-19,Islamabad,0.0,Instagram
ORD_01494,CUST_0329,PROD_064,Basic Tool 064,Electronics,2,85.66,171.32,2025-02-19,Islamabad,0.0,Instagram
ORD_01495,CUST_0482,PROD_009,Pro Widget 009,Electronics,3,186.81,560.43,2024-01-17,Islamabad,0.0,Facebook
ORD_01495,CUST_0482,PROD_071,Premium Device 071,Electronics,4,402.2,1512.94,2024-01-17,Islamabad,95.87,Facebook
ORD_01496,CUST_0383,PROD_038,Premium Device 038,Home & Kitchen,2,265.52,426.71,2025-06-12,Faisalabad,104.33,Google Ads
ORD_01496,CUST_0383,PROD_055,Elite Item 055,Beauty,2,241.44,451.6,2025-06-12,Faisalabad,31.27,Google Ads
ORD_01496,CUST_0383,PROD_051,Premium Device 051,Clothing,3,147.48,442.44,2025-06-12,Faisalabad,0.0,Google Ads
ORD_01497,CUST_0016,PROD_068,Basic Widget 068,Sports,4,297.09,1188.34,2025-05-31,Rawalpindi,0.0,Facebook
ORD_01497,CUST_0016,PROD_078,Basic Item 078,Beauty,3,148.02,357.41,2025-05-31,Rawalpindi,86.65,Facebook
ORD_01497,CUST_0016,PROD_079,Premium Widget 079,Beauty,2,334.1,607.91,2025-05-31,Rawalpindi,60.29,Facebook
ORD_01497,CUST_0016,PROD_056,Premium Widget 056,Electronics,3,237.67,713.01,2025-05-31,Rawalpindi,0.0,Facebook
ORD_01498,CUST_0013,PROD_047,Basic Gadget 047,Electronics,1,182.4,182.4,2025-02-20,Islamabad,0.0,Organic
ORD_01498,CUST_0013,PROD_052,Elite Gadget 052,Sports,4,64.81,255.25,2025-02-20,Islamabad,3.98,Organic
ORD_01498,CUST_0013,PROD_026,Smart Tool 026,Sports,3,178.74,439.14,2025-02-20,Islamabad,97.08,Organic
ORD_01499,CUST_0101,PROD_058,Smart Tool 058,Clothing,2,252.67,505.34,2024-08-03,Multan,0.0,Instagram
ORD_01500,CUST_0073,PROD_045,Basic Item 045,Beauty,1,446.2,437.71,2025-05-14,Islamabad,8.49,Facebook
ORD_01500,CUST_0073,PROD_018,Pro Widget 018,Sports,3,328.73,986.19,2025-05-14,Islamabad,0.0,Facebook
ORD_01500,CUST_0073,PROD_046,Pro Tool 046,Sports,1,247.56,200.32,2025-05-14,Islamabad,47.24,Facebook
ORD_01500,CUST_0073,PROD_039,Premium Item 039,Toys,3,328.01,984.03,2025-05-14,Islamabad,0.0,Facebook
ORD_01500,CUST_0073,PROD_072,Premium Device 072,Electronics,1,315.17,315.17,2025-05-14,Islamabad,0.0,Facebook
ORD_01501,CUST_0453,PROD_034,Premium Item 034,Sports,2,433.1,704.97,2023-03-08,Rawalpindi,161.23,Email
ORD_01501,CUST_0453,PROD_043,Elite Device 043,Clothing,2,116.31,169.41,2023-03-08,Rawalpindi,63.2,Email
ORD_01502,CUST_0058,PROD_074,Smart Gadget 074,Sports,1,274.16,241.17,2023-05-26,Multan,32.99,Facebook
ORD_01502,CUST_0058,PROD_024,Elite Tool 024,Clothing,4,157.52,630.09,2023-05-26,Multan,0.0,Facebook
ORD_01503,CUST_0223,PROD_045,Basic Item 045,Beauty,1,535.82,535.82,2025-05-10,Lahore,0.0,Referral
ORD_01503,CUST_0223,PROD_064,Basic Tool 064,Electronics,2,91.7,183.41,2025-05-10,Lahore,0.0,Referral
ORD_01503,CUST_0223,PROD_045,Basic Item 045,Beauty,3,456.33,1262.4,2025-05-10,Lahore,106.59,Referral
ORD_01503,CUST_0223,PROD_056,Premium Widget 056,Electronics,1,232.0,188.44,2025-05-10,Lahore,43.56,Referral
ORD_01504,CUST_0300,PROD_062,Smart Widget 062,Electronics,3,434.98,1304.93,2023-08-26,Karachi,0.0,Organic
ORD_01504,CUST_0300,PROD_029,Elite Device 029,Electronics,4,214.31,749.76,2023-08-26,Karachi,107.47,Organic
ORD_01504,CUST_0300,PROD_061,Smart Widget 061,Electronics,2,335.33,670.65,2023-08-26,Karachi,0.0,Organic
ORD_01505,CUST_0234,PROD_050,Basic Widget 050,Electronics,1,517.07,517.07,2023-07-24,Rawalpindi,0.0,Facebook
ORD_01505,CUST_0234,PROD_012,Elite Widget 012,Sports,3,173.97,521.91,2023-07-24,Rawalpindi,0.0,Facebook
ORD_01506,CUST_0217,PROD_033,Premium Item 033,Beauty,1,76.08,76.08,2025-01-06,Peshawar,0.0,Instagram
ORD_01506,CUST_0217,PROD_066,Elite Item 066,Beauty,3,354.94,1064.83,2025-01-06,Peshawar,0.0,Instagram
ORD_01507,CUST_0402,PROD_002,Basic Gadget 002,Books,1,58.39,58.39,2024-11-01,Rawalpindi,0.0,Google Ads
ORD_01507,CUST_0402,PROD_078,Basic Item 078,Beauty,4,147.81,549.58,2024-11-01,Rawalpindi,41.66,Google Ads
ORD_01507,CUST_0402,PROD_080,Smart Widget 080,Electronics,3,322.64,967.92,2024-11-01,Rawalpindi,0.0,Google Ads
ORD_01507,CUST_0402,PROD_064,Basic Tool 064,Electronics,1,83.81,83.81,2024-11-01,Rawalpindi,0.0,Google Ads
ORD_01508,CUST_0169,PROD_070,Elite Device 070,Toys,2,315.4,630.8,2025-01-08,Peshawar,0.0,Email
ORD_01508,CUST_0169,PROD_054,Elite Tool 054,Clothing,4,50.09,143.41,2025-01-08,Peshawar,56.96,Email
ORD_01508,CUST_0169,PROD_028,Premium Widget 028,Clothing,3,353.21,890.83,2025-01-08,Peshawar,168.81,Email
ORD_01508,CUST_0169,PROD_072,Premium Device 072,Electronics,1,314.75,314.75,2025-01-08,Peshawar,0.0,Email
ORD_01508,CUST_0169,PROD_012,Elite Widget 012,Sports,3,162.89,488.68,2025-01-08,Peshawar,0.0,Email
ORD_01509,CUST_0190,PROD_047,Basic Gadget 047,Electronics,1,200.89,200.89,2024-09-14,Rawalpindi,0.0,Facebook
ORD_01509,CUST_0190,PROD_023,Smart Item 023,Clothing,2,279.11,558.22,2024-09-14,Rawalpindi,0.0,Facebook
ORD_01510,CUST_0242,PROD_060,Premium Tool 060,Toys,2,450.44,900.89,2024-01-06,Rawalpindi,0.0,Instagram
ORD_01510,CUST_0242,PROD_043,Elite Device 043,Clothing,3,144.94,352.82,2024-01-06,Rawalpindi,82.01,Instagram
ORD_01510,CUST_0242,PROD_025,Basic Device 025,Sports,1,139.92,112.77,2024-01-06,Rawalpindi,27.15,Instagram
ORD_01511,CUST_0128,PROD_011,Premium Tool 011,Sports,1,76.45,61.21,2024-03-22,Islamabad,15.24,Google Ads
ORD_01511,CUST_0128,PROD_075,Smart Widget 075,Beauty,4,329.94,1277.31,2024-03-22,Islamabad,42.44,Google Ads
ORD_01511,CUST_0128,PROD_003,Smart Widget 003,Sports,4,186.14,744.57,2024-03-22,Islamabad,0.0,Google Ads
ORD_01511,CUST_0128,PROD_060,Premium Tool 060,Toys,2,413.02,741.85,2024-03-22,Islamabad,84.19,Google Ads
ORD_01511,CUST_0128,PROD_009,Pro Widget 009,Electronics,4,173.69,694.76,2024-03-22,Islamabad,0.0,Google Ads
ORD_01512,CUST_0058,PROD_079,Premium Widget 079,Beauty,1,345.01,294.38,2025-05-12,Lahore,50.63,Referral
ORD_01512,CUST_0058,PROD_080,Smart Widget 080,Electronics,2,235.89,471.79,2025-05-12,Lahore,0.0,Referral
ORD_01512,CUST_0058,PROD_032,Smart Item 032,Toys,4,332.78,1331.12,2025-05-12,Lahore,0.0,Referral
ORD_01512,CUST_0058,PROD_042,Premium Device 042,Toys,4,63.54,254.15,2025-05-12,Lahore,0.0,Referral
ORD_01513,CUST_0399,PROD_046,Pro Tool 046,Sports,2,237.23,405.1,2024-05-10,Peshawar,69.36,Organic
ORD_01514,CUST_0227,PROD_080,Smart Widget 080,Electronics,1,259.57,259.57,2024-10-20,Islamabad,0.0,Email
ORD_01514,CUST_0227,PROD_033,Premium Item 033,Beauty,3,81.12,243.37,2024-10-20,Islamabad,0.0,Email
ORD_01514,CUST_0227,PROD_023,Smart Item 023,Clothing,1,282.27,219.4,2024-10-20,Islamabad,62.87,Email
ORD_01515,CUST_0267,PROD_079,Premium Widget 079,Beauty,1,363.04,329.31,2023-09-07,Rawalpindi,33.73,Email
ORD_01515,CUST_0267,PROD_045,Basic Item 045,Beauty,1,431.95,431.95,2023-09-07,Rawalpindi,0.0,Email
ORD_01515,CUST_0267,PROD_052,Elite Gadget 052,Sports,4,82.65,330.6,2023-09-07,Rawalpindi,0.0,Email
ORD_01515,CUST_0267,PROD_007,Pro Widget 007,Toys,3,325.26,744.9,2023-09-07,Rawalpindi,230.87,Email
ORD_01515,CUST_0267,PROD_035,Smart Widget 035,Toys,4,339.79,1359.18,2023-09-07,Rawalpindi,0.0,Email
ORD_01516,CUST_0179,PROD_019,Smart Gadget 019,Clothing,2,263.83,527.66,2023-11-01,Faisalabad,0.0,Referral
ORD_01517,CUST_0050,PROD_017,Pro Gadget 017,Home & Kitchen,4,159.97,639.87,2023-02-15,Lahore,0.0,Email
ORD_01518,CUST_0385,PROD_036,Smart Device 036,Clothing,4,69.95,279.81,2023-11-18,Lahore,0.0,Google Ads
ORD_01519,CUST_0082,PROD_069,Premium Item 069,Electronics,2,32.66,65.31,2023-06-02,Karachi,0.0,Google Ads
ORD_01520,CUST_0017,PROD_010,Pro Item 010,Sports,4,140.9,455.87,2025-02-28,Multan,107.74,Google Ads
ORD_01520,CUST_0017,PROD_029,Elite Device 029,Electronics,4,225.63,902.51,2025-02-28,Multan,0.0,Google Ads
ORD_01520,CUST_0017,PROD_073,Basic Tool 073,Electronics,1,499.38,351.01,2025-02-28,Multan,148.37,Google Ads
ORD_01520,CUST_0017,PROD_049,Premium Widget 049,Books,1,314.88,314.88,2025-02-28,Multan,0.0,Google Ads
ORD_01520,CUST_0017,PROD_040,Basic Widget 040,Clothing,4,427.61,1710.46,2025-02-28,Multan,0.0,Google Ads
ORD_01521,CUST_0022,PROD_033,Premium Item 033,Beauty,1,97.32,70.65,2023-01-24,Lahore,26.67,Organic
ORD_01521,CUST_0022,PROD_059,Pro Tool 059,Clothing,1,426.87,426.87,2023-01-24,Lahore,0.0,Organic
ORD_01521,CUST_0022,PROD_047,Basic Gadget 047,Electronics,1,196.35,146.99,2023-01-24,Lahore,49.36,Organic
ORD_01522,CUST_0165,PROD_001,Premium Widget 001,Books,3,120.49,361.48,2023-04-17,Lahore,0.0,Instagram
ORD_01522,CUST_0165,PROD_075,Smart Widget 075,Beauty,1,348.35,316.59,2023-04-17,Lahore,31.76,Instagram
ORD_01523,CUST_0133,PROD_019,Smart Gadget 019,Clothing,4,221.76,887.05,2024-01-08,Faisalabad,0.0,Instagram
ORD_01523,CUST_0133,PROD_015,Pro Widget 015,Toys,2,121.76,243.53,2024-01-08,Faisalabad,0.0,Instagram
ORD_01523,CUST_0133,PROD_031,Smart Widget 031,Books,4,355.33,1371.71,2024-01-08,Faisalabad,49.6,Instagram
ORD_01523,CUST_0133,PROD_065,Premium Tool 065,Home & Kitchen,4,510.4,1894.31,2024-01-08,Faisalabad,147.31,Instagram
ORD_01524,CUST_0182,PROD_052,Elite Gadget 052,Sports,4,87.51,350.04,2024-02-15,Lahore,0.0,Referral
ORD_01525,CUST_0113,PROD_027,Basic Gadget 027,Sports,4,211.37,845.49,2023-01-26,Islamabad,0.0,Instagram
ORD_01525,CUST_0113,PROD_068,Basic Widget 068,Sports,4,407.18,1605.99,2023-01-26,Islamabad,22.74,Instagram
ORD_01525,CUST_0113,PROD_018,Pro Widget 018,Sports,2,345.21,532.71,2023-01-26,Islamabad,157.71,Instagram
ORD_01526,CUST_0148,PROD_039,Premium Item 039,Toys,4,467.86,1871.44,2024-11-14,Karachi,0.0,Facebook
ORD_01526,CUST_0148,PROD_055,Elite Item 055,Beauty,2,230.68,461.37,2024-11-14,Karachi,0.0,Facebook
ORD_01526,CUST_0148,PROD_015,Pro Widget 015,Toys,1,139.23,139.23,2024-11-14,Karachi,0.0,Facebook
ORD_01526,CUST_0148,PROD_013,Smart Item 013,Sports,3,90.63,241.34,2024-11-14,Karachi,30.56,Facebook
ORD_01527,CUST_0152,PROD_051,Premium Device 051,Clothing,4,129.3,476.55,2024-06-07,Karachi,40.64,Email
ORD_01527,CUST_0152,PROD_004,Premium Widget 004,Clothing,3,118.46,355.38,2024-06-07,Karachi,0.0,Email
ORD_01528,CUST_0290,PROD_003,Smart Widget 003,Sports,2,206.11,412.22,2024-02-01,Faisalabad,0.0,Instagram
ORD_01528,CUST_0290,PROD_030,Smart Tool 030,Sports,1,108.06,108.06,2024-02-01,Faisalabad,0.0,Instagram
ORD_01528,CUST_0290,PROD_063,Basic Gadget 063,Beauty,2,238.2,476.39,2024-02-01,Faisalabad,0.0,Instagram
ORD_01528,CUST_0290,PROD_011,Premium Tool 011,Sports,3,73.34,220.03,2024-02-01,Faisalabad,0.0,Instagram
ORD_01528,CUST_0290,PROD_019,Smart Gadget 019,Clothing,1,251.77,251.77,2024-02-01,Faisalabad,0.0,Instagram
ORD_01529,CUST_0479,PROD_029,Elite Device 029,Electronics,3,163.95,484.48,2023-03-01,Islamabad,7.36,Email
ORD_01529,CUST_0479,PROD_019,Smart Gadget 019,Clothing,1,196.96,196.96,2023-03-01,Islamabad,0.0,Email
ORD_01529,CUST_0479,PROD_017,Pro Gadget 017,Home & Kitchen,2,167.94,335.87,2023-03-01,Islamabad,0.0,Email
ORD_01529,CUST_0479,PROD_025,Basic Device 025,Sports,1,115.85,115.85,2023-03-01,Islamabad,0.0,Email
ORD_01530,CUST_0357,PROD_062,Smart Widget 062,Electronics,3,496.79,1490.38,2024-08-20,Multan,0.0,Organic
ORD_01530,CUST_0357,PROD_067,Smart Tool 067,Clothing,3,116.76,350.28,2024-08-20,Multan,0.0,Organic
ORD_01530,CUST_0357,PROD_037,Basic Device 037,Toys,4,484.96,1939.83,2024-08-20,Multan,0.0,Organic
ORD_01530,CUST_0357,PROD_021,Premium Gadget 021,Toys,2,21.68,43.36,2024-08-20,Multan,0.0,Organic
ORD_01531,CUST_0143,PROD_054,Elite Tool 054,Clothing,3,56.6,169.79,2024-07-13,Peshawar,0.0,Facebook
ORD_01531,CUST_0143,PROD_080,Smart Widget 080,Electronics,1,327.57,326.64,2024-07-13,Peshawar,0.93,Facebook
ORD_01531,CUST_0143,PROD_010,Pro Item 010,Sports,4,123.49,367.4,2024-07-13,Peshawar,126.58,Facebook
ORD_01531,CUST_0143,PROD_041,Premium Widget 041,Books,4,284.03,1136.11,2024-07-13,Peshawar,0.0,Facebook
ORD_01532,CUST_0209,PROD_060,Premium Tool 060,Toys,3,489.58,1468.73,2023-07-24,Lahore,0.0,Email
ORD_01533,CUST_0092,PROD_077,Basic Item 077,Clothing,3,146.25,438.75,2025-02-01,Karachi,0.0,Instagram
ORD_01533,CUST_0092,PROD_072,Premium Device 072,Electronics,1,284.77,266.72,2025-02-01,Karachi,18.05,Instagram
ORD_01533,CUST_0092,PROD_076,Smart Device 076,Home & Kitchen,1,447.79,425.4,2025-02-01,Karachi,22.39,Instagram
ORD_01533,CUST_0092,PROD_007,Pro Widget 007,Toys,1,447.54,445.8,2025-02-01,Karachi,1.74,Instagram
ORD_01534,CUST_0040,PROD_022,Pro Tool 022,Home & Kitchen,1,40.55,32.14,2024-03-12,Islamabad,8.41,Google Ads
ORD_01534,CUST_0040,PROD_054,Elite Tool 054,Clothing,1,63.02,63.02,2024-03-12,Islamabad,0.0,Google Ads
ORD_01534,CUST_0040,PROD_061,Smart Widget 061,Electronics,3,298.94,896.81,2024-03-12,Islamabad,0.0,Google Ads
ORD_01534,CUST_0040,PROD_006,Smart Tool 006,Clothing,3,247.53,688.53,2024-03-12,Islamabad,54.06,Google Ads
ORD_01535,CUST_0345,PROD_038,Premium Device 038,Home & Kitchen,3,251.01,753.02,2023-06-17,Islamabad,0.0,Referral
ORD_01535,CUST_0345,PROD_029,Elite Device 029,Electronics,3,214.01,484.03,2023-06-17,Islamabad,158.01,Referral
ORD_01535,CUST_0345,PROD_031,Smart Widget 031,Books,1,312.77,219.02,2023-06-17,Islamabad,93.75,Referral
ORD_01535,CUST_0345,PROD_028,Premium Widget 028,Clothing,2,272.44,544.87,2023-06-17,Islamabad,0.0,Referral
ORD_01535,CUST_0345,PROD_044,Smart Tool 044,Clothing,1,453.62,453.62,2023-06-17,Islamabad,0.0,Referral
ORD_01536,CUST_0427,PROD_009,Pro Widget 009,Electronics,3,222.22,487.05,2024-09-06,Islamabad,179.6,Email
ORD_01536,CUST_0427,PROD_014,Premium Widget 014,Books,2,131.73,263.46,2024-09-06,Islamabad,0.0,Email
ORD_01537,CUST_0020,PROD_074,Smart Gadget 074,Sports,3,284.2,852.59,2023-05-05,Rawalpindi,0.0,Google Ads
ORD_01537,CUST_0020,PROD_027,Basic Gadget 027,Sports,3,233.52,700.56,2023-05-05,Rawalpindi,0.0,Google Ads
ORD_01537,CUST_0020,PROD_050,Basic Widget 050,Electronics,2,478.82,955.16,2023-05-05,Rawalpindi,2.49,Google Ads
ORD_01537,CUST_0020,PROD_061,Smart Widget 061,Electronics,4,332.36,1020.28,2023-05-05,Rawalpindi,309.16,Google Ads
ORD_01537,CUST_0020,PROD_080,Smart Widget 080,Electronics,1,289.91,289.91,2023-05-05,Rawalpindi,0.0,Google Ads
ORD_01538,CUST_0339,PROD_069,Premium Item 069,Electronics,4,29.53,118.12,2023-11-10,Peshawar,0.0,Email
ORD_01538,CUST_0339,PROD_005,Smart Widget 005,Sports,2,116.14,232.27,2023-11-10,Peshawar,0.0,Email
ORD_01538,CUST_0339,PROD_025,Basic Device 025,Sports,3,147.11,429.02,2023-11-10,Peshawar,12.31,Email
ORD_01539,CUST_0206,PROD_028,Premium Widget 028,Clothing,4,278.35,1113.42,2024-06-04,Karachi,0.0,Google Ads
ORD_01540,CUST_0015,PROD_029,Elite Device 029,Electronics,3,236.23,670.38,2024-05-04,Karachi,38.32,Instagram
ORD_01540,CUST_0015,PROD_017,Pro Gadget 017,Home & Kitchen,2,194.86,279.22,2024-05-04,Karachi,110.49,Instagram
ORD_01541,CUST_0049,PROD_030,Smart Tool 030,Sports,1,128.49,121.37,2024-12-05,Faisalabad,7.12,Referral
ORD_01541,CUST_0049,PROD_031,Smart Widget 031,Books,4,335.94,1305.8,2024-12-05,Faisalabad,37.95,Referral
ORD_01541,CUST_0049,PROD_070,Elite Device 070,Toys,1,286.34,286.34,2024-12-05,Faisalabad,0.0,Referral
ORD_01541,CUST_0049,PROD_035,Smart Widget 035,Toys,2,290.65,429.13,2024-12-05,Faisalabad,152.17,Referral
ORD_01541,CUST_0049,PROD_035,Smart Widget 035,Toys,2,337.84,643.79,2024-12-05,Faisalabad,31.89,Referral
ORD_01542,CUST_0144,PROD_077,Basic Item 077,Clothing,3,136.74,410.23,2023-09-08,Karachi,0.0,Referral
ORD_01542,CUST_0144,PROD_012,Elite Widget 012,Sports,1,164.0,164.0,2023-09-08,Karachi,0.0,Referral
ORD_01542,CUST_0144,PROD_009,Pro Widget 009,Electronics,3,189.61,568.83,2023-09-08,Karachi,0.0,Referral
ORD_01543,CUST_0314,PROD_040,Basic Widget 040,Clothing,4,414.08,1348.22,2025-04-01,Islamabad,308.1,Organic
ORD_01543,CUST_0314,PROD_009,Pro Widget 009,Electronics,2,193.61,387.21,2025-04-01,Islamabad,0.0,Organic
ORD_01543,CUST_0314,PROD_018,Pro Widget 018,Sports,3,364.66,869.36,2025-04-01,Islamabad,224.61,Organic
ORD_01543,CUST_0314,PROD_080,Smart Widget 080,Electronics,1,274.38,242.64,2025-04-01,Islamabad,31.74,Organic
ORD_01543,CUST_0314,PROD_010,Pro Item 010,Sports,1,113.21,113.21,2025-04-01,Islamabad,0.0,Organic
ORD_01544,CUST_0197,PROD_074,Smart Gadget 074,Sports,2,245.29,454.99,2023-11-24,Islamabad,35.6,Google Ads
ORD_01544,CUST_0197,PROD_049,Premium Widget 049,Books,4,310.66,870.22,2023-11-24,Islamabad,372.41,Google Ads
ORD_01544,CUST_0197,PROD_077,Basic Item 077,Clothing,2,155.59,311.17,2023-11-24,Islamabad,0.0,Google Ads
ORD_01544,CUST_0197,PROD_030,Smart Tool 030,Sports,2,135.18,270.35,2023-11-24,Islamabad,0.0,Google Ads
ORD_01544,CUST_0197,PROD_033,Premium Item 033,Beauty,1,99.22,83.09,2023-11-24,Islamabad,16.13,Google Ads
ORD_01545,CUST_0387,PROD_080,Smart Widget 080,Electronics,2,304.44,608.88,2023-07-16,Multan,0.0,Organic
ORD_01545,CUST_0387,PROD_036,Smart Device 036,Clothing,2,77.9,155.79,2023-07-16,Multan,0.0,Organic
ORD_01545,CUST_0387,PROD_023,Smart Item 023,Clothing,2,300.71,601.43,2023-07-16,Multan,0.0,Organic
ORD_01545,CUST_0387,PROD_039,Premium Item 039,Toys,2,478.65,957.29,2023-07-16,Multan,0.0,Organic
ORD_01545,CUST_0387,PROD_061,Smart Widget 061,Electronics,3,277.16,700.06,2023-07-16,Multan,131.41,Organic
ORD_01546,CUST_0224,PROD_065,Premium Tool 065,Home & Kitchen,4,515.22,2060.89,2024-09-18,Multan,0.0,Organic
ORD_01546,CUST_0224,PROD_037,Basic Device 037,Toys,2,422.13,799.52,2024-09-18,Multan,44.73,Organic
ORD_01546,CUST_0224,PROD_080,Smart Widget 080,Electronics,2,279.4,558.8,2024-09-18,Multan,0.0,Organic
ORD_01547,CUST_0231,PROD_074,Smart Gadget 074,Sports,3,260.7,650.85,2023-10-03,Islamabad,131.26,Organic
ORD_01547,CUST_0231,PROD_067,Smart Tool 067,Clothing,3,107.53,233.45,2023-10-03,Islamabad,89.15,Organic
ORD_01548,CUST_0432,PROD_055,Elite Item 055,Beauty,4,193.12,772.48,2024-10-08,Lahore,0.0,Email
ORD_01549,CUST_0308,PROD_006,Smart Tool 006,Clothing,3,226.24,572.21,2023-04-09,Rawalpindi,106.5,Facebook
ORD_01549,CUST_0308,PROD_001,Premium Widget 001,Books,1,159.93,143.61,2023-04-09,Rawalpindi,16.32,Facebook
ORD_01549,CUST_0308,PROD_018,Pro Widget 018,Sports,4,284.18,1136.72,2023-04-09,Rawalpindi,0.0,Facebook
ORD_01549,CUST_0308,PROD_037,Basic Device 037,Toys,4,492.84,1971.38,2023-04-09,Rawalpindi,0.0,Facebook
ORD_01550,CUST_0223,PROD_079,Premium Widget 079,Beauty,3,308.96,926.88,2024-03-16,Faisalabad,0.0,Email
ORD_01550,CUST_0223,PROD_014,Premium Widget 014,Books,4,131.42,522.16,2024-03-16,Faisalabad,3.51,Email
ORD_01550,CUST_0223,PROD_056,Premium Widget 056,Electronics,1,172.87,172.87,2024-03-16,Faisalabad,0.0,Email
ORD_01550,CUST_0223,PROD_057,Pro Widget 057,Clothing,1,86.46,80.89,2024-03-16,Faisalabad,5.57,Email
ORD_01551,CUST_0269,PROD_051,Premium Device 051,Clothing,4,165.74,662.95,2023-09-24,Karachi,0.0,Facebook
ORD_01551,CUST_0269,PROD_042,Premium Device 042,Toys,1,75.99,75.99,2023-09-24,Karachi,0.0,Facebook
ORD_01551,CUST_0269,PROD_065,Premium Tool 065,Home & Kitchen,4,546.34,1933.35,2023-09-24,Karachi,251.99,Facebook
ORD_01551,CUST_0269,PROD_038,Premium Device 038,Home & Kitchen,3,255.7,725.52,2023-09-24,Karachi,41.59,Facebook
ORD_01552,CUST_0146,PROD_056,Premium Widget 056,Electronics,3,167.37,362.57,2024-12-11,Islamabad,139.54,Email
ORD_01552,CUST_0146,PROD_042,Premium Device 042,Toys,1,75.79,66.5,2024-12-11,Islamabad,9.29,Email
ORD_01553,CUST_0363,PROD_040,Basic Widget 040,Clothing,1,376.07,274.39,2024-08-13,Rawalpindi,101.68,Facebook
ORD_01553,CUST_0363,PROD_023,Smart Item 023,Clothing,4,274.48,921.03,2024-08-13,Rawalpindi,176.89,Facebook
ORD_01554,CUST_0086,PROD_005,Smart Widget 005,Sports,2,100.14,159.28,2023-12-06,Karachi,41.01,Facebook
ORD_01554,CUST_0086,PROD_031,Smart Widget 031,Books,3,417.08,1090.65,2023-12-06,Karachi,160.6,Facebook
ORD_01554,CUST_0086,PROD_023,Smart Item 023,Clothing,4,380.77,1523.09,2023-12-06,Karachi,0.0,Facebook
ORD_01554,CUST_0086,PROD_010,Pro Item 010,Sports,4,154.17,616.69,2023-12-06,Karachi,0.0,Facebook
ORD_01555,CUST_0332,PROD_053,Smart Device 053,Beauty,1,137.91,137.91,2023-10-22,Lahore,0.0,Referral
ORD_01555,CUST_0332,PROD_066,Elite Item 066,Beauty,3,312.08,912.49,2023-10-22,Lahore,23.76,Referral
ORD_01555,CUST_0332,PROD_011,Premium Tool 011,Sports,2,69.43,138.86,2023-10-22,Lahore,0.0,Referral
ORD_01555,CUST_0332,PROD_077,Basic Item 077,Clothing,3,116.83,282.31,2023-10-22,Lahore,68.19,Referral
ORD_01555,CUST_0332,PROD_001,Premium Widget 001,Books,3,153.02,459.07,2023-10-22,Lahore,0.0,Referral
ORD_01556,CUST_0189,PROD_068,Basic Widget 068,Sports,4,408.89,1635.57,2023-05-31,Rawalpindi,0.0,Facebook
ORD_01556,CUST_0189,PROD_028,Premium Widget 028,Clothing,4,295.55,1182.21,2023-05-31,Rawalpindi,0.0,Facebook
ORD_01556,CUST_0189,PROD_025,Basic Device 025,Sports,4,122.96,491.83,2023-05-31,Rawalpindi,0.0,Facebook
ORD_01556,CUST_0189,PROD_037,Basic Device 037,Toys,2,485.8,971.61,2023-05-31,Rawalpindi,0.0,Facebook
ORD_01557,CUST_0261,PROD_032,Smart Item 032,Toys,2,272.86,545.72,2025-03-10,Rawalpindi,0.0,Referral
ORD_01557,CUST_0261,PROD_020,Pro Device 020,Clothing,2,307.09,614.19,2025-03-10,Rawalpindi,0.0,Referral
ORD_01557,CUST_0261,PROD_054,Elite Tool 054,Clothing,1,55.7,40.63,2025-03-10,Rawalpindi,15.07,Referral
ORD_01557,CUST_0261,PROD_058,Smart Tool 058,Clothing,2,246.04,447.58,2025-03-10,Rawalpindi,44.5,Referral
ORD_01557,CUST_0261,PROD_046,Pro Tool 046,Sports,4,227.67,910.7,2025-03-10,Rawalpindi,0.0,Referral
ORD_01558,CUST_0346,PROD_051,Premium Device 051,Clothing,4,148.69,503.85,2024-02-28,Rawalpindi,90.9,Google Ads
ORD_01558,CUST_0346,PROD_071,Premium Device 071,Electronics,4,480.76,1923.05,2024-02-28,Rawalpindi,0.0,Google Ads
ORD_01559,CUST_0254,PROD_037,Basic Device 037,Toys,2,543.48,854.5,2025-03-02,Faisalabad,232.45,Facebook
ORD_01559,CUST_0254,PROD_018,Pro Widget 018,Sports,3,365.9,1097.7,2025-03-02,Faisalabad,0.0,Facebook
ORD_01559,CUST_0254,PROD_059,Pro Tool 059,Clothing,3,504.83,1077.28,2025-03-02,Faisalabad,437.22,Facebook
ORD_01560,CUST_0402,PROD_054,Elite Tool 054,Clothing,4,51.3,205.22,2023-09-03,Rawalpindi,0.0,Instagram
ORD_01560,CUST_0402,PROD_020,Pro Device 020,Clothing,1,408.79,408.79,2023-09-03,Rawalpindi,0.0,Instagram
ORD_01560,CUST_0402,PROD_060,Premium Tool 060,Toys,3,359.56,1078.69,2023-09-03,Rawalpindi,0.0,Instagram
ORD_01560,CUST_0402,PROD_045,Basic Item 045,Beauty,2,457.42,914.84,2023-09-03,Rawalpindi,0.0,Instagram
ORD_01561,CUST_0387,PROD_008,Elite Item 008,Home & Kitchen,1,96.13,94.79,2024-04-27,Multan,1.34,Google Ads
ORD_01561,CUST_0387,PROD_036,Smart Device 036,Clothing,1,94.95,94.95,2024-04-27,Multan,0.0,Google Ads
ORD_01562,CUST_0183,PROD_038,Premium Device 038,Home & Kitchen,3,233.8,701.39,2025-01-13,Lahore,0.0,Google Ads
ORD_01562,CUST_0183,PROD_043,Elite Device 043,Clothing,4,132.35,529.41,2025-01-13,Lahore,0.0,Google Ads
ORD_01562,CUST_0183,PROD_024,Elite Tool 024,Clothing,2,160.19,320.39,2025-01-13,Lahore,0.0,Google Ads
ORD_01562,CUST_0183,PROD_053,Smart Device 053,Beauty,4,154.05,446.97,2025-01-13,Lahore,169.23,Google Ads
ORD_01562,CUST_0183,PROD_002,Basic Gadget 002,Books,1,54.44,54.44,2025-01-13,Lahore,0.0,Google Ads
ORD_01563,CUST_0293,PROD_032,Smart Item 032,Toys,3,335.08,896.16,2025-01-24,Karachi,109.07,Organic
ORD_01564,CUST_0216,PROD_077,Basic Item 077,Clothing,4,158.85,618.85,2023-03-21,Faisalabad,16.54,Referral
ORD_01565,CUST_0053,PROD_058,Smart Tool 058,Clothing,3,208.21,624.62,2024-11-30,Faisalabad,0.0,Google Ads
ORD_01565,CUST_0053,PROD_040,Basic Widget 040,Clothing,4,431.18,1460.47,2024-11-30,Faisalabad,264.26,Google Ads
ORD_01565,CUST_0053,PROD_053,Smart Device 053,Beauty,4,137.79,551.17,2024-11-30,Faisalabad,0.0,Google Ads
ORD_01566,CUST_0237,PROD_050,Basic Widget 050,Electronics,2,467.13,934.25,2025-01-20,Rawalpindi,0.0,Instagram
ORD_01566,CUST_0237,PROD_048,Smart Device 048,Clothing,2,282.69,565.38,2025-01-20,Rawalpindi,0.0,Instagram
ORD_01566,CUST_0237,PROD_077,Basic Item 077,Clothing,3,113.06,332.28,2025-01-20,Rawalpindi,6.9,Instagram
ORD_01566,CUST_0237,PROD_022,Pro Tool 022,Home & Kitchen,2,45.68,91.37,2025-01-20,Rawalpindi,0.0,Instagram
ORD_01566,CUST_0237,PROD_024,Elite Tool 024,Clothing,2,139.59,207.54,2025-01-20,Rawalpindi,71.64,Instagram
ORD_01567,CUST_0162,PROD_080,Smart Widget 080,Electronics,4,237.86,951.46,2023-10-12,Multan,0.0,Google Ads
ORD_01567,CUST_0162,PROD_033,Premium Item 033,Beauty,1,82.41,82.41,2023-10-12,Multan,0.0,Google Ads
ORD_01567,CUST_0162,PROD_012,Elite Widget 012,Sports,4,146.04,584.18,2023-10-12,Multan,0.0,Google Ads
ORD_01567,CUST_0162,PROD_040,Basic Widget 040,Clothing,4,504.95,2019.81,2023-10-12,Multan,0.0,Google Ads
ORD_01568,CUST_0303,PROD_065,Premium Tool 065,Home & Kitchen,3,402.31,1206.93,2025-05-08,Islamabad,0.0,Instagram
ORD_01569,CUST_0443,PROD_042,Premium Device 042,Toys,3,65.38,196.13,2023-11-06,Karachi,0.0,Google Ads
ORD_01569,CUST_0443,PROD_022,Pro Tool 022,Home & Kitchen,2,47.23,94.47,2023-11-06,Karachi,0.0,Google Ads
ORD_01570,CUST_0116,PROD_053,Smart Device 053,Beauty,4,119.27,405.94,2025-05-08,Karachi,71.12,Email
ORD_01570,CUST_0116,PROD_039,Premium Item 039,Toys,1,357.3,258.83,2025-05-08,Karachi,98.47,Email
ORD_01570,CUST_0116,PROD_010,Pro Item 010,Sports,2,112.18,224.36,2025-05-08,Karachi,0.0,Email
ORD_01571,CUST_0192,PROD_069,Premium Item 069,Electronics,1,32.49,23.37,2023-07-20,Rawalpindi,9.12,Facebook
ORD_01571,CUST_0192,PROD_069,Premium Item 069,Electronics,3,36.47,93.37,2023-07-20,Rawalpindi,16.05,Facebook
ORD_01571,CUST_0192,PROD_078,Basic Item 078,Beauty,3,154.62,377.6,2023-07-20,Rawalpindi,86.26,Facebook
ORD_01572,CUST_0415,PROD_010,Pro Item 010,Sports,2,165.93,331.86,2024-08-14,Islamabad,0.0,Referral
ORD_01572,CUST_0415,PROD_049,Premium Widget 049,Books,3,301.49,904.47,2024-08-14,Islamabad,0.0,Referral
ORD_01572,CUST_0415,PROD_015,Pro Widget 015,Toys,4,122.12,462.42,2024-08-14,Islamabad,26.06,Referral
ORD_01572,CUST_0415,PROD_069,Premium Item 069,Electronics,2,40.69,81.38,2024-08-14,Islamabad,0.0,Referral
ORD_01572,CUST_0415,PROD_029,Elite Device 029,Electronics,3,201.12,586.76,2024-08-14,Islamabad,16.6,Referral
ORD_01573,CUST_0457,PROD_026,Smart Tool 026,Sports,1,231.97,218.81,2025-01-03,Multan,13.16,Organic
ORD_01574,CUST_0066,PROD_040,Basic Widget 040,Clothing,2,370.28,658.35,2024-12-21,Peshawar,82.2,Google Ads
ORD_01574,CUST_0066,PROD_060,Premium Tool 060,Toys,2,514.68,769.84,2024-12-21,Peshawar,259.53,Google Ads
ORD_01574,CUST_0066,PROD_014,Premium Widget 014,Books,2,100.42,200.83,2024-12-21,Peshawar,0.0,Google Ads
ORD_01574,CUST_0066,PROD_061,Smart Widget 061,Electronics,2,302.55,551.42,2024-12-21,Peshawar,53.68,Google Ads
ORD_01574,CUST_0066,PROD_052,Elite Gadget 052,Sports,1,65.75,65.75,2024-12-21,Peshawar,0.0,Google Ads
ORD_01575,CUST_0452,PROD_007,Pro Widget 007,Toys,1,375.82,375.82,2024-10-18,Islamabad,0.0,Google Ads
ORD_01575,CUST_0452,PROD_008,Elite Item 008,Home & Kitchen,3,79.18,237.53,2024-10-18,Islamabad,0.0,Google Ads
ORD_01575,CUST_0452,PROD_069,Premium Item 069,Electronics,1,36.94,36.94,2024-10-18,Islamabad,0.0,Google Ads
ORD_01576,CUST_0025,PROD_071,Premium Device 071,Electronics,3,455.12,1365.36,2024-09-23,Islamabad,0.0,Email
ORD_01576,CUST_0025,PROD_059,Pro Tool 059,Clothing,4,480.85,1786.41,2024-09-23,Islamabad,136.97,Email
ORD_01576,CUST_0025,PROD_040,Basic Widget 040,Clothing,3,526.14,1578.43,2024-09-23,Islamabad,0.0,Email
ORD_01576,CUST_0025,PROD_072,Premium Device 072,Electronics,2,354.16,708.32,2024-09-23,Islamabad,0.0,Email
ORD_01577,CUST_0209,PROD_020,Pro Device 020,Clothing,1,333.99,240.31,2024-09-20,Islamabad,93.68,Facebook
ORD_01577,CUST_0209,PROD_014,Premium Widget 014,Books,1,117.74,117.74,2024-09-20,Islamabad,0.0,Facebook
ORD_01577,CUST_0209,PROD_049,Premium Widget 049,Books,4,343.51,1374.02,2024-09-20,Islamabad,0.0,Facebook
ORD_01577,CUST_0209,PROD_008,Elite Item 008,Home & Kitchen,2,74.46,148.92,2024-09-20,Islamabad,0.0,Facebook
ORD_01577,CUST_0209,PROD_016,Premium Tool 016,Home & Kitchen,4,235.47,941.88,2024-09-20,Islamabad,0.0,Facebook
ORD_01578,CUST_0258,PROD_064,Basic Tool 064,Electronics,3,106.19,318.56,2023-05-09,Multan,0.0,Organic
ORD_01578,CUST_0258,PROD_049,Premium Widget 049,Books,4,377.29,1509.16,2023-05-09,Multan,0.0,Organic
ORD_01579,CUST_0100,PROD_012,Elite Widget 012,Sports,1,123.61,123.61,2024-10-08,Rawalpindi,0.0,Email
ORD_01579,CUST_0100,PROD_018,Pro Widget 018,Sports,3,320.15,801.6,2024-10-08,Rawalpindi,158.84,Email
ORD_01579,CUST_0100,PROD_059,Pro Tool 059,Clothing,1,474.19,474.19,2024-10-08,Rawalpindi,0.0,Email
ORD_01580,CUST_0016,PROD_072,Premium Device 072,Electronics,3,356.62,988.32,2023-02-17,Peshawar,81.55,Facebook
ORD_01580,CUST_0016,PROD_025,Basic Device 025,Sports,4,163.12,652.47,2023-02-17,Peshawar,0.0,Facebook
ORD_01580,CUST_0016,PROD_045,Basic Item 045,Beauty,1,456.86,456.86,2023-02-17,Peshawar,0.0,Facebook
ORD_01580,CUST_0016,PROD_006,Smart Tool 006,Clothing,3,246.39,739.18,2023-02-17,Peshawar,0.0,Facebook
ORD_01581,CUST_0474,PROD_067,Smart Tool 067,Clothing,4,83.1,332.39,2025-04-02,Multan,0.0,Google Ads
ORD_01582,CUST_0148,PROD_034,Premium Item 034,Sports,1,370.86,370.86,2024-07-19,Lahore,0.0,Google Ads
ORD_01583,CUST_0154,PROD_052,Elite Gadget 052,Sports,3,61.11,183.33,2025-06-26,Islamabad,0.0,Instagram
ORD_01583,CUST_0154,PROD_033,Premium Item 033,Beauty,1,92.21,76.04,2025-06-26,Islamabad,16.17,Instagram
ORD_01583,CUST_0154,PROD_043,Elite Device 043,Clothing,4,133.85,502.58,2025-06-26,Islamabad,32.8,Instagram
ORD_01583,CUST_0154,PROD_013,Smart Item 013,Sports,4,97.1,338.13,2025-06-26,Islamabad,50.27,Instagram
ORD_01584,CUST_0069,PROD_068,Basic Widget 068,Sports,4,404.3,1617.21,2023-08-14,Faisalabad,0.0,Instagram
ORD_01584,CUST_0069,PROD_055,Elite Item 055,Beauty,2,175.42,350.83,2023-08-14,Faisalabad,0.0,Instagram
ORD_01584,CUST_0069,PROD_007,Pro Widget 007,Toys,4,428.68,1643.7,2023-08-14,Faisalabad,71.02,Instagram
ORD_01584,CUST_0069,PROD_076,Smart Device 076,Home & Kitchen,1,540.03,410.53,2023-08-14,Faisalabad,129.5,Instagram
ORD_01584,CUST_0069,PROD_025,Basic Device 025,Sports,4,111.5,445.99,2023-08-14,Faisalabad,0.0,Instagram
ORD_01585,CUST_0426,PROD_011,Premium Tool 011,Sports,1,63.03,63.03,2024-08-26,Multan,0.0,Instagram
ORD_01585,CUST_0426,PROD_043,Elite Device 043,Clothing,1,154.42,114.73,2024-08-26,Multan,39.69,Instagram
ORD_01585,CUST_0426,PROD_067,Smart Tool 067,Clothing,3,112.52,337.57,2024-08-26,Multan,0.0,Instagram
ORD_01586,CUST_0487,PROD_010,Pro Item 010,Sports,1,126.2,98.52,2025-01-05,Islamabad,27.68,Facebook
ORD_01586,CUST_0487,PROD_047,Basic Gadget 047,Electronics,2,162.14,324.29,2025-01-05,Islamabad,0.0,Facebook
ORD_01586,CUST_0487,PROD_031,Smart Widget 031,Books,3,418.74,1102.15,2025-01-05,Islamabad,154.08,Facebook
ORD_01586,CUST_0487,PROD_028,Premium Widget 028,Clothing,1,358.09,358.09,2025-01-05,Islamabad,0.0,Facebook
ORD_01586,CUST_0487,PROD_029,Elite Device 029,Electronics,2,211.05,422.1,2025-01-05,Islamabad,0.0,Facebook
ORD_01587,CUST_0005,PROD_067,Smart Tool 067,Clothing,4,116.02,464.09,2025-04-07,Islamabad,0.0,Email
ORD_01587,CUST_0005,PROD_053,Smart Device 053,Beauty,3,122.87,303.04,2025-04-07,Islamabad,65.58,Email
ORD_01587,CUST_0005,PROD_022,Pro Tool 022,Home & Kitchen,3,47.09,118.6,2025-04-07,Islamabad,22.66,Email
ORD_01587,CUST_0005,PROD_024,Elite Tool 024,Clothing,2,141.22,282.44,2025-04-07,Islamabad,0.0,Email
ORD_01587,CUST_0005,PROD_069,Premium Item 069,Electronics,1,38.17,38.17,2025-04-07,Islamabad,0.0,Email
ORD_01588,CUST_0112,PROD_006,Smart Tool 006,Clothing,4,266.77,1067.08,2023-06-07,Islamabad,0.0,Google Ads
ORD_01588,CUST_0112,PROD_055,Elite Item 055,Beauty,3,226.79,581.38,2023-06-07,Islamabad,98.99,Google Ads
ORD_01589,CUST_0210,PROD_079,Premium Widget 079,Beauty,4,286.52,1070.86,2024-10-16,Faisalabad,75.23,Organic
ORD_01589,CUST_0210,PROD_035,Smart Widget 035,Toys,3,325.83,838.22,2024-10-16,Faisalabad,139.28,Organic
ORD_01589,CUST_0210,PROD_019,Smart Gadget 019,Clothing,1,211.07,205.93,2024-10-16,Faisalabad,5.14,Organic
ORD_01589,CUST_0210,PROD_062,Smart Widget 062,Electronics,3,537.63,1269.78,2024-10-16,Faisalabad,343.12,Organic
ORD_01590,CUST_0308,PROD_080,Smart Widget 080,Electronics,4,248.78,706.92,2024-10-05,Faisalabad,288.2,Referral
ORD_01590,CUST_0308,PROD_012,Elite Widget 012,Sports,1,166.31,166.31,2024-10-05,Faisalabad,0.0,Referral
ORD_01591,CUST_0270,PROD_042,Premium Device 042,Toys,1,81.33,62.06,2024-01-31,Rawalpindi,19.27,Instagram
ORD_01591,CUST_0270,PROD_080,Smart Widget 080,Electronics,4,265.17,1060.69,2024-01-31,Rawalpindi,0.0,Instagram
ORD_01592,CUST_0138,PROD_010,Pro Item 010,Sports,3,155.18,465.55,2024-09-19,Islamabad,0.0,Facebook
ORD_01592,CUST_0138,PROD_015,Pro Widget 015,Toys,4,121.12,484.49,2024-09-19,Islamabad,0.0,Facebook
ORD_01592,CUST_0138,PROD_031,Smart Widget 031,Books,1,423.22,423.22,2024-09-19,Islamabad,0.0,Facebook
ORD_01592,CUST_0138,PROD_027,Basic Gadget 027,Sports,3,275.63,811.76,2024-09-19,Islamabad,15.14,Facebook
ORD_01593,CUST_0057,PROD_011,Premium Tool 011,Sports,3,73.31,209.7,2024-02-10,Peshawar,10.24,Organic
ORD_01593,CUST_0057,PROD_036,Smart Device 036,Clothing,2,72.2,144.4,2024-02-10,Peshawar,0.0,Organic
ORD_01594,CUST_0278,PROD_077,Basic Item 077,Clothing,2,139.01,278.01,2025-03-21,Islamabad,0.0,Referral
ORD_01594,CUST_0278,PROD_007,Pro Widget 007,Toys,3,394.47,844.39,2025-03-21,Islamabad,339.02,Referral
ORD_01595,CUST_0412,PROD_002,Basic Gadget 002,Books,2,52.91,105.82,2024-10-10,Karachi,0.0,Facebook
ORD_01595,CUST_0412,PROD_001,Premium Widget 001,Books,1,164.36,164.36,2024-10-10,Karachi,0.0,Facebook
ORD_01595,CUST_0412,PROD_029,Elite Device 029,Electronics,4,218.22,872.86,2024-10-10,Karachi,0.0,Facebook
ORD_01595,CUST_0412,PROD_068,Basic Widget 068,Sports,4,355.73,1378.37,2024-10-10,Karachi,44.53,Facebook
ORD_01595,CUST_0412,PROD_045,Basic Item 045,Beauty,3,450.09,1350.27,2024-10-10,Karachi,0.0,Facebook
ORD_01596,CUST_0009,PROD_051,Premium Device 051,Clothing,1,153.19,153.19,2023-12-20,Faisalabad,0.0,Google Ads
ORD_01596,CUST_0009,PROD_035,Smart Widget 035,Toys,4,333.23,1332.93,2023-12-20,Faisalabad,0.0,Google Ads
ORD_01597,CUST_0070,PROD_051,Premium Device 051,Clothing,3,153.72,461.15,2023-02-19,Multan,0.0,Google Ads
ORD_01597,CUST_0070,PROD_077,Basic Item 077,Clothing,2,151.96,272.09,2023-02-19,Multan,31.82,Google Ads
ORD_01597,CUST_0070,PROD_057,Pro Widget 057,Clothing,2,116.47,232.94,2023-02-19,Multan,0.0,Google Ads
ORD_01598,CUST_0022,PROD_028,Premium Widget 028,Clothing,2,363.28,627.6,2023-06-24,Islamabad,98.95,Facebook
ORD_01599,CUST_0448,PROD_021,Premium Gadget 021,Toys,4,22.46,89.84,2023-11-24,Lahore,0.0,Organic
ORD_01599,CUST_0448,PROD_078,Basic Item 078,Beauty,3,158.18,436.53,2023-11-24,Lahore,38.01,Organic
ORD_01599,CUST_0448,PROD_051,Premium Device 051,Clothing,1,143.28,107.51,2023-11-24,Lahore,35.77,Organic
ORD_01599,CUST_0448,PROD_062,Smart Widget 062,Electronics,3,386.39,963.52,2023-11-24,Lahore,195.64,Organic
ORD_01599,CUST_0448,PROD_073,Basic Tool 073,Electronics,1,491.58,491.58,2023-11-24,Lahore,0.0,Organic
ORD_01600,CUST_0248,PROD_074,Smart Gadget 074,Sports,3,277.08,680.61,2024-01-19,Karachi,150.62,Google Ads
ORD_01600,CUST_0248,PROD_022,Pro Tool 022,Home & Kitchen,3,37.44,112.32,2024-01-19,Karachi,0.0,Google Ads
ORD_01600,CUST_0248,PROD_036,Smart Device 036,Clothing,2,85.57,158.59,2024-01-19,Karachi,12.55,Google Ads
ORD_01601,CUST_0400,PROD_061,Smart Widget 061,Electronics,3,321.64,964.91,2024-10-21,Multan,0.0,Email
ORD_01601,CUST_0400,PROD_049,Premium Widget 049,Books,3,329.76,989.27,2024-10-21,Multan,0.0,Email
ORD_01601,CUST_0400,PROD_003,Smart Widget 003,Sports,3,201.67,557.21,2024-10-21,Multan,47.79,Email
ORD_01602,CUST_0407,PROD_029,Elite Device 029,Electronics,4,201.48,781.31,2024-12-26,Multan,24.62,Facebook
ORD_01602,CUST_0407,PROD_053,Smart Device 053,Beauty,2,152.34,228.81,2024-12-26,Multan,75.87,Facebook
ORD_01603,CUST_0137,PROD_063,Basic Gadget 063,Beauty,4,292.26,1064.36,2025-02-25,Peshawar,104.67,Organic
ORD_01603,CUST_0137,PROD_015,Pro Widget 015,Toys,3,109.7,329.11,2025-02-25,Peshawar,0.0,Organic
ORD_01603,CUST_0137,PROD_060,Premium Tool 060,Toys,1,517.45,500.41,2025-02-25,Peshawar,17.04,Organic
ORD_01603,CUST_0137,PROD_043,Elite Device 043,Clothing,3,137.77,318.28,2025-02-25,Peshawar,95.04,Organic
ORD_01603,CUST_0137,PROD_079,Premium Widget 079,Beauty,3,281.72,845.17,2025-02-25,Peshawar,0.0,Organic
ORD_01604,CUST_0458,PROD_062,Smart Widget 062,Electronics,2,403.23,693.16,2024-11-06,Multan,113.3,Email
ORD_01604,CUST_0458,PROD_065,Premium Tool 065,Home & Kitchen,3,445.67,1337.01,2024-11-06,Multan,0.0,Email
ORD_01604,CUST_0458,PROD_044,Smart Tool 044,Clothing,3,492.74,1261.89,2024-11-06,Multan,216.32,Email
ORD_01605,CUST_0049,PROD_048,Smart Device 048,Clothing,4,264.21,1008.76,2024-02-07,Islamabad,48.08,Referral
ORD_01605,CUST_0049,PROD_019,Smart Gadget 019,Clothing,3,280.67,842.0,2024-02-07,Islamabad,0.0,Referral
ORD_01605,CUST_0049,PROD_003,Smart Widget 003,Sports,3,215.52,646.57,2024-02-07,Islamabad,0.0,Referral
ORD_01605,CUST_0049,PROD_063,Basic Gadget 063,Beauty,3,290.41,871.22,2024-02-07,Islamabad,0.0,Referral
ORD_01605,CUST_0049,PROD_053,Smart Device 053,Beauty,4,105.54,306.92,2024-02-07,Islamabad,115.25,Referral
ORD_01606,CUST_0396,PROD_053,Smart Device 053,Beauty,2,115.56,185.69,2023-09-26,Peshawar,45.43,Google Ads
ORD_01607,CUST_0493,PROD_039,Premium Item 039,Toys,1,399.65,399.65,2024-10-15,Rawalpindi,0.0,Organic
ORD_01607,CUST_0493,PROD_076,Smart Device 076,Home & Kitchen,4,493.02,1972.08,2024-10-15,Rawalpindi,0.0,Organic
ORD_01607,CUST_0493,PROD_064,Basic Tool 064,Electronics,4,98.66,312.54,2024-10-15,Rawalpindi,82.11,Organic
ORD_01608,CUST_0499,PROD_041,Premium Widget 041,Books,3,297.24,891.72,2023-10-25,Faisalabad,0.0,Facebook
ORD_01609,CUST_0111,PROD_052,Elite Gadget 052,Sports,1,63.54,63.54,2024-05-26,Islamabad,0.0,Referral
ORD_01609,CUST_0111,PROD_078,Basic Item 078,Beauty,4,138.59,554.37,2024-05-26,Islamabad,0.0,Referral
ORD_01609,CUST_0111,PROD_045,Basic Item 045,Beauty,1,529.28,529.28,2024-05-26,Islamabad,0.0,Referral
ORD_01610,CUST_0054,PROD_074,Smart Gadget 074,Sports,3,310.3,930.91,2024-03-24,Rawalpindi,0.0,Instagram
ORD_01611,CUST_0222,PROD_041,Premium Widget 041,Books,3,266.0,797.99,2024-12-18,Lahore,0.0,Email
ORD_01611,CUST_0222,PROD_020,Pro Device 020,Clothing,1,379.9,379.9,2024-12-18,Lahore,0.0,Email
ORD_01611,CUST_0222,PROD_031,Smart Widget 031,Books,4,355.19,1270.31,2024-12-18,Lahore,150.43,Email
ORD_01611,CUST_0222,PROD_026,Smart Tool 026,Sports,4,204.62,818.5,2024-12-18,Lahore,0.0,Email
ORD_01611,CUST_0222,PROD_046,Pro Tool 046,Sports,4,189.19,756.76,2024-12-18,Lahore,0.0,Email
ORD_01612,CUST_0066,PROD_035,Smart Widget 035,Toys,1,375.51,375.51,2023-05-17,Faisalabad,0.0,Google Ads
ORD_01612,CUST_0066,PROD_045,Basic Item 045,Beauty,1,548.04,535.81,2023-05-17,Faisalabad,12.23,Google Ads
ORD_01612,CUST_0066,PROD_025,Basic Device 025,Sports,1,144.49,131.06,2023-05-17,Faisalabad,13.43,Google Ads
ORD_01612,CUST_0066,PROD_064,Basic Tool 064,Electronics,3,107.92,323.76,2023-05-17,Faisalabad,0.0,Google Ads
ORD_01612,CUST_0066,PROD_052,Elite Gadget 052,Sports,2,69.25,108.28,2023-05-17,Faisalabad,30.22,Google Ads
ORD_01613,CUST_0212,PROD_067,Smart Tool 067,Clothing,1,90.52,64.09,2024-03-28,Multan,26.43,Facebook
ORD_01614,CUST_0342,PROD_030,Smart Tool 030,Sports,3,147.8,443.39,2023-01-12,Rawalpindi,0.0,Referral
ORD_01615,CUST_0187,PROD_066,Elite Item 066,Beauty,2,417.99,835.97,2024-07-28,Rawalpindi,0.0,Organic
ORD_01615,CUST_0187,PROD_054,Elite Tool 054,Clothing,2,65.15,130.29,2024-07-28,Rawalpindi,0.0,Organic
ORD_01616,CUST_0303,PROD_067,Smart Tool 067,Clothing,4,100.13,400.52,2023-09-28,Lahore,0.0,Email
ORD_01617,CUST_0046,PROD_026,Smart Tool 026,Sports,2,170.79,324.52,2025-04-09,Multan,17.05,Google Ads
ORD_01617,CUST_0046,PROD_021,Premium Gadget 021,Toys,4,21.43,85.74,2025-04-09,Multan,0.0,Google Ads
ORD_01618,CUST_0251,PROD_043,Elite Device 043,Clothing,3,133.97,363.5,2025-03-19,Faisalabad,38.4,Google Ads
ORD_01618,CUST_0251,PROD_034,Premium Item 034,Sports,3,364.58,1093.75,2025-03-19,Faisalabad,0.0,Google Ads
ORD_01618,CUST_0251,PROD_028,Premium Widget 028,Clothing,2,301.55,552.41,2025-03-19,Faisalabad,50.69,Google Ads
ORD_01618,CUST_0251,PROD_010,Pro Item 010,Sports,1,140.78,111.74,2025-03-19,Faisalabad,29.04,Google Ads
ORD_01618,CUST_0251,PROD_044,Smart Tool 044,Clothing,1,411.92,388.74,2025-03-19,Faisalabad,23.18,Google Ads
ORD_01619,CUST_0495,PROD_027,Basic Gadget 027,Sports,1,270.96,270.96,2023-01-19,Lahore,0.0,Organic
ORD_01619,CUST_0495,PROD_055,Elite Item 055,Beauty,3,235.15,705.45,2023-01-19,Lahore,0.0,Organic
ORD_01619,CUST_0495,PROD_036,Smart Device 036,Clothing,4,99.8,399.2,2023-01-19,Lahore,0.0,Organic
ORD_01620,CUST_0344,PROD_034,Premium Item 034,Sports,2,337.1,674.2,2023-05-18,Karachi,0.0,Organic
ORD_01620,CUST_0344,PROD_008,Elite Item 008,Home & Kitchen,1,72.78,72.78,2023-05-18,Karachi,0.0,Organic
ORD_01621,CUST_0278,PROD_001,Premium Widget 001,Books,4,166.67,666.7,2023-08-01,Karachi,0.0,Google Ads
ORD_01621,CUST_0278,PROD_038,Premium Device 038,Home & Kitchen,4,290.12,1160.48,2023-08-01,Karachi,0.0,Google Ads
ORD_01621,CUST_0278,PROD_074,Smart Gadget 074,Sports,1,360.53,308.27,2023-08-01,Karachi,52.26,Google Ads
ORD_01621,CUST_0278,PROD_014,Premium Widget 014,Books,2,135.08,270.15,2023-08-01,Karachi,0.0,Google Ads
ORD_01622,CUST_0380,PROD_054,Elite Tool 054,Clothing,4,60.47,241.88,2024-09-10,Karachi,0.0,Instagram
ORD_01622,CUST_0380,PROD_054,Elite Tool 054,Clothing,2,66.53,133.06,2024-09-10,Karachi,0.0,Instagram
ORD_01622,CUST_0380,PROD_006,Smart Tool 006,Clothing,3,234.31,619.68,2024-09-10,Karachi,83.24,Instagram
ORD_01623,CUST_0026,PROD_050,Basic Widget 050,Electronics,2,352.69,563.33,2024-11-03,Karachi,142.05,Email
ORD_01623,CUST_0026,PROD_050,Basic Widget 050,Electronics,3,457.84,1267.75,2024-11-03,Karachi,105.78,Email
ORD_01623,CUST_0026,PROD_055,Elite Item 055,Beauty,4,194.4,777.6,2024-11-03,Karachi,0.0,Email
ORD_01624,CUST_0043,PROD_030,Smart Tool 030,Sports,1,127.16,96.79,2024-02-15,Islamabad,30.37,Referral
ORD_01625,CUST_0292,PROD_063,Basic Gadget 063,Beauty,1,221.13,221.13,2023-02-03,Multan,0.0,Referral
ORD_01625,CUST_0292,PROD_015,Pro Widget 015,Toys,4,133.14,532.54,2023-02-03,Multan,0.0,Referral
ORD_01625,CUST_0292,PROD_009,Pro Widget 009,Electronics,3,200.76,602.29,2023-02-03,Multan,0.0,Referral
ORD_01625,CUST_0292,PROD_051,Premium Device 051,Clothing,2,151.11,302.22,2023-02-03,Multan,0.0,Referral
ORD_01625,CUST_0292,PROD_002,Basic Gadget 002,Books,4,54.85,219.42,2023-02-03,Multan,0.0,Referral
ORD_01626,CUST_0171,PROD_051,Premium Device 051,Clothing,2,162.91,325.82,2023-09-10,Faisalabad,0.0,Google Ads
ORD_01627,CUST_0088,PROD_015,Pro Widget 015,Toys,4,127.61,506.61,2024-02-16,Lahore,3.84,Google Ads
ORD_01628,CUST_0363,PROD_066,Elite Item 066,Beauty,1,300.96,246.47,2024-06-06,Islamabad,54.49,Facebook
ORD_01628,CUST_0363,PROD_026,Smart Tool 026,Sports,3,209.43,472.31,2024-06-06,Islamabad,155.99,Facebook
ORD_01628,CUST_0363,PROD_025,Basic Device 025,Sports,1,111.23,111.23,2024-06-06,Islamabad,0.0,Facebook
ORD_01628,CUST_0363,PROD_031,Smart Widget 031,Books,3,414.18,1242.53,2024-06-06,Islamabad,0.0,Facebook
ORD_01629,CUST_0174,PROD_045,Basic Item 045,Beauty,1,403.27,403.27,2023-09-17,Faisalabad,0.0,Google Ads
ORD_01629,CUST_0174,PROD_011,Premium Tool 011,Sports,3,58.27,170.16,2023-09-17,Faisalabad,4.64,Google Ads
ORD_01629,CUST_0174,PROD_070,Elite Device 070,Toys,2,236.67,473.35,2023-09-17,Faisalabad,0.0,Google Ads
ORD_01629,CUST_0174,PROD_048,Smart Device 048,Clothing,4,306.25,1224.99,2023-09-17,Faisalabad,0.0,Google Ads
ORD_01630,CUST_0113,PROD_064,Basic Tool 064,Electronics,4,75.49,301.96,2023-12-14,Rawalpindi,0.0,Organic
ORD_01630,CUST_0113,PROD_004,Premium Widget 004,Clothing,2,100.82,201.64,2023-12-14,Rawalpindi,0.0,Organic
ORD_01630,CUST_0113,PROD_058,Smart Tool 058,Clothing,1,250.81,250.81,2023-12-14,Rawalpindi,0.0,Organic
ORD_01630,CUST_0113,PROD_017,Pro Gadget 017,Home & Kitchen,3,214.27,641.89,2023-12-14,Rawalpindi,0.93,Organic
ORD_01630,CUST_0113,PROD_012,Elite Widget 012,Sports,4,138.5,427.56,2023-12-14,Rawalpindi,126.44,Organic
ORD_01631,CUST_0324,PROD_031,Smart Widget 031,Books,4,346.47,1385.89,2024-07-22,Islamabad,0.0,Google Ads
ORD_01631,CUST_0324,PROD_072,Premium Device 072,Electronics,4,376.84,1507.36,2024-07-22,Islamabad,0.0,Google Ads
ORD_01631,CUST_0324,PROD_060,Premium Tool 060,Toys,4,493.88,1975.52,2024-07-22,Islamabad,0.0,Google Ads
ORD_01631,CUST_0324,PROD_036,Smart Device 036,Clothing,2,78.44,126.01,2024-07-22,Islamabad,30.88,Google Ads
ORD_01631,CUST_0324,PROD_076,Smart Device 076,Home & Kitchen,4,501.02,1863.88,2024-07-22,Islamabad,140.19,Google Ads
ORD_01632,CUST_0041,PROD_006,Smart Tool 006,Clothing,2,204.87,409.74,2024-10-16,Peshawar,0.0,Google Ads
ORD_01632,CUST_0041,PROD_054,Elite Tool 054,Clothing,4,52.47,178.41,2024-10-16,Peshawar,31.48,Google Ads
ORD_01632,CUST_0041,PROD_034,Premium Item 034,Sports,3,324.52,973.57,2024-10-16,Peshawar,0.0,Google Ads
ORD_01632,CUST_0041,PROD_070,Elite Device 070,Toys,3,313.16,774.13,2024-10-16,Peshawar,165.34,Google Ads
ORD_01633,CUST_0359,PROD_015,Pro Widget 015,Toys,1,148.43,148.43,2025-06-13,Multan,0.0,Google Ads
ORD_01633,CUST_0359,PROD_044,Smart Tool 044,Clothing,3,402.32,1206.95,2025-06-13,Multan,0.0,Google Ads
ORD_01633,CUST_0359,PROD_077,Basic Item 077,Clothing,3,157.96,431.38,2025-06-13,Multan,42.49,Google Ads
ORD_01633,CUST_0359,PROD_062,Smart Widget 062,Electronics,4,525.52,2102.08,2025-06-13,Multan,0.0,Google Ads
ORD_01634,CUST_0027,PROD_040,Basic Widget 040,Clothing,4,415.93,1488.48,2024-05-10,Rawalpindi,175.24,Instagram
ORD_01634,CUST_0027,PROD_044,Smart Tool 044,Clothing,4,400.02,1600.08,2024-05-10,Rawalpindi,0.0,Instagram
ORD_01634,CUST_0027,PROD_059,Pro Tool 059,Clothing,2,379.99,712.08,2024-05-10,Rawalpindi,47.9,Instagram
ORD_01634,CUST_0027,PROD_065,Premium Tool 065,Home & Kitchen,3,421.0,1253.63,2024-05-10,Rawalpindi,9.37,Instagram
ORD_01634,CUST_0027,PROD_027,Basic Gadget 027,Sports,1,262.78,262.78,2024-05-10,Rawalpindi,0.0,Instagram
ORD_01635,CUST_0351,PROD_054,Elite Tool 054,Clothing,1,63.93,63.93,2024-01-25,Peshawar,0.0,Facebook
ORD_01635,CUST_0351,PROD_076,Smart Device 076,Home & Kitchen,2,547.04,858.47,2024-01-25,Peshawar,235.61,Facebook
ORD_01635,CUST_0351,PROD_053,Smart Device 053,Beauty,1,114.54,114.54,2024-01-25,Peshawar,0.0,Facebook
ORD_01635,CUST_0351,PROD_053,Smart Device 053,Beauty,4,105.0,364.2,2024-01-25,Peshawar,55.8,Facebook
ORD_01635,CUST_0351,PROD_057,Pro Widget 057,Clothing,4,101.35,405.39,2024-01-25,Peshawar,0.0,Facebook
ORD_01636,CUST_0021,PROD_053,Smart Device 053,Beauty,2,122.68,245.36,2025-02-14,Faisalabad,0.0,Email
ORD_01636,CUST_0021,PROD_076,Smart Device 076,Home & Kitchen,2,539.02,779.6,2025-02-14,Faisalabad,298.45,Email
ORD_01637,CUST_0036,PROD_031,Smart Widget 031,Books,3,308.42,925.25,2024-11-17,Karachi,0.0,Instagram
ORD_01638,CUST_0215,PROD_053,Smart Device 053,Beauty,2,118.09,236.19,2023-06-26,Multan,0.0,Organic
ORD_01638,CUST_0215,PROD_025,Basic Device 025,Sports,2,113.87,227.74,2023-06-26,Multan,0.0,Organic
ORD_01639,CUST_0316,PROD_049,Premium Widget 049,Books,1,355.95,260.95,2024-08-26,Islamabad,95.0,Facebook
ORD_01639,CUST_0316,PROD_049,Premium Widget 049,Books,3,345.76,1036.57,2024-08-26,Islamabad,0.72,Facebook
ORD_01640,CUST_0314,PROD_057,Pro Widget 057,Clothing,4,96.53,386.12,2023-12-19,Lahore,0.0,Facebook
ORD_01640,CUST_0314,PROD_040,Basic Widget 040,Clothing,1,376.22,376.22,2023-12-19,Lahore,0.0,Facebook
ORD_01641,CUST_0247,PROD_034,Premium Item 034,Sports,3,388.12,1046.89,2025-01-02,Karachi,117.48,Instagram
ORD_01642,CUST_0273,PROD_015,Pro Widget 015,Toys,1,111.96,111.96,2024-05-05,Lahore,0.0,Organic
ORD_01642,CUST_0273,PROD_040,Basic Widget 040,Clothing,2,445.4,890.8,2024-05-05,Lahore,0.0,Organic
ORD_01642,CUST_0273,PROD_032,Smart Item 032,Toys,4,312.43,885.82,2024-05-05,Lahore,363.9,Organic
ORD_01643,CUST_0187,PROD_055,Elite Item 055,Beauty,4,215.19,860.77,2023-12-08,Rawalpindi,0.0,Email
ORD_01644,CUST_0093,PROD_017,Pro Gadget 017,Home & Kitchen,2,156.27,226.55,2023-02-13,Multan,85.99,Email
ORD_01644,CUST_0093,PROD_005,Smart Widget 005,Sports,1,112.65,101.63,2023-02-13,Multan,11.02,Email
ORD_01645,CUST_0206,PROD_017,Pro Gadget 017,Home & Kitchen,4,188.93,719.56,2024-02-29,Faisalabad,36.16,Email
ORD_01645,CUST_0206,PROD_067,Smart Tool 067,Clothing,4,90.81,354.92,2024-02-29,Faisalabad,8.31,Email
ORD_01646,CUST_0411,PROD_053,Smart Device 053,Beauty,2,133.01,266.02,2023-06-11,Faisalabad,0.0,Facebook
ORD_01646,CUST_0411,PROD_074,Smart Gadget 074,Sports,4,278.38,1113.5,2023-06-11,Faisalabad,0.0,Facebook
ORD_01646,CUST_0411,PROD_002,Basic Gadget 002,Books,2,52.87,105.73,2023-06-11,Faisalabad,0.0,Facebook
ORD_01647,CUST_0286,PROD_003,Smart Widget 003,Sports,3,180.2,540.61,2024-06-02,Rawalpindi,0.0,Organic
ORD_01648,CUST_0270,PROD_011,Premium Tool 011,Sports,2,83.66,167.31,2024-05-14,Islamabad,0.0,Referral
ORD_01648,CUST_0270,PROD_021,Premium Gadget 021,Toys,1,21.43,19.11,2024-05-14,Islamabad,2.32,Referral
ORD_01648,CUST_0270,PROD_047,Basic Gadget 047,Electronics,3,145.22,435.67,2024-05-14,Islamabad,0.0,Referral
ORD_01649,CUST_0256,PROD_009,Pro Widget 009,Electronics,1,225.07,225.07,2024-09-26,Multan,0.0,Referral
ORD_01649,CUST_0256,PROD_054,Elite Tool 054,Clothing,2,64.64,129.28,2024-09-26,Multan,0.0,Referral
ORD_01650,CUST_0379,PROD_052,Elite Gadget 052,Sports,4,67.43,269.73,2023-01-19,Islamabad,0.0,Google Ads
ORD_01651,CUST_0027,PROD_069,Premium Item 069,Electronics,3,31.7,95.1,2023-08-24,Karachi,0.0,Instagram
ORD_01651,CUST_0027,PROD_025,Basic Device 025,Sports,2,111.74,189.43,2023-08-24,Karachi,34.04,Instagram
ORD_01651,CUST_0027,PROD_064,Basic Tool 064,Electronics,2,105.25,196.86,2023-08-24,Karachi,13.65,Instagram
ORD_01651,CUST_0027,PROD_069,Premium Item 069,Electronics,1,33.55,24.85,2023-08-24,Karachi,8.7,Instagram
ORD_01652,CUST_0172,PROD_018,Pro Widget 018,Sports,4,319.27,1277.07,2024-04-01,Lahore,0.0,Google Ads
ORD_01652,CUST_0172,PROD_069,Premium Item 069,Electronics,3,34.57,103.72,2024-04-01,Lahore,0.0,Google Ads
ORD_01652,CUST_0172,PROD_059,Pro Tool 059,Clothing,1,367.58,367.58,2024-04-01,Lahore,0.0,Google Ads
ORD_01652,CUST_0172,PROD_014,Premium Widget 014,Books,4,121.49,343.76,2024-04-01,Lahore,142.21,Google Ads
ORD_01652,CUST_0172,PROD_017,Pro Gadget 017,Home & Kitchen,1,192.73,192.73,2024-04-01,Lahore,0.0,Google Ads
ORD_01653,CUST_0293,PROD_020,Pro Device 020,Clothing,3,293.82,881.47,2023-05-14,Karachi,0.0,Email
ORD_01654,CUST_0077,PROD_035,Smart Widget 035,Toys,2,348.54,697.08,2024-08-01,Peshawar,0.0,Organic
ORD_01654,CUST_0077,PROD_065,Premium Tool 065,Home & Kitchen,2,481.32,962.65,2024-08-01,Peshawar,0.0,Organic
ORD_01654,CUST_0077,PROD_069,Premium Item 069,Electronics,3,40.3,118.1,2024-08-01,Peshawar,2.8,Organic
ORD_01654,CUST_0077,PROD_028,Premium Widget 028,Clothing,4,264.54,749.08,2024-08-01,Peshawar,309.06,Organic
ORD_01655,CUST_0463,PROD_039,Premium Item 039,Toys,1,485.56,352.31,2025-03-17,Islamabad,133.25,Instagram
ORD_01655,CUST_0463,PROD_039,Premium Item 039,Toys,4,458.29,1833.17,2025-03-17,Islamabad,0.0,Instagram
ORD_01655,CUST_0463,PROD_021,Premium Gadget 021,Toys,4,21.92,74.09,2025-03-17,Islamabad,13.61,Instagram
ORD_01655,CUST_0463,PROD_070,Elite Device 070,Toys,2,291.12,582.25,2025-03-17,Islamabad,0.0,Instagram
ORD_01656,CUST_0335,PROD_031,Smart Widget 031,Books,4,393.4,1573.62,2024-08-11,Multan,0.0,Instagram
ORD_01656,CUST_0335,PROD_022,Pro Tool 022,Home & Kitchen,3,38.99,110.03,2024-08-11,Multan,6.93,Instagram
ORD_01656,CUST_0335,PROD_044,Smart Tool 044,Clothing,3,487.99,1463.97,2024-08-11,Multan,0.0,Instagram
ORD_01656,CUST_0335,PROD_064,Basic Tool 064,Electronics,2,94.43,168.35,2024-08-11,Multan,20.5,Instagram
ORD_01657,CUST_0057,PROD_040,Basic Widget 040,Clothing,2,509.66,821.28,2023-12-12,Peshawar,198.03,Referral
ORD_01657,CUST_0057,PROD_021,Premium Gadget 021,Toys,1,28.44,28.44,2023-12-12,Peshawar,0.0,Referral
ORD_01657,CUST_0057,PROD_069,Premium Item 069,Electronics,1,36.52,36.52,2023-12-12,Peshawar,0.0,Referral
ORD_01657,CUST_0057,PROD_061,Smart Widget 061,Electronics,4,390.32,1223.58,2023-12-12,Peshawar,337.7,Referral
ORD_01658,CUST_0291,PROD_054,Elite Tool 054,Clothing,3,55.84,167.51,2023-10-21,Faisalabad,0.0,Organic
ORD_01659,CUST_0066,PROD_018,Pro Widget 018,Sports,2,303.92,607.85,2023-10-22,Rawalpindi,0.0,Instagram
ORD_01659,CUST_0066,PROD_005,Smart Widget 005,Sports,2,103.67,207.35,2023-10-22,Rawalpindi,0.0,Instagram
ORD_01660,CUST_0028,PROD_008,Elite Item 008,Home & Kitchen,1,92.34,92.34,2024-09-01,Multan,0.0,Facebook
ORD_01661,CUST_0124,PROD_024,Elite Tool 024,Clothing,2,133.97,247.16,2023-04-22,Peshawar,20.79,Instagram
ORD_01662,CUST_0492,PROD_002,Basic Gadget 002,Books,1,63.45,63.45,2025-06-06,Rawalpindi,0.0,Email
ORD_01662,CUST_0492,PROD_017,Pro Gadget 017,Home & Kitchen,2,163.27,326.55,2025-06-06,Rawalpindi,0.0,Email
ORD_01662,CUST_0492,PROD_068,Basic Widget 068,Sports,3,362.86,1088.58,2025-06-06,Rawalpindi,0.0,Email
ORD_01663,CUST_0081,PROD_042,Premium Device 042,Toys,4,76.9,263.19,2024-08-12,Multan,44.42,Google Ads
ORD_01663,CUST_0081,PROD_062,Smart Widget 062,Electronics,1,553.54,553.54,2024-08-12,Multan,0.0,Google Ads
ORD_01663,CUST_0081,PROD_077,Basic Item 077,Clothing,1,156.39,156.39,2024-08-12,Multan,0.0,Google Ads
ORD_01663,CUST_0081,PROD_021,Premium Gadget 021,Toys,3,25.37,66.92,2024-08-12,Multan,9.19,Google Ads
ORD_01663,CUST_0081,PROD_002,Basic Gadget 002,Books,1,65.51,65.51,2024-08-12,Multan,0.0,Google Ads
ORD_01664,CUST_0289,PROD_008,Elite Item 008,Home & Kitchen,4,79.31,317.23,2023-01-17,Karachi,0.0,Referral
ORD_01664,CUST_0289,PROD_009,Pro Widget 009,Electronics,3,180.55,541.66,2023-01-17,Karachi,0.0,Referral
ORD_01664,CUST_0289,PROD_063,Basic Gadget 063,Beauty,2,281.88,509.97,2023-01-17,Karachi,53.8,Referral
ORD_01664,CUST_0289,PROD_007,Pro Widget 007,Toys,3,352.39,1057.16,2023-01-17,Karachi,0.0,Referral
ORD_01664,CUST_0289,PROD_052,Elite Gadget 052,Sports,4,77.78,241.14,2023-01-17,Karachi,70.0,Referral
ORD_01665,CUST_0377,PROD_074,Smart Gadget 074,Sports,2,316.01,632.02,2024-03-19,Islamabad,0.0,Facebook
ORD_01665,CUST_0377,PROD_030,Smart Tool 030,Sports,4,137.85,551.4,2024-03-19,Islamabad,0.0,Facebook
ORD_01665,CUST_0377,PROD_028,Premium Widget 028,Clothing,2,354.42,671.74,2024-03-19,Islamabad,37.11,Facebook
ORD_01665,CUST_0377,PROD_061,Smart Widget 061,Electronics,2,307.72,615.43,2024-03-19,Islamabad,0.0,Facebook
ORD_01666,CUST_0424,PROD_032,Smart Item 032,Toys,1,380.36,380.36,2025-03-28,Karachi,0.0,Google Ads
ORD_01666,CUST_0424,PROD_044,Smart Tool 044,Clothing,2,489.19,917.26,2025-03-28,Karachi,61.11,Google Ads
ORD_01666,CUST_0424,PROD_024,Elite Tool 024,Clothing,2,135.49,270.98,2025-03-28,Karachi,0.0,Google Ads
ORD_01666,CUST_0424,PROD_023,Smart Item 023,Clothing,2,303.76,607.51,2025-03-28,Karachi,0.0,Google Ads
ORD_01666,CUST_0424,PROD_033,Premium Item 033,Beauty,1,92.17,92.17,2025-03-28,Karachi,0.0,Google Ads
ORD_01667,CUST_0098,PROD_031,Smart Widget 031,Books,2,340.9,681.8,2025-01-01,Lahore,0.0,Organic
ORD_01667,CUST_0098,PROD_010,Pro Item 010,Sports,4,114.39,457.55,2025-01-01,Lahore,0.0,Organic
ORD_01667,CUST_0098,PROD_017,Pro Gadget 017,Home & Kitchen,3,154.32,462.96,2025-01-01,Lahore,0.0,Organic
ORD_01667,CUST_0098,PROD_012,Elite Widget 012,Sports,3,181.15,543.44,2025-01-01,Lahore,0.0,Organic
ORD_01668,CUST_0440,PROD_035,Smart Widget 035,Toys,1,287.72,287.72,2024-05-25,Peshawar,0.0,Email
ORD_01669,CUST_0332,PROD_040,Basic Widget 040,Clothing,1,366.03,325.25,2025-04-17,Islamabad,40.78,Instagram
ORD_01669,CUST_0332,PROD_048,Smart Device 048,Clothing,1,254.38,254.38,2025-04-17,Islamabad,0.0,Instagram
ORD_01669,CUST_0332,PROD_005,Smart Widget 005,Sports,4,119.06,476.25,2025-04-17,Islamabad,0.0,Instagram
ORD_01670,CUST_0047,PROD_045,Basic Item 045,Beauty,1,467.62,365.32,2025-05-14,Peshawar,102.3,Referral
ORD_01670,CUST_0047,PROD_040,Basic Widget 040,Clothing,3,516.22,1262.25,2025-05-14,Peshawar,286.41,Referral
ORD_01671,CUST_0448,PROD_064,Basic Tool 064,Electronics,3,85.52,187.73,2024-04-26,Islamabad,68.82,Referral
ORD_01672,CUST_0201,PROD_017,Pro Gadget 017,Home & Kitchen,3,177.42,532.27,2024-03-18,Lahore,0.0,Email
ORD_01672,CUST_0201,PROD_056,Premium Widget 056,Electronics,1,227.59,227.59,2024-03-18,Lahore,0.0,Email
ORD_01673,CUST_0437,PROD_056,Premium Widget 056,Electronics,2,192.02,384.04,2023-03-18,Multan,0.0,Facebook
ORD_01673,CUST_0437,PROD_001,Premium Widget 001,Books,4,141.04,564.17,2023-03-18,Multan,0.0,Facebook
ORD_01673,CUST_0437,PROD_006,Smart Tool 006,Clothing,3,198.25,594.74,2023-03-18,Multan,0.0,Facebook
ORD_01673,CUST_0437,PROD_072,Premium Device 072,Electronics,4,340.98,1363.93,2023-03-18,Multan,0.0,Facebook
ORD_01673,CUST_0437,PROD_054,Elite Tool 054,Clothing,4,55.33,221.33,2023-03-18,Multan,0.0,Facebook
ORD_01674,CUST_0098,PROD_004,Premium Widget 004,Clothing,1,136.16,136.16,2024-12-03,Multan,0.0,Instagram
ORD_01674,CUST_0098,PROD_014,Premium Widget 014,Books,1,101.16,101.16,2024-12-03,Multan,0.0,Instagram
ORD_01675,CUST_0387,PROD_028,Premium Widget 028,Clothing,2,315.62,631.24,2024-03-03,Peshawar,0.0,Organic
ORD_01676,CUST_0257,PROD_027,Basic Gadget 027,Sports,1,229.77,202.84,2024-07-24,Faisalabad,26.93,Email
ORD_01677,CUST_0059,PROD_015,Pro Widget 015,Toys,4,147.24,588.96,2024-01-31,Faisalabad,0.0,Email
ORD_01677,CUST_0059,PROD_069,Premium Item 069,Electronics,3,28.88,77.46,2024-01-31,Faisalabad,9.18,Email
ORD_01678,CUST_0216,PROD_005,Smart Widget 005,Sports,4,100.3,401.2,2024-09-02,Islamabad,0.0,Referral
ORD_01679,CUST_0286,PROD_023,Smart Item 023,Clothing,1,266.52,209.39,2024-07-03,Rawalpindi,57.13,Instagram
ORD_01679,CUST_0286,PROD_021,Premium Gadget 021,Toys,1,28.04,27.1,2024-07-03,Rawalpindi,0.94,Instagram
ORD_01680,CUST_0343,PROD_025,Basic Device 025,Sports,4,122.69,490.76,2025-06-04,Rawalpindi,0.0,Google Ads
ORD_01680,CUST_0343,PROD_003,Smart Widget 003,Sports,4,218.11,686.1,2025-06-04,Rawalpindi,186.33,Google Ads
ORD_01680,CUST_0343,PROD_004,Premium Widget 004,Clothing,2,101.67,203.33,2025-06-04,Rawalpindi,0.0,Google Ads
ORD_01681,CUST_0228,PROD_075,Smart Widget 075,Beauty,3,279.4,838.21,2025-06-24,Peshawar,0.0,Email
ORD_01681,CUST_0228,PROD_037,Basic Device 037,Toys,2,445.66,821.75,2025-06-24,Peshawar,69.58,Email
ORD_01681,CUST_0228,PROD_062,Smart Widget 062,Electronics,3,475.85,1265.28,2025-06-24,Peshawar,162.28,Email
ORD_01681,CUST_0228,PROD_066,Elite Item 066,Beauty,4,344.22,1376.9,2025-06-24,Peshawar,0.0,Email
ORD_01681,CUST_0228,PROD_072,Premium Device 072,Electronics,3,376.69,1101.59,2025-06-24,Peshawar,28.48,Email
ORD_01682,CUST_0156,PROD_078,Basic Item 078,Beauty,3,186.11,558.33,2023-12-29,Karachi,0.0,Facebook
ORD_01682,CUST_0156,PROD_039,Premium Item 039,Toys,2,474.41,948.81,2023-12-29,Karachi,0.0,Facebook
ORD_01682,CUST_0156,PROD_007,Pro Widget 007,Toys,4,357.81,1424.25,2023-12-29,Karachi,6.98,Facebook
ORD_01682,CUST_0156,PROD_005,Smart Widget 005,Sports,2,100.96,180.95,2023-12-29,Karachi,20.97,Facebook
ORD_01683,CUST_0170,PROD_062,Smart Widget 062,Electronics,4,518.59,2074.35,2025-02-15,Lahore,0.0,Instagram
ORD_01683,CUST_0170,PROD_026,Smart Tool 026,Sports,1,195.71,167.47,2025-02-15,Lahore,28.24,Instagram
ORD_01684,CUST_0304,PROD_014,Premium Widget 014,Books,3,111.12,333.35,2025-03-12,Peshawar,0.0,Instagram
ORD_01684,CUST_0304,PROD_020,Pro Device 020,Clothing,1,394.12,394.12,2025-03-12,Peshawar,0.0,Instagram
ORD_01685,CUST_0341,PROD_044,Smart Tool 044,Clothing,3,376.56,1129.68,2023-02-28,Islamabad,0.0,Facebook
ORD_01685,CUST_0341,PROD_044,Smart Tool 044,Clothing,3,481.89,1445.67,2023-02-28,Islamabad,0.0,Facebook
ORD_01686,CUST_0382,PROD_076,Smart Device 076,Home & Kitchen,2,480.75,961.49,2025-01-07,Multan,0.0,Email
ORD_01687,CUST_0324,PROD_062,Smart Widget 062,Electronics,2,428.64,857.27,2024-04-14,Faisalabad,0.0,Email
ORD_01687,CUST_0324,PROD_028,Premium Widget 028,Clothing,1,279.64,255.97,2024-04-14,Faisalabad,23.67,Email
ORD_01688,CUST_0270,PROD_075,Smart Widget 075,Beauty,1,304.35,304.35,2023-08-14,Karachi,0.0,Organic
ORD_01689,CUST_0315,PROD_063,Basic Gadget 063,Beauty,3,208.92,520.25,2023-11-11,Lahore,106.5,Organic
ORD_01689,CUST_0315,PROD_053,Smart Device 053,Beauty,3,154.39,463.16,2023-11-11,Lahore,0.0,Organic
ORD_01689,CUST_0315,PROD_050,Basic Widget 050,Electronics,2,433.29,866.57,2023-11-11,Lahore,0.0,Organic
ORD_01689,CUST_0315,PROD_025,Basic Device 025,Sports,3,116.53,309.99,2023-11-11,Lahore,39.6,Organic
ORD_01689,CUST_0315,PROD_019,Smart Gadget 019,Clothing,3,203.89,495.73,2023-11-11,Lahore,115.94,Organic
ORD_01690,CUST_0029,PROD_005,Smart Widget 005,Sports,2,95.59,188.95,2023-01-05,Lahore,2.23,Google Ads
ORD_01690,CUST_0029,PROD_049,Premium Widget 049,Books,4,313.06,894.05,2023-01-05,Lahore,358.19,Google Ads
ORD_01691,CUST_0095,PROD_067,Smart Tool 067,Clothing,1,116.49,116.49,2024-01-04,Multan,0.0,Facebook
ORD_01692,CUST_0265,PROD_002,Basic Gadget 002,Books,3,49.85,149.55,2025-05-21,Peshawar,0.0,Email
ORD_01692,CUST_0265,PROD_006,Smart Tool 006,Clothing,1,262.31,262.31,2025-05-21,Peshawar,0.0,Email
ORD_01693,CUST_0066,PROD_036,Smart Device 036,Clothing,4,89.47,357.88,2024-05-14,Faisalabad,0.0,Facebook
ORD_01693,CUST_0066,PROD_072,Premium Device 072,Electronics,4,381.71,1526.82,2024-05-14,Faisalabad,0.0,Facebook
ORD_01693,CUST_0066,PROD_042,Premium Device 042,Toys,2,70.86,106.48,2024-05-14,Faisalabad,35.25,Facebook
ORD_01693,CUST_0066,PROD_037,Basic Device 037,Toys,3,425.57,1276.72,2024-05-14,Faisalabad,0.0,Facebook
ORD_01693,CUST_0066,PROD_021,Premium Gadget 021,Toys,3,27.73,83.18,2024-05-14,Faisalabad,0.0,Facebook
ORD_01694,CUST_0275,PROD_010,Pro Item 010,Sports,2,160.19,320.38,2024-07-11,Lahore,0.0,Referral
ORD_01694,CUST_0275,PROD_010,Pro Item 010,Sports,3,132.19,396.58,2024-07-11,Lahore,0.0,Referral
ORD_01694,CUST_0275,PROD_010,Pro Item 010,Sports,1,162.71,162.71,2024-07-11,Lahore,0.0,Referral
ORD_01694,CUST_0275,PROD_020,Pro Device 020,Clothing,4,370.2,1120.0,2024-07-11,Lahore,360.8,Referral
ORD_01695,CUST_0472,PROD_074,Smart Gadget 074,Sports,4,241.82,967.28,2023-09-27,Faisalabad,0.0,Google Ads
ORD_01696,CUST_0136,PROD_073,Basic Tool 073,Electronics,1,533.76,404.98,2024-04-10,Peshawar,128.78,Email
ORD_01697,CUST_0316,PROD_077,Basic Item 077,Clothing,2,161.92,284.09,2023-05-09,Peshawar,39.76,Instagram
ORD_01697,CUST_0316,PROD_071,Premium Device 071,Electronics,2,391.19,730.63,2023-05-09,Peshawar,51.74,Instagram
ORD_01697,CUST_0316,PROD_011,Premium Tool 011,Sports,3,59.58,151.1,2023-05-09,Peshawar,27.65,Instagram
ORD_01698,CUST_0057,PROD_040,Basic Widget 040,Clothing,1,519.24,519.24,2025-05-28,Multan,0.0,Organic
ORD_01698,CUST_0057,PROD_011,Premium Tool 011,Sports,2,61.38,106.38,2025-05-28,Multan,16.39,Organic
ORD_01698,CUST_0057,PROD_076,Smart Device 076,Home & Kitchen,1,432.39,432.39,2025-05-28,Multan,0.0,Organic
ORD_01698,CUST_0057,PROD_065,Premium Tool 065,Home & Kitchen,3,448.04,1344.13,2025-05-28,Multan,0.0,Organic
ORD_01698,CUST_0057,PROD_036,Smart Device 036,Clothing,1,95.3,82.34,2025-05-28,Multan,12.96,Organic
ORD_01699,CUST_0152,PROD_028,Premium Widget 028,Clothing,1,256.73,256.73,2024-11-07,Rawalpindi,0.0,Email
ORD_01699,CUST_0152,PROD_046,Pro Tool 046,Sports,4,210.12,840.48,2024-11-07,Rawalpindi,0.0,Email
ORD_01699,CUST_0152,PROD_020,Pro Device 020,Clothing,4,321.71,1055.35,2024-11-07,Rawalpindi,231.49,Email
ORD_01699,CUST_0152,PROD_007,Pro Widget 007,Toys,4,441.39,1765.56,2024-11-07,Rawalpindi,0.0,Email
ORD_01699,CUST_0152,PROD_028,Premium Widget 028,Clothing,4,287.68,950.27,2024-11-07,Rawalpindi,200.44,Email
ORD_01700,CUST_0472,PROD_030,Smart Tool 030,Sports,2,138.97,245.16,2024-06-21,Karachi,32.78,Email
ORD_01700,CUST_0472,PROD_079,Premium Widget 079,Beauty,3,262.68,692.42,2024-06-21,Karachi,95.63,Email
ORD_01700,CUST_0472,PROD_039,Premium Item 039,Toys,1,324.95,324.95,2024-06-21,Karachi,0.0,Email
ORD_01700,CUST_0472,PROD_029,Elite Device 029,Electronics,2,192.71,344.89,2024-06-21,Karachi,40.54,Email
ORD_01701,CUST_0482,PROD_063,Basic Gadget 063,Beauty,4,222.31,879.6,2023-03-08,Karachi,9.66,Facebook
ORD_01701,CUST_0482,PROD_004,Premium Widget 004,Clothing,4,131.14,524.57,2023-03-08,Karachi,0.0,Facebook
ORD_01701,CUST_0482,PROD_013,Smart Item 013,Sports,2,96.8,193.61,2023-03-08,Karachi,0.0,Facebook
ORD_01701,CUST_0482,PROD_050,Basic Widget 050,Electronics,3,348.65,1045.96,2023-03-08,Karachi,0.0,Facebook
ORD_01701,CUST_0482,PROD_038,Premium Device 038,Home & Kitchen,4,245.82,983.27,2023-03-08,Karachi,0.0,Facebook
ORD_01702,CUST_0288,PROD_076,Smart Device 076,Home & Kitchen,3,469.65,1408.95,2024-01-23,Peshawar,0.0,Email
ORD_01702,CUST_0288,PROD_060,Premium Tool 060,Toys,1,500.88,500.88,2024-01-23,Peshawar,0.0,Email
ORD_01702,CUST_0288,PROD_014,Premium Widget 014,Books,1,145.43,125.54,2024-01-23,Peshawar,19.89,Email
ORD_01702,CUST_0288,PROD_060,Premium Tool 060,Toys,1,475.87,475.87,2024-01-23,Peshawar,0.0,Email
ORD_01702,CUST_0288,PROD_029,Elite Device 029,Electronics,4,183.7,603.54,2024-01-23,Peshawar,131.28,Email
ORD_01703,CUST_0415,PROD_014,Premium Widget 014,Books,1,142.67,142.67,2023-07-26,Rawalpindi,0.0,Email
ORD_01704,CUST_0055,PROD_005,Smart Widget 005,Sports,3,112.42,337.26,2024-08-10,Peshawar,0.0,Organic
ORD_01704,CUST_0055,PROD_012,Elite Widget 012,Sports,3,140.54,421.63,2024-08-10,Peshawar,0.0,Organic
ORD_01704,CUST_0055,PROD_046,Pro Tool 046,Sports,3,263.53,790.59,2024-08-10,Peshawar,0.0,Organic
ORD_01704,CUST_0055,PROD_036,Smart Device 036,Clothing,2,75.8,128.0,2024-08-10,Peshawar,23.6,Organic
ORD_01705,CUST_0340,PROD_048,Smart Device 048,Clothing,2,265.98,455.34,2024-08-01,Multan,76.61,Facebook
ORD_01705,CUST_0340,PROD_004,Premium Widget 004,Clothing,2,135.25,270.51,2024-08-01,Multan,0.0,Facebook
ORD_01705,CUST_0340,PROD_001,Premium Widget 001,Books,1,133.82,110.31,2024-08-01,Multan,23.51,Facebook
ORD_01705,CUST_0340,PROD_024,Elite Tool 024,Clothing,4,146.86,549.67,2024-08-01,Multan,37.79,Facebook
ORD_01706,CUST_0198,PROD_062,Smart Widget 062,Electronics,4,414.81,1551.49,2025-01-04,Multan,107.75,Email
ORD_01707,CUST_0291,PROD_020,Pro Device 020,Clothing,3,346.37,991.64,2025-06-08,Peshawar,47.46,Instagram
ORD_01707,CUST_0291,PROD_026,Smart Tool 026,Sports,3,234.16,702.49,2025-06-08,Peshawar,0.0,Instagram
ORD_01707,CUST_0291,PROD_043,Elite Device 043,Clothing,2,158.66,317.31,2025-06-08,Peshawar,0.0,Instagram
ORD_01708,CUST_0246,PROD_012,Elite Widget 012,Sports,3,166.03,354.8,2024-11-05,Faisalabad,143.3,Instagram
ORD_01708,CUST_0246,PROD_036,Smart Device 036,Clothing,2,94.77,162.15,2024-11-05,Faisalabad,27.39,Instagram
ORD_01708,CUST_0246,PROD_078,Basic Item 078,Beauty,4,160.99,643.97,2024-11-05,Faisalabad,0.0,Instagram
ORD_01708,CUST_0246,PROD_001,Premium Widget 001,Books,3,136.88,351.78,2024-11-05,Faisalabad,58.85,Instagram
ORD_01709,CUST_0118,PROD_017,Pro Gadget 017,Home & Kitchen,1,212.12,212.12,2025-04-24,Rawalpindi,0.0,Email
ORD_01709,CUST_0118,PROD_018,Pro Widget 018,Sports,3,260.06,642.69,2025-04-24,Rawalpindi,137.49,Email
ORD_01709,CUST_0118,PROD_079,Premium Widget 079,Beauty,2,369.0,738.01,2025-04-24,Rawalpindi,0.0,Email
ORD_01710,CUST_0135,PROD_076,Smart Device 076,Home & Kitchen,4,377.32,1209.27,2024-02-07,Rawalpindi,300.03,Google Ads
ORD_01710,CUST_0135,PROD_042,Premium Device 042,Toys,3,71.22,198.87,2024-02-07,Rawalpindi,14.79,Google Ads
ORD_01710,CUST_0135,PROD_031,Smart Widget 031,Books,3,386.6,1159.79,2024-02-07,Rawalpindi,0.0,Google Ads
ORD_01711,CUST_0431,PROD_075,Smart Widget 075,Beauty,2,313.79,627.59,2023-04-12,Rawalpindi,0.0,Instagram
ORD_01711,CUST_0431,PROD_008,Elite Item 008,Home & Kitchen,3,69.77,184.85,2023-04-12,Rawalpindi,24.45,Instagram
ORD_01711,CUST_0431,PROD_007,Pro Widget 007,Toys,1,331.64,331.64,2023-04-12,Rawalpindi,0.0,Instagram
ORD_01711,CUST_0431,PROD_015,Pro Widget 015,Toys,1,103.38,103.38,2023-04-12,Rawalpindi,0.0,Instagram
ORD_01711,CUST_0431,PROD_010,Pro Item 010,Sports,4,115.63,462.51,2023-04-12,Rawalpindi,0.0,Instagram
ORD_01712,CUST_0099,PROD_080,Smart Widget 080,Electronics,1,233.99,233.99,2024-07-29,Peshawar,0.0,Facebook
ORD_01712,CUST_0099,PROD_030,Smart Tool 030,Sports,1,109.05,92.3,2024-07-29,Peshawar,16.75,Facebook
ORD_01712,CUST_0099,PROD_025,Basic Device 025,Sports,3,147.95,443.86,2024-07-29,Peshawar,0.0,Facebook
ORD_01713,CUST_0294,PROD_072,Premium Device 072,Electronics,4,337.86,1351.44,2024-10-01,Peshawar,0.0,Referral
ORD_01714,CUST_0478,PROD_034,Premium Item 034,Sports,1,382.41,270.09,2023-08-12,Karachi,112.32,Facebook
ORD_01715,CUST_0486,PROD_047,Basic Gadget 047,Electronics,3,191.44,574.33,2024-10-05,Multan,0.0,Instagram
ORD_01715,CUST_0486,PROD_018,Pro Widget 018,Sports,2,383.8,645.49,2024-10-05,Multan,122.12,Instagram
ORD_01716,CUST_0070,PROD_028,Premium Widget 028,Clothing,1,320.79,241.69,2025-06-18,Karachi,79.1,Instagram
ORD_01716,CUST_0070,PROD_016,Premium Tool 016,Home & Kitchen,4,221.44,719.03,2025-06-18,Karachi,166.71,Instagram
ORD_01717,CUST_0368,PROD_053,Smart Device 053,Beauty,3,142.73,372.14,2023-08-17,Lahore,56.05,Google Ads
ORD_01718,CUST_0123,PROD_079,Premium Widget 079,Beauty,1,303.53,303.53,2024-03-09,Lahore,0.0,Facebook
ORD_01718,CUST_0123,PROD_036,Smart Device 036,Clothing,1,96.32,96.32,2024-03-09,Lahore,0.0,Facebook
ORD_01718,CUST_0123,PROD_074,Smart Gadget 074,Sports,1,326.98,262.38,2024-03-09,Lahore,64.6,Facebook
ORD_01718,CUST_0123,PROD_044,Smart Tool 044,Clothing,2,518.83,1037.66,2024-03-09,Lahore,0.0,Facebook
ORD_01718,CUST_0123,PROD_052,Elite Gadget 052,Sports,4,87.15,348.59,2024-03-09,Lahore,0.0,Facebook
ORD_01719,CUST_0455,PROD_034,Premium Item 034,Sports,3,436.36,1309.09,2024-09-08,Rawalpindi,0.0,Email
ORD_01719,CUST_0455,PROD_024,Elite Tool 024,Clothing,3,122.18,282.78,2024-09-08,Rawalpindi,83.75,Email
ORD_01720,CUST_0133,PROD_055,Elite Item 055,Beauty,4,212.06,623.33,2023-11-05,Islamabad,224.9,Google Ads
ORD_01720,CUST_0133,PROD_010,Pro Item 010,Sports,3,155.43,466.3,2023-11-05,Islamabad,0.0,Google Ads
ORD_01720,CUST_0133,PROD_006,Smart Tool 006,Clothing,4,207.79,701.56,2023-11-05,Islamabad,129.6,Google Ads
ORD_01720,CUST_0133,PROD_042,Premium Device 042,Toys,4,71.02,257.02,2023-11-05,Islamabad,27.04,Google Ads
ORD_01720,CUST_0133,PROD_045,Basic Item 045,Beauty,1,551.55,435.96,2023-11-05,Islamabad,115.59,Google Ads
ORD_01721,CUST_0086,PROD_079,Premium Widget 079,Beauty,1,273.09,273.09,2025-03-09,Faisalabad,0.0,Instagram
ORD_01721,CUST_0086,PROD_013,Smart Item 013,Sports,2,84.04,119.94,2025-03-09,Faisalabad,48.13,Instagram
ORD_01721,CUST_0086,PROD_031,Smart Widget 031,Books,4,314.97,1259.87,2025-03-09,Faisalabad,0.0,Instagram
ORD_01721,CUST_0086,PROD_051,Premium Device 051,Clothing,4,159.62,638.49,2025-03-09,Faisalabad,0.0,Instagram
ORD_01722,CUST_0098,PROD_069,Premium Item 069,Electronics,1,30.08,30.08,2023-11-28,Islamabad,0.0,Organic
ORD_01722,CUST_0098,PROD_080,Smart Widget 080,Electronics,4,269.98,1079.94,2023-11-28,Islamabad,0.0,Organic
ORD_01722,CUST_0098,PROD_059,Pro Tool 059,Clothing,2,456.33,912.66,2023-11-28,Islamabad,0.0,Organic
ORD_01722,CUST_0098,PROD_063,Basic Gadget 063,Beauty,3,274.11,822.33,2023-11-28,Islamabad,0.0,Organic
ORD_01722,CUST_0098,PROD_019,Smart Gadget 019,Clothing,3,257.31,771.92,2023-11-28,Islamabad,0.0,Organic
ORD_01723,CUST_0044,PROD_028,Premium Widget 028,Clothing,4,376.26,1505.06,2023-03-17,Rawalpindi,0.0,Referral
ORD_01724,CUST_0112,PROD_046,Pro Tool 046,Sports,4,273.58,1094.31,2024-12-28,Rawalpindi,0.0,Google Ads
ORD_01724,CUST_0112,PROD_056,Premium Widget 056,Electronics,1,174.4,174.4,2024-12-28,Rawalpindi,0.0,Google Ads
ORD_01724,CUST_0112,PROD_072,Premium Device 072,Electronics,3,372.25,1116.74,2024-12-28,Rawalpindi,0.0,Google Ads
ORD_01724,CUST_0112,PROD_027,Basic Gadget 027,Sports,1,281.68,281.68,2024-12-28,Rawalpindi,0.0,Google Ads
ORD_01724,CUST_0112,PROD_047,Basic Gadget 047,Electronics,4,207.72,830.87,2024-12-28,Rawalpindi,0.0,Google Ads
ORD_01725,CUST_0486,PROD_033,Premium Item 033,Beauty,2,87.89,175.79,2024-06-04,Faisalabad,0.0,Google Ads
ORD_01725,CUST_0486,PROD_022,Pro Tool 022,Home & Kitchen,1,34.61,34.61,2024-06-04,Faisalabad,0.0,Google Ads
ORD_01726,CUST_0367,PROD_022,Pro Tool 022,Home & Kitchen,4,37.84,151.36,2024-06-18,Lahore,0.0,Organic
ORD_01726,CUST_0367,PROD_046,Pro Tool 046,Sports,3,235.37,706.11,2024-06-18,Lahore,0.0,Organic
ORD_01726,CUST_0367,PROD_001,Premium Widget 001,Books,4,123.55,494.21,2024-06-18,Lahore,0.0,Organic
ORD_01726,CUST_0367,PROD_058,Smart Tool 058,Clothing,1,221.09,221.09,2024-06-18,Lahore,0.0,Organic
ORD_01726,CUST_0367,PROD_061,Smart Widget 061,Electronics,3,373.0,1119.0,2024-06-18,Lahore,0.0,Organic
ORD_01727,CUST_0350,PROD_056,Premium Widget 056,Electronics,2,217.99,435.99,2025-01-03,Rawalpindi,0.0,Email
ORD_01727,CUST_0350,PROD_021,Premium Gadget 021,Toys,3,24.22,72.67,2025-01-03,Rawalpindi,0.0,Email
ORD_01728,CUST_0364,PROD_005,Smart Widget 005,Sports,1,112.52,86.58,2023-01-20,Islamabad,25.94,Organic
ORD_01729,CUST_0364,PROD_027,Basic Gadget 027,Sports,1,202.75,202.75,2023-05-12,Rawalpindi,0.0,Google Ads
ORD_01729,CUST_0364,PROD_058,Smart Tool 058,Clothing,2,184.56,369.12,2023-05-12,Rawalpindi,0.0,Google Ads
ORD_01730,CUST_0079,PROD_025,Basic Device 025,Sports,3,148.88,360.93,2025-02-02,Lahore,85.72,Organic
ORD_01730,CUST_0079,PROD_026,Smart Tool 026,Sports,4,191.8,767.18,2025-02-02,Lahore,0.0,Organic
ORD_01730,CUST_0079,PROD_015,Pro Widget 015,Toys,4,137.35,549.39,2025-02-02,Lahore,0.0,Organic
ORD_01730,CUST_0079,PROD_072,Premium Device 072,Electronics,1,390.54,390.54,2025-02-02,Lahore,0.0,Organic
ORD_01730,CUST_0079,PROD_054,Elite Tool 054,Clothing,4,49.95,199.79,2025-02-02,Lahore,0.0,Organic
ORD_01731,CUST_0461,PROD_072,Premium Device 072,Electronics,4,371.78,1487.13,2025-03-14,Faisalabad,0.0,Instagram
ORD_01731,CUST_0461,PROD_032,Smart Item 032,Toys,2,370.49,740.99,2025-03-14,Faisalabad,0.0,Instagram
ORD_01731,CUST_0461,PROD_036,Smart Device 036,Clothing,3,70.09,210.28,2025-03-14,Faisalabad,0.0,Instagram
ORD_01731,CUST_0461,PROD_013,Smart Item 013,Sports,4,99.67,398.7,2025-03-14,Faisalabad,0.0,Instagram
ORD_01732,CUST_0003,PROD_043,Elite Device 043,Clothing,1,117.49,114.14,2023-02-01,Islamabad,3.35,Facebook
ORD_01732,CUST_0003,PROD_053,Smart Device 053,Beauty,3,110.62,249.22,2023-02-01,Islamabad,82.65,Facebook
ORD_01732,CUST_0003,PROD_022,Pro Tool 022,Home & Kitchen,1,43.9,43.9,2023-02-01,Islamabad,0.0,Facebook
ORD_01732,CUST_0003,PROD_016,Premium Tool 016,Home & Kitchen,3,186.3,449.21,2023-02-01,Islamabad,109.69,Facebook
ORD_01732,CUST_0003,PROD_053,Smart Device 053,Beauty,4,108.35,408.04,2023-02-01,Islamabad,25.37,Facebook
ORD_01733,CUST_0169,PROD_048,Smart Device 048,Clothing,2,321.98,618.24,2025-05-06,Multan,25.73,Facebook
ORD_01733,CUST_0169,PROD_071,Premium Device 071,Electronics,1,397.15,374.14,2025-05-06,Multan,23.01,Facebook
ORD_01734,CUST_0234,PROD_031,Smart Widget 031,Books,3,424.34,908.44,2024-10-25,Multan,364.58,Facebook
ORD_01734,CUST_0234,PROD_040,Basic Widget 040,Clothing,4,527.39,2109.58,2024-10-25,Multan,0.0,Facebook
ORD_01734,CUST_0234,PROD_044,Smart Tool 044,Clothing,2,483.0,966.0,2024-10-25,Multan,0.0,Facebook
ORD_01734,CUST_0234,PROD_014,Premium Widget 014,Books,1,102.97,102.97,2024-10-25,Multan,0.0,Facebook
ORD_01735,CUST_0082,PROD_056,Premium Widget 056,Electronics,2,204.21,340.77,2025-04-16,Islamabad,67.66,Email
ORD_01735,CUST_0082,PROD_023,Smart Item 023,Clothing,4,270.28,1081.11,2025-04-16,Islamabad,0.0,Email
ORD_01735,CUST_0082,PROD_057,Pro Widget 057,Clothing,3,105.19,315.57,2025-04-16,Islamabad,0.0,Email
ORD_01736,CUST_0122,PROD_065,Premium Tool 065,Home & Kitchen,1,502.35,502.35,2023-01-21,Islamabad,0.0,Email
ORD_01736,CUST_0122,PROD_016,Premium Tool 016,Home & Kitchen,4,192.0,573.67,2023-01-21,Islamabad,194.31,Email
ORD_01736,CUST_0122,PROD_017,Pro Gadget 017,Home & Kitchen,2,192.12,341.81,2023-01-21,Islamabad,42.42,Email
ORD_01737,CUST_0360,PROD_047,Basic Gadget 047,Electronics,2,143.7,257.01,2023-12-03,Multan,30.4,Referral
ORD_01737,CUST_0360,PROD_053,Smart Device 053,Beauty,4,119.84,479.35,2023-12-03,Multan,0.0,Referral
ORD_01737,CUST_0360,PROD_078,Basic Item 078,Beauty,1,139.0,139.0,2023-12-03,Multan,0.0,Referral
ORD_01738,CUST_0230,PROD_040,Basic Widget 040,Clothing,3,434.54,1130.7,2024-08-29,Lahore,172.92,Organic
ORD_01738,CUST_0230,PROD_033,Premium Item 033,Beauty,3,96.85,282.89,2024-08-29,Lahore,7.65,Organic
ORD_01738,CUST_0230,PROD_050,Basic Widget 050,Electronics,1,439.76,327.77,2024-08-29,Lahore,111.99,Organic
ORD_01738,CUST_0230,PROD_068,Basic Widget 068,Sports,4,431.51,1726.02,2024-08-29,Lahore,0.0,Organic
ORD_01738,CUST_0230,PROD_014,Premium Widget 014,Books,3,129.42,367.12,2024-08-29,Lahore,21.15,Organic
ORD_01739,CUST_0398,PROD_067,Smart Tool 067,Clothing,4,84.95,319.83,2023-07-30,Rawalpindi,19.95,Referral
ORD_01739,CUST_0398,PROD_059,Pro Tool 059,Clothing,4,470.21,1880.82,2023-07-30,Rawalpindi,0.0,Referral
ORD_01740,CUST_0344,PROD_080,Smart Widget 080,Electronics,2,219.52,373.73,2024-06-03,Faisalabad,65.31,Email
ORD_01740,CUST_0344,PROD_050,Basic Widget 050,Electronics,1,472.7,369.1,2024-06-03,Faisalabad,103.6,Email
ORD_01740,CUST_0344,PROD_074,Smart Gadget 074,Sports,4,310.63,1020.95,2024-06-03,Faisalabad,221.56,Email
ORD_01740,CUST_0344,PROD_060,Premium Tool 060,Toys,1,455.11,360.09,2024-06-03,Faisalabad,95.02,Email
ORD_01740,CUST_0344,PROD_007,Pro Widget 007,Toys,2,358.09,555.43,2024-06-03,Faisalabad,160.75,Email
ORD_01741,CUST_0452,PROD_066,Elite Item 066,Beauty,3,384.2,958.67,2024-06-15,Peshawar,193.92,Google Ads
ORD_01741,CUST_0452,PROD_079,Premium Widget 079,Beauty,4,315.95,1263.78,2024-06-15,Peshawar,0.0,Google Ads
ORD_01741,CUST_0452,PROD_034,Premium Item 034,Sports,2,455.3,910.6,2024-06-15,Peshawar,0.0,Google Ads
ORD_01742,CUST_0357,PROD_002,Basic Gadget 002,Books,1,59.5,59.5,2023-09-06,Multan,0.0,Email
ORD_01743,CUST_0146,PROD_039,Premium Item 039,Toys,3,374.94,908.0,2024-09-22,Faisalabad,216.83,Referral
ORD_01743,CUST_0146,PROD_033,Premium Item 033,Beauty,3,79.7,236.0,2024-09-22,Faisalabad,3.1,Referral
ORD_01743,CUST_0146,PROD_052,Elite Gadget 052,Sports,2,82.13,164.26,2024-09-22,Faisalabad,0.0,Referral
ORD_01743,CUST_0146,PROD_044,Smart Tool 044,Clothing,3,493.86,1481.58,2024-09-22,Faisalabad,0.0,Referral
ORD_01743,CUST_0146,PROD_058,Smart Tool 058,Clothing,3,259.5,778.51,2024-09-22,Faisalabad,0.0,Referral
ORD_01744,CUST_0201,PROD_075,Smart Widget 075,Beauty,2,388.02,776.05,2023-02-01,Lahore,0.0,Facebook
ORD_01744,CUST_0201,PROD_073,Basic Tool 073,Electronics,1,464.23,355.21,2023-02-01,Lahore,109.02,Facebook
ORD_01744,CUST_0201,PROD_055,Elite Item 055,Beauty,3,211.97,635.91,2023-02-01,Lahore,0.0,Facebook
ORD_01745,CUST_0260,PROD_043,Elite Device 043,Clothing,4,149.17,583.77,2025-02-13,Multan,12.9,Instagram
ORD_01745,CUST_0260,PROD_062,Smart Widget 062,Electronics,3,555.96,1667.88,2025-02-13,Multan,0.0,Instagram
ORD_01746,CUST_0157,PROD_027,Basic Gadget 027,Sports,1,301.79,292.93,2024-11-24,Rawalpindi,8.86,Referral
ORD_01747,CUST_0352,PROD_013,Smart Item 013,Sports,2,96.56,193.12,2025-05-10,Rawalpindi,0.0,Instagram
ORD_01747,CUST_0352,PROD_001,Premium Widget 001,Books,4,145.22,580.86,2025-05-10,Rawalpindi,0.0,Instagram
ORD_01747,CUST_0352,PROD_075,Smart Widget 075,Beauty,2,285.43,570.86,2025-05-10,Rawalpindi,0.0,Instagram
ORD_01747,CUST_0352,PROD_065,Premium Tool 065,Home & Kitchen,3,423.63,1270.88,2025-05-10,Rawalpindi,0.0,Instagram
ORD_01748,CUST_0097,PROD_044,Smart Tool 044,Clothing,2,549.63,1099.27,2024-02-23,Faisalabad,0.0,Email
ORD_01748,CUST_0097,PROD_006,Smart Tool 006,Clothing,2,204.73,291.28,2024-02-23,Faisalabad,118.17,Email
ORD_01748,CUST_0097,PROD_051,Premium Device 051,Clothing,3,128.62,385.85,2024-02-23,Faisalabad,0.0,Email
ORD_01748,CUST_0097,PROD_041,Premium Widget 041,Books,3,278.8,836.39,2024-02-23,Faisalabad,0.0,Email
ORD_01748,CUST_0097,PROD_058,Smart Tool 058,Clothing,2,196.13,370.09,2024-02-23,Faisalabad,22.17,Email
ORD_01749,CUST_0496,PROD_063,Basic Gadget 063,Beauty,1,227.33,204.84,2023-05-12,Islamabad,22.49,Instagram
ORD_01749,CUST_0496,PROD_005,Smart Widget 005,Sports,2,116.47,232.94,2023-05-12,Islamabad,0.0,Instagram
ORD_01750,CUST_0177,PROD_005,Smart Widget 005,Sports,1,103.61,103.61,2024-12-12,Karachi,0.0,Google Ads
ORD_01750,CUST_0177,PROD_010,Pro Item 010,Sports,2,135.05,270.09,2024-12-12,Karachi,0.0,Google Ads
ORD_01750,CUST_0177,PROD_047,Basic Gadget 047,Electronics,3,196.69,570.39,2024-12-12,Karachi,19.68,Google Ads
ORD_01750,CUST_0177,PROD_021,Premium Gadget 021,Toys,1,26.26,26.26,2024-12-12,Karachi,0.0,Google Ads
ORD_01751,CUST_0340,PROD_062,Smart Widget 062,Electronics,1,527.52,527.52,2024-09-03,Multan,0.0,Google Ads
ORD_01752,CUST_0225,PROD_022,Pro Tool 022,Home & Kitchen,2,49.33,98.65,2025-01-22,Karachi,0.0,Google Ads
ORD_01752,CUST_0225,PROD_031,Smart Widget 031,Books,1,343.49,343.49,2025-01-22,Karachi,0.0,Google Ads
ORD_01752,CUST_0225,PROD_054,Elite Tool 054,Clothing,3,50.56,151.68,2025-01-22,Karachi,0.0,Google Ads
ORD_01752,CUST_0225,PROD_033,Premium Item 033,Beauty,3,82.94,223.43,2025-01-22,Karachi,25.39,Google Ads
ORD_01753,CUST_0171,PROD_043,Elite Device 043,Clothing,4,112.27,449.1,2023-02-22,Rawalpindi,0.0,Google Ads
ORD_01753,CUST_0171,PROD_069,Premium Item 069,Electronics,3,40.42,121.25,2023-02-22,Rawalpindi,0.0,Google Ads
ORD_01754,CUST_0331,PROD_074,Smart Gadget 074,Sports,1,272.73,269.84,2023-05-21,Rawalpindi,2.89,Google Ads
ORD_01754,CUST_0331,PROD_067,Smart Tool 067,Clothing,2,111.06,195.45,2023-05-21,Rawalpindi,26.67,Google Ads
ORD_01754,CUST_0331,PROD_049,Premium Widget 049,Books,2,376.45,752.91,2023-05-21,Rawalpindi,0.0,Google Ads
ORD_01754,CUST_0331,PROD_073,Basic Tool 073,Electronics,1,411.75,393.26,2023-05-21,Rawalpindi,18.49,Google Ads
ORD_01755,CUST_0289,PROD_003,Smart Widget 003,Sports,4,182.42,721.57,2024-03-30,Islamabad,8.13,Referral
ORD_01755,CUST_0289,PROD_060,Premium Tool 060,Toys,1,504.25,504.25,2024-03-30,Islamabad,0.0,Referral
ORD_01755,CUST_0289,PROD_044,Smart Tool 044,Clothing,1,404.26,404.26,2024-03-30,Islamabad,0.0,Referral
ORD_01756,CUST_0300,PROD_079,Premium Widget 079,Beauty,1,308.97,308.97,2025-05-18,Islamabad,0.0,Facebook
ORD_01756,CUST_0300,PROD_021,Premium Gadget 021,Toys,1,24.52,20.47,2025-05-18,Islamabad,4.05,Facebook
ORD_01757,CUST_0100,PROD_030,Smart Tool 030,Sports,1,146.01,146.01,2024-12-03,Peshawar,0.0,Referral
ORD_01757,CUST_0100,PROD_049,Premium Widget 049,Books,2,269.75,503.2,2024-12-03,Peshawar,36.31,Referral
ORD_01758,CUST_0246,PROD_006,Smart Tool 006,Clothing,1,266.72,266.72,2023-03-29,Lahore,0.0,Instagram
ORD_01758,CUST_0246,PROD_019,Smart Gadget 019,Clothing,2,250.92,501.85,2023-03-29,Lahore,0.0,Instagram
ORD_01759,CUST_0144,PROD_041,Premium Widget 041,Books,3,260.09,780.28,2023-07-06,Peshawar,0.0,Organic
ORD_01759,CUST_0144,PROD_070,Elite Device 070,Toys,4,301.52,868.31,2023-07-06,Peshawar,337.78,Organic
ORD_01759,CUST_0144,PROD_008,Elite Item 008,Home & Kitchen,4,75.61,302.46,2023-07-06,Peshawar,0.0,Organic
ORD_01759,CUST_0144,PROD_067,Smart Tool 067,Clothing,1,122.01,115.88,2023-07-06,Peshawar,6.13,Organic
ORD_01760,CUST_0500,PROD_034,Premium Item 034,Sports,4,414.59,1658.38,2024-08-13,Karachi,0.0,Facebook
ORD_01760,CUST_0500,PROD_075,Smart Widget 075,Beauty,3,283.93,726.31,2024-08-13,Karachi,125.49,Facebook
ORD_01760,CUST_0500,PROD_002,Basic Gadget 002,Books,4,67.89,218.88,2024-08-13,Karachi,52.69,Facebook
ORD_01760,CUST_0500,PROD_034,Premium Item 034,Sports,4,330.55,958.54,2024-08-13,Karachi,363.67,Facebook
ORD_01760,CUST_0500,PROD_044,Smart Tool 044,Clothing,2,439.45,878.91,2024-08-13,Karachi,0.0,Facebook
ORD_01761,CUST_0282,PROD_071,Premium Device 071,Electronics,3,344.14,1032.41,2024-04-21,Rawalpindi,0.0,Instagram
ORD_01761,CUST_0282,PROD_078,Basic Item 078,Beauty,3,159.43,478.28,2024-04-21,Rawalpindi,0.0,Instagram
ORD_01761,CUST_0282,PROD_059,Pro Tool 059,Clothing,1,525.15,525.15,2024-04-21,Rawalpindi,0.0,Instagram
ORD_01762,CUST_0464,PROD_059,Pro Tool 059,Clothing,2,446.53,893.05,2024-09-21,Faisalabad,0.0,Email
ORD_01762,CUST_0464,PROD_067,Smart Tool 067,Clothing,1,115.23,115.23,2024-09-21,Faisalabad,0.0,Email
ORD_01762,CUST_0464,PROD_019,Smart Gadget 019,Clothing,4,254.2,1016.81,2024-09-21,Faisalabad,0.0,Email
ORD_01762,CUST_0464,PROD_049,Premium Widget 049,Books,3,270.66,811.97,2024-09-21,Faisalabad,0.0,Email
ORD_01762,CUST_0464,PROD_044,Smart Tool 044,Clothing,2,533.21,1066.43,2024-09-21,Faisalabad,0.0,Email
ORD_01763,CUST_0265,PROD_051,Premium Device 051,Clothing,1,163.73,163.73,2024-03-10,Islamabad,0.0,Instagram
ORD_01764,CUST_0430,PROD_061,Smart Widget 061,Electronics,3,347.47,1042.42,2024-10-18,Rawalpindi,0.0,Facebook
ORD_01764,CUST_0430,PROD_075,Smart Widget 075,Beauty,2,384.92,594.1,2024-10-18,Rawalpindi,175.75,Facebook
ORD_01764,CUST_0430,PROD_034,Premium Item 034,Sports,2,392.05,784.09,2024-10-18,Rawalpindi,0.0,Facebook
ORD_01764,CUST_0430,PROD_048,Smart Device 048,Clothing,3,248.6,745.8,2024-10-18,Rawalpindi,0.0,Facebook
ORD_01765,CUST_0010,PROD_079,Premium Widget 079,Beauty,3,321.43,964.3,2023-03-28,Faisalabad,0.0,Organic
ORD_01765,CUST_0010,PROD_001,Premium Widget 001,Books,1,143.1,109.64,2023-03-28,Faisalabad,33.46,Organic
ORD_01765,CUST_0010,PROD_052,Elite Gadget 052,Sports,4,85.97,343.89,2023-03-28,Faisalabad,0.0,Organic
ORD_01765,CUST_0010,PROD_022,Pro Tool 022,Home & Kitchen,1,42.08,32.93,2023-03-28,Faisalabad,9.15,Organic
ORD_01765,CUST_0010,PROD_008,Elite Item 008,Home & Kitchen,4,97.45,389.81,2023-03-28,Faisalabad,0.0,Organic
ORD_01766,CUST_0116,PROD_048,Smart Device 048,Clothing,4,309.93,1239.71,2023-08-19,Faisalabad,0.0,Email
ORD_01766,CUST_0116,PROD_020,Pro Device 020,Clothing,3,333.34,901.76,2023-08-19,Faisalabad,98.26,Email
ORD_01766,CUST_0116,PROD_009,Pro Widget 009,Electronics,1,159.67,115.35,2023-08-19,Faisalabad,44.32,Email
ORD_01766,CUST_0116,PROD_007,Pro Widget 007,Toys,4,332.14,1328.55,2023-08-19,Faisalabad,0.0,Email
ORD_01767,CUST_0285,PROD_023,Smart Item 023,Clothing,1,314.23,314.23,2025-01-24,Karachi,0.0,Referral
ORD_01767,CUST_0285,PROD_037,Basic Device 037,Toys,4,399.8,1298.53,2025-01-24,Karachi,300.67,Referral
ORD_01767,CUST_0285,PROD_080,Smart Widget 080,Electronics,2,222.34,444.67,2025-01-24,Karachi,0.0,Referral
ORD_01768,CUST_0346,PROD_080,Smart Widget 080,Electronics,4,248.18,992.71,2023-06-26,Rawalpindi,0.0,Facebook
ORD_01768,CUST_0346,PROD_043,Elite Device 043,Clothing,2,160.48,320.96,2023-06-26,Rawalpindi,0.0,Facebook
ORD_01768,CUST_0346,PROD_077,Basic Item 077,Clothing,4,154.06,616.25,2023-06-26,Rawalpindi,0.0,Facebook
ORD_01768,CUST_0346,PROD_022,Pro Tool 022,Home & Kitchen,3,36.51,87.18,2023-06-26,Rawalpindi,22.36,Facebook
ORD_01768,CUST_0346,PROD_034,Premium Item 034,Sports,2,315.3,630.6,2023-06-26,Rawalpindi,0.0,Facebook
ORD_01769,CUST_0146,PROD_028,Premium Widget 028,Clothing,4,291.0,889.22,2023-04-26,Peshawar,274.79,Referral
ORD_01769,CUST_0146,PROD_047,Basic Gadget 047,Electronics,1,203.8,189.23,2023-04-26,Peshawar,14.57,Referral
ORD_01769,CUST_0146,PROD_079,Premium Widget 079,Beauty,2,360.7,549.07,2023-04-26,Peshawar,172.32,Referral
ORD_01770,CUST_0203,PROD_078,Basic Item 078,Beauty,4,156.97,627.87,2025-01-29,Peshawar,0.0,Referral
ORD_01770,CUST_0203,PROD_049,Premium Widget 049,Books,1,362.34,362.34,2025-01-29,Peshawar,0.0,Referral
ORD_01770,CUST_0203,PROD_064,Basic Tool 064,Electronics,1,101.85,101.85,2025-01-29,Peshawar,0.0,Referral
ORD_01770,CUST_0203,PROD_077,Basic Item 077,Clothing,1,156.96,156.96,2025-01-29,Peshawar,0.0,Referral
ORD_01770,CUST_0203,PROD_079,Premium Widget 079,Beauty,4,316.41,1265.63,2025-01-29,Peshawar,0.0,Referral
ORD_01771,CUST_0140,PROD_008,Elite Item 008,Home & Kitchen,2,101.9,173.03,2024-08-25,Karachi,30.77,Email
ORD_01771,CUST_0140,PROD_022,Pro Tool 022,Home & Kitchen,3,46.41,120.68,2024-08-25,Karachi,18.55,Email
ORD_01771,CUST_0140,PROD_034,Premium Item 034,Sports,3,310.8,776.36,2024-08-25,Karachi,156.04,Email
ORD_01771,CUST_0140,PROD_027,Basic Gadget 027,Sports,2,227.49,411.67,2024-08-25,Karachi,43.31,Email
ORD_01771,CUST_0140,PROD_057,Pro Widget 057,Clothing,1,87.14,87.14,2024-08-25,Karachi,0.0,Email
ORD_01772,CUST_0355,PROD_010,Pro Item 010,Sports,3,134.61,403.84,2023-02-28,Islamabad,0.0,Referral
ORD_01772,CUST_0355,PROD_066,Elite Item 066,Beauty,3,364.88,1069.57,2023-02-28,Islamabad,25.08,Referral
ORD_01772,CUST_0355,PROD_046,Pro Tool 046,Sports,4,195.88,771.21,2023-02-28,Islamabad,12.3,Referral
ORD_01772,CUST_0355,PROD_059,Pro Tool 059,Clothing,2,464.96,692.39,2023-02-28,Islamabad,237.52,Referral
ORD_01772,CUST_0355,PROD_002,Basic Gadget 002,Books,1,69.49,69.49,2023-02-28,Islamabad,0.0,Referral
ORD_01773,CUST_0440,PROD_079,Premium Widget 079,Beauty,4,334.83,1339.32,2024-03-04,Lahore,0.0,Facebook
ORD_01773,CUST_0440,PROD_043,Elite Device 043,Clothing,3,128.49,290.35,2024-03-04,Lahore,95.13,Facebook
ORD_01773,CUST_0440,PROD_067,Smart Tool 067,Clothing,4,120.42,481.68,2024-03-04,Lahore,0.0,Facebook
ORD_01774,CUST_0053,PROD_037,Basic Device 037,Toys,4,549.17,2196.66,2025-01-05,Lahore,0.0,Organic
ORD_01774,CUST_0053,PROD_070,Elite Device 070,Toys,3,264.51,793.52,2025-01-05,Lahore,0.0,Organic
ORD_01774,CUST_0053,PROD_038,Premium Device 038,Home & Kitchen,2,257.79,367.34,2025-01-05,Lahore,148.24,Organic
ORD_01774,CUST_0053,PROD_062,Smart Widget 062,Electronics,3,497.73,1099.18,2025-01-05,Lahore,394.01,Organic
ORD_01774,CUST_0053,PROD_011,Premium Tool 011,Sports,3,69.16,207.48,2025-01-05,Lahore,0.0,Organic
ORD_01775,CUST_0256,PROD_045,Basic Item 045,Beauty,2,521.8,910.92,2023-12-11,Karachi,132.69,Facebook
ORD_01775,CUST_0256,PROD_055,Elite Item 055,Beauty,4,219.02,876.1,2023-12-11,Karachi,0.0,Facebook
ORD_01775,CUST_0256,PROD_060,Premium Tool 060,Toys,4,402.79,1611.16,2023-12-11,Karachi,0.0,Facebook
ORD_01775,CUST_0256,PROD_066,Elite Item 066,Beauty,3,405.22,863.19,2023-12-11,Karachi,352.47,Facebook
ORD_01775,CUST_0256,PROD_031,Smart Widget 031,Books,3,291.14,630.73,2023-12-11,Karachi,242.69,Facebook
ORD_01776,CUST_0070,PROD_054,Elite Tool 054,Clothing,1,60.52,52.62,2025-01-09,Multan,7.9,Google Ads
ORD_01776,CUST_0070,PROD_059,Pro Tool 059,Clothing,3,467.18,1401.53,2025-01-09,Multan,0.0,Google Ads
ORD_01776,CUST_0070,PROD_075,Smart Widget 075,Beauty,2,299.05,505.53,2025-01-09,Multan,92.58,Google Ads
ORD_01776,CUST_0070,PROD_004,Premium Widget 004,Clothing,1,106.8,106.8,2025-01-09,Multan,0.0,Google Ads
ORD_01776,CUST_0070,PROD_068,Basic Widget 068,Sports,3,413.14,1239.41,2025-01-09,Multan,0.0,Google Ads
ORD_01777,CUST_0125,PROD_009,Pro Widget 009,Electronics,3,189.07,544.04,2024-03-08,Rawalpindi,23.16,Organic
ORD_01777,CUST_0125,PROD_017,Pro Gadget 017,Home & Kitchen,2,211.16,422.33,2024-03-08,Rawalpindi,0.0,Organic
ORD_01777,CUST_0125,PROD_060,Premium Tool 060,Toys,1,459.23,459.23,2024-03-08,Rawalpindi,0.0,Organic
ORD_01778,CUST_0130,PROD_030,Smart Tool 030,Sports,1,126.73,126.73,2024-06-14,Peshawar,0.0,Facebook
ORD_01779,CUST_0067,PROD_007,Pro Widget 007,Toys,2,459.42,870.26,2024-04-05,Lahore,48.59,Google Ads
ORD_01779,CUST_0067,PROD_063,Basic Gadget 063,Beauty,1,251.62,239.39,2024-04-05,Lahore,12.23,Google Ads
ORD_01779,CUST_0067,PROD_039,Premium Item 039,Toys,4,465.66,1862.66,2024-04-05,Lahore,0.0,Google Ads
ORD_01780,CUST_0097,PROD_017,Pro Gadget 017,Home & Kitchen,1,162.71,138.72,2025-06-01,Peshawar,23.99,Organic
ORD_01781,CUST_0434,PROD_007,Pro Widget 007,Toys,4,391.28,1565.12,2023-07-10,Rawalpindi,0.0,Email
ORD_01781,CUST_0434,PROD_039,Premium Item 039,Toys,3,425.19,1275.58,2023-07-10,Rawalpindi,0.0,Email
ORD_01781,CUST_0434,PROD_066,Elite Item 066,Beauty,4,334.0,1336.01,2023-07-10,Rawalpindi,0.0,Email
ORD_01781,CUST_0434,PROD_042,Premium Device 042,Toys,3,59.59,169.9,2023-07-10,Rawalpindi,8.86,Email
ORD_01781,CUST_0434,PROD_071,Premium Device 071,Electronics,2,399.58,799.16,2023-07-10,Rawalpindi,0.0,Email
ORD_01782,CUST_0088,PROD_049,Premium Widget 049,Books,4,329.97,1194.71,2024-11-09,Multan,125.16,Email
ORD_01782,CUST_0088,PROD_079,Premium Widget 079,Beauty,3,300.55,737.81,2024-11-09,Multan,163.85,Email
ORD_01782,CUST_0088,PROD_040,Basic Widget 040,Clothing,2,446.71,627.13,2024-11-09,Multan,266.29,Email
ORD_01782,CUST_0088,PROD_069,Premium Item 069,Electronics,3,33.86,101.59,2024-11-09,Multan,0.0,Email
ORD_01782,CUST_0088,PROD_020,Pro Device 020,Clothing,1,309.88,231.81,2024-11-09,Multan,78.07,Email
ORD_01783,CUST_0086,PROD_059,Pro Tool 059,Clothing,1,489.83,465.2,2025-04-14,Faisalabad,24.63,Email
ORD_01783,CUST_0086,PROD_021,Premium Gadget 021,Toys,1,22.72,22.72,2025-04-14,Faisalabad,0.0,Email
ORD_01783,CUST_0086,PROD_049,Premium Widget 049,Books,4,380.55,1522.22,2025-04-14,Faisalabad,0.0,Email
ORD_01783,CUST_0086,PROD_057,Pro Widget 057,Clothing,4,105.76,423.02,2025-04-14,Faisalabad,0.0,Email
ORD_01783,CUST_0086,PROD_070,Elite Device 070,Toys,3,236.32,708.97,2025-04-14,Faisalabad,0.0,Email
ORD_01784,CUST_0237,PROD_032,Smart Item 032,Toys,2,260.07,444.75,2025-01-26,Karachi,75.39,Referral
ORD_01784,CUST_0237,PROD_072,Premium Device 072,Electronics,2,386.0,772.0,2025-01-26,Karachi,0.0,Referral
ORD_01784,CUST_0237,PROD_011,Premium Tool 011,Sports,1,68.5,63.82,2025-01-26,Karachi,4.68,Referral
ORD_01784,CUST_0237,PROD_029,Elite Device 029,Electronics,3,209.48,628.43,2025-01-26,Karachi,0.0,Referral
ORD_01785,CUST_0446,PROD_044,Smart Tool 044,Clothing,4,404.42,1555.02,2025-02-11,Rawalpindi,62.64,Google Ads
ORD_01785,CUST_0446,PROD_058,Smart Tool 058,Clothing,4,229.23,901.53,2025-02-11,Rawalpindi,15.39,Google Ads
ORD_01785,CUST_0446,PROD_043,Elite Device 043,Clothing,2,130.91,261.82,2025-02-11,Rawalpindi,0.0,Google Ads
ORD_01786,CUST_0300,PROD_060,Premium Tool 060,Toys,2,474.48,912.93,2024-04-26,Karachi,36.03,Google Ads
ORD_01786,CUST_0300,PROD_071,Premium Device 071,Electronics,3,481.12,1043.79,2024-04-26,Karachi,399.57,Google Ads
ORD_01787,CUST_0012,PROD_006,Smart Tool 006,Clothing,2,214.56,429.12,2023-11-16,Peshawar,0.0,Facebook
ORD_01787,CUST_0012,PROD_053,Smart Device 053,Beauty,2,153.91,225.41,2023-11-16,Peshawar,82.41,Facebook
ORD_01788,CUST_0235,PROD_014,Premium Widget 014,Books,4,120.53,482.14,2024-10-26,Islamabad,0.0,Organic
ORD_01789,CUST_0438,PROD_054,Elite Tool 054,Clothing,3,53.97,150.59,2023-03-12,Peshawar,11.31,Email
ORD_01789,CUST_0438,PROD_051,Premium Device 051,Clothing,3,139.43,418.28,2023-03-12,Peshawar,0.0,Email
ORD_01789,CUST_0438,PROD_036,Smart Device 036,Clothing,3,93.25,279.74,2023-03-12,Peshawar,0.0,Email
ORD_01790,CUST_0383,PROD_023,Smart Item 023,Clothing,1,392.73,392.73,2023-08-22,Lahore,0.0,Referral
ORD_01790,CUST_0383,PROD_070,Elite Device 070,Toys,3,254.28,762.83,2023-08-22,Lahore,0.0,Referral
ORD_01791,CUST_0354,PROD_055,Elite Item 055,Beauty,2,189.38,271.95,2024-03-24,Karachi,106.81,Referral
ORD_01792,CUST_0299,PROD_021,Premium Gadget 021,Toys,4,23.41,93.64,2025-05-10,Multan,0.0,Facebook
ORD_01792,CUST_0299,PROD_004,Premium Widget 004,Clothing,3,109.43,328.3,2025-05-10,Multan,0.0,Facebook
ORD_01792,CUST_0299,PROD_007,Pro Widget 007,Toys,2,463.06,926.12,2025-05-10,Multan,0.0,Facebook
ORD_01792,CUST_0299,PROD_066,Elite Item 066,Beauty,1,378.57,378.57,2025-05-10,Multan,0.0,Facebook
ORD_01792,CUST_0299,PROD_065,Premium Tool 065,Home & Kitchen,4,388.1,1485.45,2025-05-10,Multan,66.96,Facebook
ORD_01793,CUST_0115,PROD_080,Smart Widget 080,Electronics,1,253.8,194.79,2023-09-11,Rawalpindi,59.01,Email
ORD_01793,CUST_0115,PROD_010,Pro Item 010,Sports,1,141.9,141.9,2023-09-11,Rawalpindi,0.0,Email
ORD_01793,CUST_0115,PROD_015,Pro Widget 015,Toys,3,139.88,419.65,2023-09-11,Rawalpindi,0.0,Email
ORD_01794,CUST_0144,PROD_059,Pro Tool 059,Clothing,1,373.48,318.47,2025-05-07,Islamabad,55.01,Instagram
ORD_01794,CUST_0144,PROD_066,Elite Item 066,Beauty,4,291.02,1164.1,2025-05-07,Islamabad,0.0,Instagram
ORD_01795,CUST_0196,PROD_080,Smart Widget 080,Electronics,3,269.36,646.18,2024-01-10,Rawalpindi,161.89,Referral
ORD_01795,CUST_0196,PROD_038,Premium Device 038,Home & Kitchen,3,295.38,886.15,2024-01-10,Rawalpindi,0.0,Referral
ORD_01795,CUST_0196,PROD_044,Smart Tool 044,Clothing,3,553.79,1661.36,2024-01-10,Rawalpindi,0.0,Referral
ORD_01795,CUST_0196,PROD_044,Smart Tool 044,Clothing,3,538.96,1616.87,2024-01-10,Rawalpindi,0.0,Referral
ORD_01795,CUST_0196,PROD_050,Basic Widget 050,Electronics,2,442.11,766.68,2024-01-10,Rawalpindi,117.54,Referral
ORD_01796,CUST_0154,PROD_010,Pro Item 010,Sports,2,146.56,232.47,2024-06-10,Peshawar,60.65,Facebook
ORD_01796,CUST_0154,PROD_017,Pro Gadget 017,Home & Kitchen,3,157.82,339.61,2024-06-10,Peshawar,133.86,Facebook
ORD_01796,CUST_0154,PROD_068,Basic Widget 068,Sports,2,411.24,822.49,2024-06-10,Peshawar,0.0,Facebook
ORD_01797,CUST_0333,PROD_079,Premium Widget 079,Beauty,2,263.13,467.17,2023-11-17,Peshawar,59.09,Organic
ORD_01798,CUST_0152,PROD_008,Elite Item 008,Home & Kitchen,2,70.34,134.95,2024-12-28,Islamabad,5.72,Google Ads
ORD_01798,CUST_0152,PROD_050,Basic Widget 050,Electronics,3,424.88,1274.63,2024-12-28,Islamabad,0.0,Google Ads
ORD_01798,CUST_0152,PROD_071,Premium Device 071,Electronics,2,393.02,786.04,2024-12-28,Islamabad,0.0,Google Ads
ORD_01799,CUST_0422,PROD_023,Smart Item 023,Clothing,1,369.01,337.51,2025-01-16,Multan,31.5,Google Ads
ORD_01799,CUST_0422,PROD_037,Basic Device 037,Toys,1,505.75,505.75,2025-01-16,Multan,0.0,Google Ads
ORD_01799,CUST_0422,PROD_026,Smart Tool 026,Sports,4,183.79,559.96,2025-01-16,Multan,175.18,Google Ads
ORD_01800,CUST_0012,PROD_012,Elite Widget 012,Sports,1,145.16,137.98,2024-08-12,Karachi,7.18,Google Ads
ORD_01800,CUST_0012,PROD_062,Smart Widget 062,Electronics,3,479.32,1437.96,2024-08-12,Karachi,0.0,Google Ads
ORD_01800,CUST_0012,PROD_004,Premium Widget 004,Clothing,3,145.08,435.25,2024-08-12,Karachi,0.0,Google Ads
ORD_01801,CUST_0468,PROD_031,Smart Widget 031,Books,2,337.72,675.44,2023-09-16,Lahore,0.0,Referral
ORD_01802,CUST_0045,PROD_027,Basic Gadget 027,Sports,3,276.1,770.34,2024-07-20,Karachi,57.95,Organic
ORD_01802,CUST_0045,PROD_065,Premium Tool 065,Home & Kitchen,3,458.98,1376.93,2024-07-20,Karachi,0.0,Organic
ORD_01802,CUST_0045,PROD_077,Basic Item 077,Clothing,4,150.91,526.21,2024-07-20,Karachi,77.42,Organic
ORD_01802,CUST_0045,PROD_054,Elite Tool 054,Clothing,1,49.15,49.15,2024-07-20,Karachi,0.0,Organic
ORD_01802,CUST_0045,PROD_017,Pro Gadget 017,Home & Kitchen,1,203.81,203.81,2024-07-20,Karachi,0.0,Organic
ORD_01803,CUST_0396,PROD_027,Basic Gadget 027,Sports,1,301.57,301.57,2023-06-19,Karachi,0.0,Referral
ORD_01803,CUST_0396,PROD_038,Premium Device 038,Home & Kitchen,3,255.45,766.36,2023-06-19,Karachi,0.0,Referral
ORD_01803,CUST_0396,PROD_068,Basic Widget 068,Sports,1,378.82,297.97,2023-06-19,Karachi,80.85,Referral
ORD_01803,CUST_0396,PROD_075,Smart Widget 075,Beauty,4,355.68,1422.72,2023-06-19,Karachi,0.0,Referral
ORD_01803,CUST_0396,PROD_047,Basic Gadget 047,Electronics,2,153.76,297.58,2023-06-19,Karachi,9.93,Referral
ORD_01804,CUST_0295,PROD_020,Pro Device 020,Clothing,1,369.05,369.05,2025-06-08,Karachi,0.0,Email
ORD_01804,CUST_0295,PROD_051,Premium Device 051,Clothing,2,122.67,228.15,2025-06-08,Karachi,17.19,Email
ORD_01804,CUST_0295,PROD_056,Premium Widget 056,Electronics,4,206.37,584.33,2025-06-08,Karachi,241.16,Email
ORD_01804,CUST_0295,PROD_009,Pro Widget 009,Electronics,4,163.6,611.68,2025-06-08,Karachi,42.73,Email
ORD_01804,CUST_0295,PROD_071,Premium Device 071,Electronics,1,447.39,340.93,2025-06-08,Karachi,106.46,Email
ORD_01805,CUST_0246,PROD_015,Pro Widget 015,Toys,2,135.1,268.33,2023-10-25,Islamabad,1.86,Organic
ORD_01806,CUST_0455,PROD_076,Smart Device 076,Home & Kitchen,3,454.88,1333.28,2023-09-12,Peshawar,31.36,Facebook
ORD_01806,CUST_0455,PROD_067,Smart Tool 067,Clothing,4,114.18,456.71,2023-09-12,Peshawar,0.0,Facebook
ORD_01806,CUST_0455,PROD_064,Basic Tool 064,Electronics,4,85.11,303.88,2023-09-12,Peshawar,36.57,Facebook
ORD_01807,CUST_0441,PROD_010,Pro Item 010,Sports,4,153.91,615.65,2024-10-30,Lahore,0.0,Google Ads
ORD_01807,CUST_0441,PROD_051,Premium Device 051,Clothing,1,166.09,118.27,2024-10-30,Lahore,47.82,Google Ads
ORD_01807,CUST_0441,PROD_065,Premium Tool 065,Home & Kitchen,1,388.42,310.13,2024-10-30,Lahore,78.29,Google Ads
ORD_01807,CUST_0441,PROD_008,Elite Item 008,Home & Kitchen,3,95.51,248.74,2024-10-30,Lahore,37.78,Google Ads
ORD_01808,CUST_0434,PROD_079,Premium Widget 079,Beauty,4,359.6,1438.41,2023-02-01,Peshawar,0.0,Email
ORD_01808,CUST_0434,PROD_055,Elite Item 055,Beauty,4,242.7,970.81,2023-02-01,Peshawar,0.0,Email
ORD_01809,CUST_0177,PROD_077,Basic Item 077,Clothing,4,134.39,398.65,2024-08-31,Islamabad,138.9,Instagram
ORD_01809,CUST_0177,PROD_018,Pro Widget 018,Sports,2,284.94,569.88,2024-08-31,Islamabad,0.0,Instagram
ORD_01809,CUST_0177,PROD_004,Premium Widget 004,Clothing,4,104.56,352.64,2024-08-31,Islamabad,65.61,Instagram
ORD_01809,CUST_0177,PROD_002,Basic Gadget 002,Books,1,62.15,60.93,2024-08-31,Islamabad,1.22,Instagram
ORD_01809,CUST_0177,PROD_007,Pro Widget 007,Toys,4,355.93,1423.71,2024-08-31,Islamabad,0.0,Instagram
ORD_01810,CUST_0153,PROD_044,Smart Tool 044,Clothing,4,426.68,1429.36,2023-08-09,Peshawar,277.37,Instagram
ORD_01811,CUST_0270,PROD_022,Pro Tool 022,Home & Kitchen,2,41.89,83.78,2024-07-19,Faisalabad,0.0,Referral
ORD_01811,CUST_0270,PROD_001,Premium Widget 001,Books,4,126.61,506.43,2024-07-19,Faisalabad,0.0,Referral
ORD_01812,CUST_0456,PROD_019,Smart Gadget 019,Clothing,3,241.28,723.84,2023-11-29,Peshawar,0.0,Referral
ORD_01812,CUST_0456,PROD_036,Smart Device 036,Clothing,3,78.65,220.98,2023-11-29,Peshawar,14.98,Referral
ORD_01812,CUST_0456,PROD_015,Pro Widget 015,Toys,4,138.05,399.91,2023-11-29,Peshawar,152.3,Referral
ORD_01812,CUST_0456,PROD_067,Smart Tool 067,Clothing,2,114.52,229.04,2023-11-29,Peshawar,0.0,Referral
ORD_01812,CUST_0456,PROD_064,Basic Tool 064,Electronics,2,92.4,184.81,2023-11-29,Peshawar,0.0,Referral
ORD_01813,CUST_0203,PROD_025,Basic Device 025,Sports,2,163.87,327.74,2025-06-18,Peshawar,0.0,Referral
ORD_01813,CUST_0203,PROD_005,Smart Widget 005,Sports,3,115.8,347.41,2025-06-18,Peshawar,0.0,Referral
ORD_01813,CUST_0203,PROD_057,Pro Widget 057,Clothing,3,104.66,313.99,2025-06-18,Peshawar,0.0,Referral
ORD_01813,CUST_0203,PROD_036,Smart Device 036,Clothing,4,92.97,342.24,2025-06-18,Peshawar,29.65,Referral
ORD_01813,CUST_0203,PROD_051,Premium Device 051,Clothing,2,145.93,291.86,2025-06-18,Peshawar,0.0,Referral
ORD_01814,CUST_0020,PROD_043,Elite Device 043,Clothing,3,161.72,485.15,2024-02-14,Karachi,0.0,Instagram
ORD_01814,CUST_0020,PROD_062,Smart Widget 062,Electronics,4,378.06,1512.24,2024-02-14,Karachi,0.0,Instagram
ORD_01815,CUST_0263,PROD_015,Pro Widget 015,Toys,3,111.81,335.44,2023-11-06,Faisalabad,0.0,Organic
ORD_01816,CUST_0225,PROD_040,Basic Widget 040,Clothing,2,475.97,931.19,2023-07-02,Karachi,20.76,Referral
ORD_01816,CUST_0225,PROD_069,Premium Item 069,Electronics,4,29.29,117.17,2023-07-02,Karachi,0.0,Referral
ORD_01816,CUST_0225,PROD_004,Premium Widget 004,Clothing,2,142.72,285.44,2023-07-02,Karachi,0.0,Referral
ORD_01816,CUST_0225,PROD_067,Smart Tool 067,Clothing,2,98.91,151.38,2023-07-02,Karachi,46.45,Referral
ORD_01816,CUST_0225,PROD_044,Smart Tool 044,Clothing,3,504.11,1512.33,2023-07-02,Karachi,0.0,Referral
ORD_01817,CUST_0498,PROD_051,Premium Device 051,Clothing,2,139.41,201.45,2023-12-26,Lahore,77.36,Referral
ORD_01817,CUST_0498,PROD_030,Smart Tool 030,Sports,4,130.64,396.05,2023-12-26,Lahore,126.5,Referral
ORD_01817,CUST_0498,PROD_026,Smart Tool 026,Sports,3,236.75,575.62,2023-12-26,Lahore,134.64,Referral
ORD_01818,CUST_0162,PROD_046,Pro Tool 046,Sports,4,257.86,1031.44,2023-10-15,Peshawar,0.0,Email
ORD_01818,CUST_0162,PROD_030,Smart Tool 030,Sports,1,151.9,151.9,2023-10-15,Peshawar,0.0,Email
ORD_01818,CUST_0162,PROD_053,Smart Device 053,Beauty,2,111.11,158.46,2023-10-15,Peshawar,63.77,Email
ORD_01819,CUST_0496,PROD_061,Smart Widget 061,Electronics,3,354.2,854.87,2024-06-19,Peshawar,207.73,Email
ORD_01819,CUST_0496,PROD_057,Pro Widget 057,Clothing,2,99.33,198.67,2024-06-19,Peshawar,0.0,Email
ORD_01819,CUST_0496,PROD_069,Premium Item 069,Electronics,3,36.76,79.1,2024-06-19,Peshawar,31.17,Email
ORD_01819,CUST_0496,PROD_042,Premium Device 042,Toys,4,57.91,218.18,2024-06-19,Peshawar,13.46,Email
ORD_01820,CUST_0016,PROD_053,Smart Device 053,Beauty,3,104.97,314.9,2025-03-10,Faisalabad,0.0,Organic
ORD_01820,CUST_0016,PROD_025,Basic Device 025,Sports,4,155.58,462.5,2025-03-10,Faisalabad,159.84,Organic
ORD_01820,CUST_0016,PROD_003,Smart Widget 003,Sports,2,197.24,394.48,2025-03-10,Faisalabad,0.0,Organic
ORD_01820,CUST_0016,PROD_033,Premium Item 033,Beauty,3,76.61,197.16,2025-03-10,Faisalabad,32.67,Organic
ORD_01820,CUST_0016,PROD_060,Premium Tool 060,Toys,1,348.34,348.34,2025-03-10,Faisalabad,0.0,Organic
ORD_01821,CUST_0415,PROD_074,Smart Gadget 074,Sports,3,346.66,1039.98,2024-05-13,Islamabad,0.0,Referral
ORD_01821,CUST_0415,PROD_024,Elite Tool 024,Clothing,3,126.1,334.35,2024-05-13,Islamabad,43.94,Referral
ORD_01821,CUST_0415,PROD_074,Smart Gadget 074,Sports,3,276.44,585.26,2024-05-13,Islamabad,244.07,Referral
ORD_01821,CUST_0415,PROD_061,Smart Widget 061,Electronics,3,374.99,1124.98,2024-05-13,Islamabad,0.0,Referral
ORD_01821,CUST_0415,PROD_044,Smart Tool 044,Clothing,2,465.26,899.19,2024-05-13,Islamabad,31.33,Referral
ORD_01822,CUST_0496,PROD_027,Basic Gadget 027,Sports,3,232.28,696.85,2025-01-30,Multan,0.0,Instagram
ORD_01823,CUST_0401,PROD_030,Smart Tool 030,Sports,3,142.47,336.17,2023-10-19,Faisalabad,91.24,Google Ads
ORD_01823,CUST_0401,PROD_071,Premium Device 071,Electronics,2,482.4,964.8,2023-10-19,Faisalabad,0.0,Google Ads
ORD_01823,CUST_0401,PROD_066,Elite Item 066,Beauty,4,382.03,1214.76,2023-10-19,Faisalabad,313.35,Google Ads
ORD_01824,CUST_0024,PROD_060,Premium Tool 060,Toys,1,367.33,336.05,2023-02-24,Rawalpindi,31.28,Organic
ORD_01825,CUST_0336,PROD_031,Smart Widget 031,Books,1,414.93,318.06,2023-12-12,Rawalpindi,96.87,Organic
ORD_01825,CUST_0336,PROD_073,Basic Tool 073,Electronics,3,482.59,1447.76,2023-12-12,Rawalpindi,0.0,Organic
ORD_01825,CUST_0336,PROD_037,Basic Device 037,Toys,2,485.18,723.56,2023-12-12,Rawalpindi,246.81,Organic
ORD_01825,CUST_0336,PROD_032,Smart Item 032,Toys,3,351.76,806.08,2023-12-12,Rawalpindi,249.21,Organic
ORD_01826,CUST_0455,PROD_028,Premium Widget 028,Clothing,4,275.42,1101.67,2025-04-13,Lahore,0.0,Referral
ORD_01826,CUST_0455,PROD_061,Smart Widget 061,Electronics,3,376.93,936.15,2025-04-13,Lahore,194.65,Referral
ORD_01826,CUST_0455,PROD_072,Premium Device 072,Electronics,1,362.6,362.6,2025-04-13,Lahore,0.0,Referral
ORD_01826,CUST_0455,PROD_018,Pro Widget 018,Sports,4,370.63,1482.52,2025-04-13,Lahore,0.0,Referral
ORD_01826,CUST_0455,PROD_059,Pro Tool 059,Clothing,4,367.61,1470.45,2025-04-13,Lahore,0.0,Referral
ORD_01827,CUST_0266,PROD_009,Pro Widget 009,Electronics,4,232.24,783.55,2024-07-27,Multan,145.4,Referral
ORD_01827,CUST_0266,PROD_077,Basic Item 077,Clothing,3,116.21,348.42,2024-07-27,Multan,0.21,Referral
ORD_01828,CUST_0373,PROD_016,Premium Tool 016,Home & Kitchen,1,213.66,213.66,2024-08-13,Karachi,0.0,Instagram
ORD_01829,CUST_0131,PROD_065,Premium Tool 065,Home & Kitchen,2,382.39,764.79,2024-01-26,Karachi,0.0,Email
ORD_01830,CUST_0186,PROD_039,Premium Item 039,Toys,4,358.77,1103.74,2025-03-30,Lahore,331.34,Referral
ORD_01830,CUST_0186,PROD_067,Smart Tool 067,Clothing,3,122.43,367.28,2025-03-30,Lahore,0.0,Referral
ORD_01830,CUST_0186,PROD_064,Basic Tool 064,Electronics,4,107.73,430.93,2025-03-30,Lahore,0.0,Referral
ORD_01831,CUST_0430,PROD_008,Elite Item 008,Home & Kitchen,4,88.26,286.05,2025-01-15,Rawalpindi,66.99,Organic
ORD_01831,CUST_0430,PROD_044,Smart Tool 044,Clothing,2,404.25,770.46,2025-01-15,Rawalpindi,38.04,Organic
ORD_01831,CUST_0430,PROD_072,Premium Device 072,Electronics,1,347.75,347.75,2025-01-15,Rawalpindi,0.0,Organic
ORD_01831,CUST_0430,PROD_022,Pro Tool 022,Home & Kitchen,4,42.14,165.52,2025-01-15,Rawalpindi,3.05,Organic
ORD_01832,CUST_0210,PROD_003,Smart Widget 003,Sports,2,220.31,440.61,2024-11-12,Rawalpindi,0.0,Referral
ORD_01832,CUST_0210,PROD_027,Basic Gadget 027,Sports,2,284.95,508.19,2024-11-12,Rawalpindi,61.72,Referral
ORD_01832,CUST_0210,PROD_009,Pro Widget 009,Electronics,4,181.05,578.93,2024-11-12,Rawalpindi,145.27,Referral
ORD_01832,CUST_0210,PROD_018,Pro Widget 018,Sports,1,355.64,355.64,2024-11-12,Rawalpindi,0.0,Referral
ORD_01833,CUST_0008,PROD_076,Smart Device 076,Home & Kitchen,1,458.09,391.11,2023-07-13,Karachi,66.98,Referral
ORD_01833,CUST_0008,PROD_008,Elite Item 008,Home & Kitchen,4,100.63,350.02,2023-07-13,Karachi,52.48,Referral
ORD_01833,CUST_0008,PROD_075,Smart Widget 075,Beauty,2,287.5,575.01,2023-07-13,Karachi,0.0,Referral
ORD_01833,CUST_0008,PROD_005,Smart Widget 005,Sports,2,97.67,195.35,2023-07-13,Karachi,0.0,Referral
ORD_01834,CUST_0080,PROD_039,Premium Item 039,Toys,4,464.53,1760.03,2024-11-19,Rawalpindi,98.11,Referral
ORD_01834,CUST_0080,PROD_053,Smart Device 053,Beauty,3,106.32,318.95,2024-11-19,Rawalpindi,0.0,Referral
ORD_01834,CUST_0080,PROD_037,Basic Device 037,Toys,3,519.66,1558.98,2024-11-19,Rawalpindi,0.0,Referral
ORD_01834,CUST_0080,PROD_057,Pro Widget 057,Clothing,2,100.85,201.7,2024-11-19,Rawalpindi,0.0,Referral
ORD_01835,CUST_0347,PROD_066,Elite Item 066,Beauty,2,351.63,703.26,2023-10-10,Peshawar,0.0,Email
ORD_01836,CUST_0301,PROD_045,Basic Item 045,Beauty,1,569.1,536.01,2023-10-05,Rawalpindi,33.09,Email
ORD_01836,CUST_0301,PROD_043,Elite Device 043,Clothing,2,154.14,308.27,2023-10-05,Rawalpindi,0.0,Email
ORD_01836,CUST_0301,PROD_056,Premium Widget 056,Electronics,2,198.76,370.59,2023-10-05,Rawalpindi,26.92,Email
ORD_01836,CUST_0301,PROD_028,Premium Widget 028,Clothing,2,361.28,722.56,2023-10-05,Rawalpindi,0.0,Email
ORD_01837,CUST_0488,PROD_057,Pro Widget 057,Clothing,2,93.14,146.28,2023-09-19,Lahore,40.0,Facebook
ORD_01837,CUST_0488,PROD_005,Smart Widget 005,Sports,4,118.32,363.17,2023-09-19,Lahore,110.12,Facebook
ORD_01837,CUST_0488,PROD_006,Smart Tool 006,Clothing,4,204.99,819.96,2023-09-19,Lahore,0.0,Facebook
ORD_01838,CUST_0264,PROD_035,Smart Widget 035,Toys,4,303.71,1214.83,2023-12-18,Multan,0.0,Google Ads
ORD_01838,CUST_0264,PROD_016,Premium Tool 016,Home & Kitchen,2,217.55,435.1,2023-12-18,Multan,0.0,Google Ads
ORD_01839,CUST_0247,PROD_008,Elite Item 008,Home & Kitchen,3,97.92,258.56,2025-02-17,Faisalabad,35.2,Organic
ORD_01839,CUST_0247,PROD_053,Smart Device 053,Beauty,2,113.28,226.56,2025-02-17,Faisalabad,0.0,Organic
ORD_01839,CUST_0247,PROD_030,Smart Tool 030,Sports,2,159.45,318.9,2025-02-17,Faisalabad,0.0,Organic
ORD_01839,CUST_0247,PROD_069,Premium Item 069,Electronics,3,37.3,111.89,2025-02-17,Faisalabad,0.0,Organic
ORD_01839,CUST_0247,PROD_067,Smart Tool 067,Clothing,2,101.62,152.46,2025-02-17,Faisalabad,50.78,Organic
ORD_01840,CUST_0417,PROD_024,Elite Tool 024,Clothing,3,153.82,461.46,2023-08-13,Multan,0.0,Google Ads
ORD_01840,CUST_0417,PROD_005,Smart Widget 005,Sports,2,120.75,181.76,2023-08-13,Multan,59.74,Google Ads
ORD_01840,CUST_0417,PROD_007,Pro Widget 007,Toys,1,411.85,411.85,2023-08-13,Multan,0.0,Google Ads
ORD_01840,CUST_0417,PROD_019,Smart Gadget 019,Clothing,2,212.95,399.78,2023-08-13,Multan,26.12,Google Ads
ORD_01841,CUST_0229,PROD_030,Smart Tool 030,Sports,2,142.93,239.77,2023-01-12,Lahore,46.09,Google Ads
ORD_01841,CUST_0229,PROD_066,Elite Item 066,Beauty,2,356.02,712.04,2023-01-12,Lahore,0.0,Google Ads
ORD_01841,CUST_0229,PROD_011,Premium Tool 011,Sports,2,67.18,134.35,2023-01-12,Lahore,0.0,Google Ads
ORD_01842,CUST_0281,PROD_029,Elite Device 029,Electronics,4,166.86,667.42,2024-10-02,Islamabad,0.0,Instagram
ORD_01843,CUST_0364,PROD_015,Pro Widget 015,Toys,4,146.38,585.51,2024-10-19,Peshawar,0.0,Referral
ORD_01843,CUST_0364,PROD_050,Basic Widget 050,Electronics,1,499.12,441.3,2024-10-19,Peshawar,57.82,Referral
ORD_01843,CUST_0364,PROD_048,Smart Device 048,Clothing,3,275.33,654.71,2024-10-19,Peshawar,171.27,Referral
ORD_01844,CUST_0050,PROD_070,Elite Device 070,Toys,2,266.31,463.1,2024-01-12,Multan,69.52,Referral
ORD_01844,CUST_0050,PROD_004,Premium Widget 004,Clothing,3,109.43,328.29,2024-01-12,Multan,0.0,Referral
ORD_01844,CUST_0050,PROD_058,Smart Tool 058,Clothing,2,229.52,376.07,2024-01-12,Multan,82.98,Referral
ORD_01844,CUST_0050,PROD_067,Smart Tool 067,Clothing,3,107.86,323.59,2024-01-12,Multan,0.0,Referral
ORD_01845,CUST_0493,PROD_074,Smart Gadget 074,Sports,1,267.68,267.68,2023-05-16,Faisalabad,0.0,Google Ads
ORD_01845,CUST_0493,PROD_078,Basic Item 078,Beauty,4,192.22,649.43,2023-05-16,Faisalabad,119.46,Google Ads
ORD_01845,CUST_0493,PROD_028,Premium Widget 028,Clothing,2,264.16,528.31,2023-05-16,Faisalabad,0.0,Google Ads
ORD_01845,CUST_0493,PROD_031,Smart Widget 031,Books,2,304.26,608.52,2023-05-16,Faisalabad,0.0,Google Ads
ORD_01845,CUST_0493,PROD_075,Smart Widget 075,Beauty,4,393.74,1206.72,2023-05-16,Faisalabad,368.25,Google Ads
ORD_01846,CUST_0349,PROD_002,Basic Gadget 002,Books,4,58.68,182.85,2024-12-02,Lahore,51.85,Facebook
ORD_01847,CUST_0269,PROD_059,Pro Tool 059,Clothing,2,524.53,1049.06,2024-02-19,Rawalpindi,0.0,Referral
ORD_01848,CUST_0242,PROD_074,Smart Gadget 074,Sports,4,270.77,1083.08,2023-04-06,Peshawar,0.0,Email
ORD_01848,CUST_0242,PROD_046,Pro Tool 046,Sports,1,267.36,267.36,2023-04-06,Peshawar,0.0,Email
ORD_01848,CUST_0242,PROD_068,Basic Widget 068,Sports,3,323.86,971.57,2023-04-06,Peshawar,0.0,Email
ORD_01849,CUST_0241,PROD_042,Premium Device 042,Toys,3,73.51,220.53,2024-01-26,Lahore,0.0,Organic
ORD_01849,CUST_0241,PROD_057,Pro Widget 057,Clothing,3,91.66,240.78,2024-01-26,Lahore,34.2,Organic
ORD_01850,CUST_0306,PROD_077,Basic Item 077,Clothing,3,112.52,337.57,2024-09-10,Faisalabad,0.0,Facebook
ORD_01850,CUST_0306,PROD_045,Basic Item 045,Beauty,3,554.92,1664.76,2024-09-10,Faisalabad,0.0,Facebook
ORD_01850,CUST_0306,PROD_047,Basic Gadget 047,Electronics,4,195.24,734.49,2024-09-10,Faisalabad,46.48,Facebook
ORD_01851,CUST_0241,PROD_005,Smart Widget 005,Sports,1,92.37,91.93,2023-03-01,Rawalpindi,0.44,Google Ads
ORD_01851,CUST_0241,PROD_019,Smart Gadget 019,Clothing,4,278.14,1112.55,2023-03-01,Rawalpindi,0.0,Google Ads
ORD_01851,CUST_0241,PROD_049,Premium Widget 049,Books,2,342.6,613.06,2023-03-01,Rawalpindi,72.13,Google Ads
ORD_01851,CUST_0241,PROD_050,Basic Widget 050,Electronics,4,380.32,1436.43,2023-03-01,Rawalpindi,84.84,Google Ads
ORD_01851,CUST_0241,PROD_027,Basic Gadget 027,Sports,3,293.94,881.81,2023-03-01,Rawalpindi,0.0,Google Ads
ORD_01852,CUST_0289,PROD_051,Premium Device 051,Clothing,1,163.85,163.85,2023-08-07,Karachi,0.0,Instagram
ORD_01852,CUST_0289,PROD_005,Smart Widget 005,Sports,1,98.94,98.94,2023-08-07,Karachi,0.0,Instagram
ORD_01852,CUST_0289,PROD_051,Premium Device 051,Clothing,1,160.97,160.97,2023-08-07,Karachi,0.0,Instagram
ORD_01852,CUST_0289,PROD_020,Pro Device 020,Clothing,4,319.14,1105.28,2023-08-07,Karachi,171.29,Instagram
ORD_01852,CUST_0289,PROD_072,Premium Device 072,Electronics,2,363.27,726.55,2023-08-07,Karachi,0.0,Instagram
ORD_01853,CUST_0315,PROD_056,Premium Widget 056,Electronics,1,231.07,229.46,2024-01-07,Karachi,1.61,Instagram
ORD_01853,CUST_0315,PROD_026,Smart Tool 026,Sports,4,172.53,690.11,2024-01-07,Karachi,0.0,Instagram
ORD_01853,CUST_0315,PROD_047,Basic Gadget 047,Electronics,1,141.55,141.55,2024-01-07,Karachi,0.0,Instagram
ORD_01854,CUST_0252,PROD_054,Elite Tool 054,Clothing,4,66.6,246.01,2025-04-14,Multan,20.37,Facebook
ORD_01854,CUST_0252,PROD_064,Basic Tool 064,Electronics,2,97.51,163.46,2025-04-14,Multan,31.57,Facebook
ORD_01855,CUST_0394,PROD_042,Premium Device 042,Toys,2,71.65,143.31,2024-07-16,Multan,0.0,Referral
ORD_01856,CUST_0338,PROD_012,Elite Widget 012,Sports,2,150.13,272.96,2023-12-06,Rawalpindi,27.29,Facebook
ORD_01856,CUST_0338,PROD_058,Smart Tool 058,Clothing,4,181.23,724.91,2023-12-06,Rawalpindi,0.0,Facebook
ORD_01856,CUST_0338,PROD_070,Elite Device 070,Toys,2,321.78,643.55,2023-12-06,Rawalpindi,0.0,Facebook
ORD_01856,CUST_0338,PROD_034,Premium Item 034,Sports,3,313.34,796.74,2023-12-06,Rawalpindi,143.29,Facebook
ORD_01857,CUST_0317,PROD_021,Premium Gadget 021,Toys,3,21.18,63.54,2023-08-08,Karachi,0.0,Instagram
ORD_01857,CUST_0317,PROD_066,Elite Item 066,Beauty,4,320.47,915.67,2023-08-08,Karachi,366.22,Instagram
ORD_01857,CUST_0317,PROD_022,Pro Tool 022,Home & Kitchen,3,49.73,149.2,2023-08-08,Karachi,0.0,Instagram
ORD_01857,CUST_0317,PROD_030,Smart Tool 030,Sports,3,119.93,359.79,2023-08-08,Karachi,0.0,Instagram
ORD_01857,CUST_0317,PROD_043,Elite Device 043,Clothing,2,167.67,335.35,2023-08-08,Karachi,0.0,Instagram
ORD_01858,CUST_0053,PROD_031,Smart Widget 031,Books,4,299.74,1198.97,2024-12-03,Rawalpindi,0.0,Organic
ORD_01858,CUST_0053,PROD_006,Smart Tool 006,Clothing,2,214.47,428.95,2024-12-03,Rawalpindi,0.0,Organic
ORD_01858,CUST_0053,PROD_080,Smart Widget 080,Electronics,3,260.51,781.52,2024-12-03,Rawalpindi,0.0,Organic
ORD_01859,CUST_0154,PROD_052,Elite Gadget 052,Sports,3,73.07,219.22,2024-08-24,Lahore,0.0,Instagram
ORD_01860,CUST_0377,PROD_011,Premium Tool 011,Sports,4,59.24,236.94,2024-08-19,Multan,0.0,Referral
ORD_01861,CUST_0416,PROD_074,Smart Gadget 074,Sports,4,325.26,1085.9,2023-12-13,Peshawar,215.16,Google Ads
ORD_01862,CUST_0210,PROD_009,Pro Widget 009,Electronics,1,160.26,154.36,2024-12-28,Multan,5.9,Referral
ORD_01862,CUST_0210,PROD_067,Smart Tool 067,Clothing,2,91.3,182.59,2024-12-28,Multan,0.0,Referral
ORD_01862,CUST_0210,PROD_070,Elite Device 070,Toys,4,293.45,1173.36,2024-12-28,Multan,0.45,Referral
ORD_01862,CUST_0210,PROD_029,Elite Device 029,Electronics,3,183.9,551.7,2024-12-28,Multan,0.0,Referral
ORD_01862,CUST_0210,PROD_004,Premium Widget 004,Clothing,2,128.27,219.45,2024-12-28,Multan,37.09,Referral
ORD_01863,CUST_0405,PROD_009,Pro Widget 009,Electronics,2,224.06,333.02,2024-06-15,Karachi,115.1,Organic
ORD_01864,CUST_0049,PROD_008,Elite Item 008,Home & Kitchen,4,94.72,368.57,2024-07-08,Islamabad,10.3,Email
ORD_01865,CUST_0152,PROD_015,Pro Widget 015,Toys,2,144.58,226.36,2024-09-14,Peshawar,62.81,Email
ORD_01865,CUST_0152,PROD_005,Smart Widget 005,Sports,3,100.38,301.15,2024-09-14,Peshawar,0.0,Email
ORD_01865,CUST_0152,PROD_076,Smart Device 076,Home & Kitchen,2,530.41,1060.82,2024-09-14,Peshawar,0.0,Email
ORD_01865,CUST_0152,PROD_069,Premium Item 069,Electronics,4,28.78,115.13,2024-09-14,Peshawar,0.0,Email
ORD_01865,CUST_0152,PROD_064,Basic Tool 064,Electronics,1,90.05,90.05,2024-09-14,Peshawar,0.0,Email
ORD_01866,CUST_0329,PROD_027,Basic Gadget 027,Sports,2,277.12,412.98,2023-11-15,Lahore,141.27,Email
ORD_01866,CUST_0329,PROD_047,Basic Gadget 047,Electronics,1,174.99,169.67,2023-11-15,Lahore,5.32,Email
ORD_01866,CUST_0329,PROD_055,Elite Item 055,Beauty,1,182.15,182.15,2023-11-15,Lahore,0.0,Email
ORD_01866,CUST_0329,PROD_027,Basic Gadget 027,Sports,2,208.93,417.87,2023-11-15,Lahore,0.0,Email
ORD_01866,CUST_0329,PROD_074,Smart Gadget 074,Sports,3,260.72,782.15,2023-11-15,Lahore,0.0,Email
ORD_01867,CUST_0289,PROD_007,Pro Widget 007,Toys,2,401.29,577.3,2025-06-11,Karachi,225.27,Referral
ORD_01867,CUST_0289,PROD_061,Smart Widget 061,Electronics,4,311.52,1246.08,2025-06-11,Karachi,0.0,Referral
ORD_01867,CUST_0289,PROD_050,Basic Widget 050,Electronics,2,468.54,937.07,2025-06-11,Karachi,0.0,Referral
ORD_01868,CUST_0004,PROD_024,Elite Tool 024,Clothing,4,155.95,488.91,2024-02-02,Karachi,134.89,Organic
ORD_01868,CUST_0004,PROD_030,Smart Tool 030,Sports,1,159.54,159.54,2024-02-02,Karachi,0.0,Organic
ORD_01868,CUST_0004,PROD_048,Smart Device 048,Clothing,1,289.91,289.91,2024-02-02,Karachi,0.0,Organic
ORD_01868,CUST_0004,PROD_012,Elite Widget 012,Sports,2,129.7,259.4,2024-02-02,Karachi,0.0,Organic
ORD_01869,CUST_0025,PROD_016,Premium Tool 016,Home & Kitchen,2,265.93,407.41,2025-05-01,Faisalabad,124.44,Organic
ORD_01870,CUST_0448,PROD_029,Elite Device 029,Electronics,2,163.54,327.08,2024-11-26,Peshawar,0.0,Email
ORD_01870,CUST_0448,PROD_075,Smart Widget 075,Beauty,4,342.85,1346.87,2024-11-26,Peshawar,24.51,Email
ORD_01870,CUST_0448,PROD_020,Pro Device 020,Clothing,2,292.26,584.52,2024-11-26,Peshawar,0.0,Email
ORD_01870,CUST_0448,PROD_044,Smart Tool 044,Clothing,4,475.4,1501.62,2024-11-26,Peshawar,399.97,Email
ORD_01870,CUST_0448,PROD_014,Premium Widget 014,Books,1,140.24,113.6,2024-11-26,Peshawar,26.64,Email
ORD_01871,CUST_0293,PROD_007,Pro Widget 007,Toys,3,382.07,1146.2,2025-02-20,Peshawar,0.0,Email
ORD_01871,CUST_0293,PROD_012,Elite Widget 012,Sports,1,131.59,131.59,2025-02-20,Peshawar,0.0,Email
ORD_01871,CUST_0293,PROD_028,Premium Widget 028,Clothing,4,254.71,1018.83,2025-02-20,Peshawar,0.0,Email
ORD_01871,CUST_0293,PROD_036,Smart Device 036,Clothing,1,99.88,76.85,2025-02-20,Peshawar,23.03,Email
ORD_01872,CUST_0130,PROD_070,Elite Device 070,Toys,1,290.98,290.98,2023-09-19,Peshawar,0.0,Organic
ORD_01872,CUST_0130,PROD_014,Premium Widget 014,Books,3,99.19,222.52,2023-09-19,Peshawar,75.06,Organic
ORD_01872,CUST_0130,PROD_035,Smart Widget 035,Toys,4,324.49,1297.96,2023-09-19,Peshawar,0.0,Organic
ORD_01872,CUST_0130,PROD_073,Basic Tool 073,Electronics,3,382.73,1148.19,2023-09-19,Peshawar,0.0,Organic
ORD_01873,CUST_0303,PROD_005,Smart Widget 005,Sports,4,121.51,419.45,2024-11-27,Peshawar,66.6,Email
ORD_01873,CUST_0303,PROD_044,Smart Tool 044,Clothing,4,452.55,1810.22,2024-11-27,Peshawar,0.0,Email
ORD_01873,CUST_0303,PROD_080,Smart Widget 080,Electronics,3,281.26,843.78,2024-11-27,Peshawar,0.0,Email
ORD_01874,CUST_0133,PROD_040,Basic Widget 040,Clothing,2,469.3,856.84,2023-05-26,Islamabad,81.76,Organic
ORD_01874,CUST_0133,PROD_046,Pro Tool 046,Sports,4,270.99,939.89,2023-05-26,Islamabad,144.08,Organic
ORD_01874,CUST_0133,PROD_056,Premium Widget 056,Electronics,2,192.04,384.08,2023-05-26,Islamabad,0.0,Organic
ORD_01874,CUST_0133,PROD_069,Premium Item 069,Electronics,3,33.94,83.34,2023-05-26,Islamabad,18.47,Organic
ORD_01874,CUST_0133,PROD_077,Basic Item 077,Clothing,3,123.07,369.2,2023-05-26,Islamabad,0.0,Organic
ORD_01875,CUST_0481,PROD_068,Basic Widget 068,Sports,4,314.71,1004.93,2025-05-27,Rawalpindi,253.89,Google Ads
ORD_01875,CUST_0481,PROD_049,Premium Widget 049,Books,3,329.77,989.31,2025-05-27,Rawalpindi,0.0,Google Ads
ORD_01875,CUST_0481,PROD_050,Basic Widget 050,Electronics,2,449.98,899.96,2025-05-27,Rawalpindi,0.0,Google Ads
ORD_01876,CUST_0199,PROD_050,Basic Widget 050,Electronics,2,477.57,955.14,2023-03-28,Peshawar,0.0,Instagram
ORD_01877,CUST_0223,PROD_067,Smart Tool 067,Clothing,2,93.57,137.95,2023-01-09,Islamabad,49.19,Email
ORD_01877,CUST_0223,PROD_077,Basic Item 077,Clothing,4,139.2,556.81,2023-01-09,Islamabad,0.0,Email
ORD_01878,CUST_0203,PROD_063,Basic Gadget 063,Beauty,3,202.81,608.44,2024-01-14,Lahore,0.0,Instagram
ORD_01878,CUST_0203,PROD_047,Basic Gadget 047,Electronics,4,207.41,829.63,2024-01-14,Lahore,0.0,Instagram
ORD_01878,CUST_0203,PROD_019,Smart Gadget 019,Clothing,3,203.21,609.62,2024-01-14,Lahore,0.0,Instagram
ORD_01878,CUST_0203,PROD_026,Smart Tool 026,Sports,3,177.02,468.89,2024-01-14,Lahore,62.18,Instagram
ORD_01879,CUST_0018,PROD_067,Smart Tool 067,Clothing,3,107.18,277.88,2023-01-01,Islamabad,43.66,Referral
ORD_01879,CUST_0018,PROD_014,Premium Widget 014,Books,3,143.85,431.56,2023-01-01,Islamabad,0.0,Referral
ORD_01879,CUST_0018,PROD_020,Pro Device 020,Clothing,1,362.86,265.2,2023-01-01,Islamabad,97.66,Referral
ORD_01879,CUST_0018,PROD_043,Elite Device 043,Clothing,2,154.85,309.7,2023-01-01,Islamabad,0.0,Referral
ORD_01879,CUST_0018,PROD_016,Premium Tool 016,Home & Kitchen,3,220.23,660.7,2023-01-01,Islamabad,0.0,Referral
ORD_01880,CUST_0169,PROD_020,Pro Device 020,Clothing,2,297.02,467.3,2024-09-19,Lahore,126.73,Facebook
ORD_01880,CUST_0169,PROD_001,Premium Widget 001,Books,1,166.95,137.97,2024-09-19,Lahore,28.98,Facebook
ORD_01880,CUST_0169,PROD_034,Premium Item 034,Sports,2,417.94,766.39,2024-09-19,Lahore,69.5,Facebook
ORD_01880,CUST_0169,PROD_010,Pro Item 010,Sports,3,159.84,402.1,2024-09-19,Lahore,77.43,Facebook
ORD_01880,CUST_0169,PROD_063,Basic Gadget 063,Beauty,2,224.68,333.67,2024-09-19,Lahore,115.68,Facebook
ORD_01881,CUST_0349,PROD_076,Smart Device 076,Home & Kitchen,2,503.42,1006.85,2025-05-13,Peshawar,0.0,Instagram
ORD_01881,CUST_0349,PROD_020,Pro Device 020,Clothing,1,404.6,404.6,2025-05-13,Peshawar,0.0,Instagram
ORD_01881,CUST_0349,PROD_068,Basic Widget 068,Sports,2,330.21,660.42,2025-05-13,Peshawar,0.0,Instagram
ORD_01881,CUST_0349,PROD_080,Smart Widget 080,Electronics,1,273.69,194.86,2025-05-13,Peshawar,78.83,Instagram
ORD_01882,CUST_0412,PROD_040,Basic Widget 040,Clothing,2,523.58,1047.17,2024-11-28,Rawalpindi,0.0,Google Ads
ORD_01882,CUST_0412,PROD_060,Premium Tool 060,Toys,4,485.77,1732.27,2024-11-28,Rawalpindi,210.8,Google Ads
ORD_01882,CUST_0412,PROD_061,Smart Widget 061,Electronics,4,391.82,1157.78,2024-11-28,Rawalpindi,409.51,Google Ads
ORD_01882,CUST_0412,PROD_017,Pro Gadget 017,Home & Kitchen,4,162.96,553.63,2024-11-28,Rawalpindi,98.22,Google Ads
ORD_01882,CUST_0412,PROD_069,Premium Item 069,Electronics,2,30.36,51.72,2024-11-28,Rawalpindi,9.0,Google Ads
ORD_01883,CUST_0321,PROD_024,Elite Tool 024,Clothing,2,147.58,295.17,2023-06-02,Islamabad,0.0,Facebook
ORD_01883,CUST_0321,PROD_015,Pro Widget 015,Toys,1,143.87,114.54,2023-06-02,Islamabad,29.33,Facebook
ORD_01883,CUST_0321,PROD_024,Elite Tool 024,Clothing,1,130.35,120.5,2023-06-02,Islamabad,9.85,Facebook
ORD_01884,CUST_0188,PROD_024,Elite Tool 024,Clothing,4,120.71,418.91,2023-08-24,Multan,63.94,Email
ORD_01884,CUST_0188,PROD_061,Smart Widget 061,Electronics,4,313.69,1254.76,2023-08-24,Multan,0.0,Email
ORD_01884,CUST_0188,PROD_006,Smart Tool 006,Clothing,2,233.82,425.67,2023-08-24,Multan,41.98,Email
ORD_01884,CUST_0188,PROD_065,Premium Tool 065,Home & Kitchen,4,385.86,1517.69,2023-08-24,Multan,25.75,Email
ORD_01884,CUST_0188,PROD_061,Smart Widget 061,Electronics,3,291.01,657.85,2023-08-24,Multan,215.17,Email
ORD_01885,CUST_0367,PROD_025,Basic Device 025,Sports,1,131.6,126.22,2024-02-04,Islamabad,5.38,Email
ORD_01885,CUST_0367,PROD_017,Pro Gadget 017,Home & Kitchen,1,195.62,195.62,2024-02-04,Islamabad,0.0,Email
ORD_01885,CUST_0367,PROD_038,Premium Device 038,Home & Kitchen,1,225.17,210.32,2024-02-04,Islamabad,14.85,Email
ORD_01885,CUST_0367,PROD_016,Premium Tool 016,Home & Kitchen,1,260.52,260.52,2024-02-04,Islamabad,0.0,Email
ORD_01885,CUST_0367,PROD_037,Basic Device 037,Toys,3,395.9,974.8,2024-02-04,Islamabad,212.89,Email
ORD_01886,CUST_0477,PROD_040,Basic Widget 040,Clothing,3,516.21,1548.64,2023-11-10,Multan,0.0,Instagram
ORD_01886,CUST_0477,PROD_077,Basic Item 077,Clothing,4,117.54,470.16,2023-11-10,Multan,0.0,Instagram
ORD_01886,CUST_0477,PROD_047,Basic Gadget 047,Electronics,2,156.48,312.97,2023-11-10,Multan,0.0,Instagram
ORD_01887,CUST_0142,PROD_080,Smart Widget 080,Electronics,4,310.85,1243.39,2025-03-15,Rawalpindi,0.0,Google Ads
ORD_01887,CUST_0142,PROD_012,Elite Widget 012,Sports,1,169.03,128.88,2025-03-15,Rawalpindi,40.15,Google Ads
ORD_01887,CUST_0142,PROD_039,Premium Item 039,Toys,2,372.0,744.0,2025-03-15,Rawalpindi,0.0,Google Ads
ORD_01887,CUST_0142,PROD_064,Basic Tool 064,Electronics,3,99.33,298.0,2025-03-15,Rawalpindi,0.0,Google Ads
ORD_01887,CUST_0142,PROD_046,Pro Tool 046,Sports,4,242.97,819.24,2025-03-15,Rawalpindi,152.63,Google Ads
ORD_01888,CUST_0048,PROD_007,Pro Widget 007,Toys,2,342.6,685.2,2025-05-07,Faisalabad,0.0,Instagram
ORD_01888,CUST_0048,PROD_020,Pro Device 020,Clothing,4,360.25,1440.99,2025-05-07,Faisalabad,0.0,Instagram
ORD_01888,CUST_0048,PROD_056,Premium Widget 056,Electronics,2,208.52,417.04,2025-05-07,Faisalabad,0.0,Instagram
ORD_01888,CUST_0048,PROD_037,Basic Device 037,Toys,1,545.62,545.62,2025-05-07,Faisalabad,0.0,Instagram
ORD_01889,CUST_0061,PROD_078,Basic Item 078,Beauty,3,149.36,448.09,2023-06-14,Lahore,0.0,Google Ads
ORD_01889,CUST_0061,PROD_057,Pro Widget 057,Clothing,1,95.15,95.15,2023-06-14,Lahore,0.0,Google Ads
ORD_01890,CUST_0061,PROD_072,Premium Device 072,Electronics,4,314.9,1259.59,2023-11-16,Lahore,0.0,Instagram
ORD_01890,CUST_0061,PROD_064,Basic Tool 064,Electronics,3,72.77,218.3,2023-11-16,Lahore,0.0,Instagram
ORD_01890,CUST_0061,PROD_052,Elite Gadget 052,Sports,4,72.17,222.66,2023-11-16,Lahore,66.02,Instagram
ORD_01890,CUST_0061,PROD_052,Elite Gadget 052,Sports,1,59.98,53.19,2023-11-16,Lahore,6.79,Instagram
ORD_01890,CUST_0061,PROD_018,Pro Widget 018,Sports,2,366.72,733.43,2023-11-16,Lahore,0.0,Instagram
ORD_01891,CUST_0080,PROD_069,Premium Item 069,Electronics,2,29.33,54.92,2023-05-04,Peshawar,3.74,Referral
ORD_01891,CUST_0080,PROD_065,Premium Tool 065,Home & Kitchen,4,531.77,2127.09,2023-05-04,Peshawar,0.0,Referral
ORD_01892,CUST_0247,PROD_018,Pro Widget 018,Sports,4,290.49,953.28,2024-07-22,Peshawar,208.7,Instagram
ORD_01892,CUST_0247,PROD_026,Smart Tool 026,Sports,1,239.14,213.3,2024-07-22,Peshawar,25.84,Instagram
ORD_01892,CUST_0247,PROD_076,Smart Device 076,Home & Kitchen,4,481.1,1903.22,2024-07-22,Peshawar,21.18,Instagram
ORD_01893,CUST_0206,PROD_070,Elite Device 070,Toys,3,323.06,969.18,2024-02-15,Karachi,0.0,Facebook
ORD_01893,CUST_0206,PROD_026,Smart Tool 026,Sports,3,218.33,655.0,2024-02-15,Karachi,0.0,Facebook
ORD_01893,CUST_0206,PROD_044,Smart Tool 044,Clothing,3,479.74,1399.67,2024-02-15,Karachi,39.54,Facebook
ORD_01893,CUST_0206,PROD_067,Smart Tool 067,Clothing,3,122.9,329.81,2024-02-15,Karachi,38.88,Facebook
ORD_01894,CUST_0079,PROD_050,Basic Widget 050,Electronics,2,425.65,730.28,2023-09-25,Karachi,121.01,Organic
ORD_01894,CUST_0079,PROD_003,Smart Widget 003,Sports,3,221.86,620.56,2023-09-25,Karachi,45.03,Organic
ORD_01895,CUST_0193,PROD_053,Smart Device 053,Beauty,3,133.17,311.05,2023-09-16,Karachi,88.46,Organic
ORD_01895,CUST_0193,PROD_071,Premium Device 071,Electronics,3,439.58,1318.75,2023-09-16,Karachi,0.0,Organic
ORD_01895,CUST_0193,PROD_010,Pro Item 010,Sports,2,139.6,202.02,2023-09-16,Karachi,77.18,Organic
ORD_01895,CUST_0193,PROD_027,Basic Gadget 027,Sports,4,220.94,794.56,2023-09-16,Karachi,89.2,Organic
ORD_01895,CUST_0193,PROD_064,Basic Tool 064,Electronics,2,90.27,180.53,2023-09-16,Karachi,0.0,Organic
ORD_01896,CUST_0267,PROD_073,Basic Tool 073,Electronics,2,445.15,890.3,2024-05-19,Rawalpindi,0.0,Facebook
ORD_01896,CUST_0267,PROD_010,Pro Item 010,Sports,2,158.24,316.48,2024-05-19,Rawalpindi,0.0,Facebook
ORD_01896,CUST_0267,PROD_063,Basic Gadget 063,Beauty,3,297.4,892.19,2024-05-19,Rawalpindi,0.0,Facebook
ORD_01896,CUST_0267,PROD_045,Basic Item 045,Beauty,2,552.24,1096.71,2024-05-19,Rawalpindi,7.78,Facebook
ORD_01897,CUST_0281,PROD_023,Smart Item 023,Clothing,4,369.13,1391.47,2024-10-30,Peshawar,85.04,Facebook
ORD_01897,CUST_0281,PROD_078,Basic Item 078,Beauty,1,176.78,176.78,2024-10-30,Peshawar,0.0,Facebook
ORD_01897,CUST_0281,PROD_052,Elite Gadget 052,Sports,1,70.74,70.74,2024-10-30,Peshawar,0.0,Facebook
ORD_01897,CUST_0281,PROD_013,Smart Item 013,Sports,1,86.79,78.09,2024-10-30,Peshawar,8.7,Facebook
ORD_01897,CUST_0281,PROD_068,Basic Widget 068,Sports,1,342.03,342.03,2024-10-30,Peshawar,0.0,Facebook
ORD_01898,CUST_0102,PROD_021,Premium Gadget 021,Toys,1,23.28,23.28,2024-02-27,Rawalpindi,0.0,Email
ORD_01898,CUST_0102,PROD_002,Basic Gadget 002,Books,1,48.24,34.48,2024-02-27,Rawalpindi,13.76,Email
ORD_01898,CUST_0102,PROD_013,Smart Item 013,Sports,4,115.78,428.38,2024-02-27,Rawalpindi,34.75,Email
ORD_01899,CUST_0236,PROD_078,Basic Item 078,Beauty,1,154.55,144.16,2024-12-21,Karachi,10.39,Facebook
ORD_01899,CUST_0236,PROD_004,Premium Widget 004,Clothing,4,121.73,431.27,2024-12-21,Karachi,55.64,Facebook
ORD_01899,CUST_0236,PROD_030,Smart Tool 030,Sports,4,130.64,430.99,2024-12-21,Karachi,91.56,Facebook
ORD_01899,CUST_0236,PROD_051,Premium Device 051,Clothing,1,119.8,119.8,2024-12-21,Karachi,0.0,Facebook
ORD_01899,CUST_0236,PROD_025,Basic Device 025,Sports,4,121.05,484.19,2024-12-21,Karachi,0.0,Facebook
ORD_01900,CUST_0346,PROD_050,Basic Widget 050,Electronics,4,514.17,1494.49,2023-06-27,Islamabad,562.2,Email
ORD_01901,CUST_0318,PROD_047,Basic Gadget 047,Electronics,3,204.82,614.46,2024-04-25,Multan,0.0,Referral
ORD_01902,CUST_0101,PROD_016,Premium Tool 016,Home & Kitchen,1,249.01,249.01,2023-06-10,Rawalpindi,0.0,Organic
ORD_01902,CUST_0101,PROD_080,Smart Widget 080,Electronics,1,309.92,309.92,2023-06-10,Rawalpindi,0.0,Organic
ORD_01902,CUST_0101,PROD_064,Basic Tool 064,Electronics,2,95.22,190.43,2023-06-10,Rawalpindi,0.0,Organic
ORD_01902,CUST_0101,PROD_053,Smart Device 053,Beauty,1,145.44,145.44,2023-06-10,Rawalpindi,0.0,Organic
ORD_01903,CUST_0261,PROD_069,Premium Item 069,Electronics,4,38.09,152.35,2023-12-15,Faisalabad,0.0,Email
ORD_01903,CUST_0261,PROD_068,Basic Widget 068,Sports,3,396.23,1188.69,2023-12-15,Faisalabad,0.0,Email
ORD_01903,CUST_0261,PROD_045,Basic Item 045,Beauty,4,594.42,2377.68,2023-12-15,Faisalabad,0.0,Email
ORD_01903,CUST_0261,PROD_076,Smart Device 076,Home & Kitchen,3,529.65,1152.41,2023-12-15,Faisalabad,436.55,Email
ORD_01904,CUST_0438,PROD_007,Pro Widget 007,Toys,2,385.85,771.7,2024-02-25,Islamabad,0.0,Instagram
ORD_01904,CUST_0438,PROD_051,Premium Device 051,Clothing,4,155.7,479.82,2024-02-25,Islamabad,142.97,Instagram
ORD_01904,CUST_0438,PROD_045,Basic Item 045,Beauty,4,559.02,1742.8,2024-02-25,Islamabad,493.29,Instagram
ORD_01905,CUST_0266,PROD_034,Premium Item 034,Sports,3,455.81,1224.3,2024-03-31,Rawalpindi,143.12,Email
ORD_01905,CUST_0266,PROD_031,Smart Widget 031,Books,3,414.52,921.41,2024-03-31,Rawalpindi,322.16,Email
ORD_01905,CUST_0266,PROD_005,Smart Widget 005,Sports,2,96.82,179.63,2024-03-31,Rawalpindi,14.02,Email
ORD_01905,CUST_0266,PROD_064,Basic Tool 064,Electronics,2,94.32,188.63,2024-03-31,Rawalpindi,0.0,Email
ORD_01906,CUST_0372,PROD_041,Premium Widget 041,Books,2,262.2,524.41,2023-10-07,Faisalabad,0.0,Instagram
ORD_01906,CUST_0372,PROD_004,Premium Widget 004,Clothing,2,121.07,221.83,2023-10-07,Faisalabad,20.31,Instagram
ORD_01906,CUST_0372,PROD_005,Smart Widget 005,Sports,4,108.5,434.01,2023-10-07,Faisalabad,0.0,Instagram
ORD_01906,CUST_0372,PROD_069,Premium Item 069,Electronics,2,30.4,60.81,2023-10-07,Faisalabad,0.0,Instagram
ORD_01906,CUST_0372,PROD_052,Elite Gadget 052,Sports,2,65.45,121.16,2023-10-07,Faisalabad,9.73,Instagram
ORD_01907,CUST_0308,PROD_006,Smart Tool 006,Clothing,3,258.77,776.32,2024-01-24,Multan,0.0,Email
ORD_01907,CUST_0308,PROD_029,Elite Device 029,Electronics,4,175.43,517.43,2024-01-24,Multan,184.3,Email
ORD_01907,CUST_0308,PROD_012,Elite Widget 012,Sports,3,123.01,344.85,2024-01-24,Multan,24.18,Email
ORD_01908,CUST_0416,PROD_041,Premium Widget 041,Books,1,203.07,194.47,2024-12-24,Peshawar,8.6,Organic
ORD_01908,CUST_0416,PROD_047,Basic Gadget 047,Electronics,2,201.61,403.22,2024-12-24,Peshawar,0.0,Organic
ORD_01908,CUST_0416,PROD_075,Smart Widget 075,Beauty,4,293.05,847.08,2024-12-24,Peshawar,325.12,Organic
ORD_01909,CUST_0240,PROD_051,Premium Device 051,Clothing,4,160.84,643.34,2023-10-15,Islamabad,0.0,Referral
ORD_01909,CUST_0240,PROD_018,Pro Widget 018,Sports,4,282.16,918.95,2023-10-15,Islamabad,209.7,Referral
ORD_01909,CUST_0240,PROD_034,Premium Item 034,Sports,1,358.16,358.16,2023-10-15,Islamabad,0.0,Referral
ORD_01909,CUST_0240,PROD_007,Pro Widget 007,Toys,3,456.37,1369.12,2023-10-15,Islamabad,0.0,Referral
ORD_01910,CUST_0450,PROD_063,Basic Gadget 063,Beauty,4,202.82,784.47,2023-04-01,Lahore,26.82,Referral
ORD_01911,CUST_0448,PROD_039,Premium Item 039,Toys,3,420.22,1260.66,2024-09-02,Karachi,0.0,Instagram
ORD_01911,CUST_0448,PROD_073,Basic Tool 073,Electronics,4,415.23,1660.91,2024-09-02,Karachi,0.0,Instagram
ORD_01911,CUST_0448,PROD_031,Smart Widget 031,Books,1,352.56,352.56,2024-09-02,Karachi,0.0,Instagram
ORD_01912,CUST_0111,PROD_048,Smart Device 048,Clothing,3,322.9,968.7,2025-06-29,Rawalpindi,0.0,Referral
ORD_01912,CUST_0111,PROD_076,Smart Device 076,Home & Kitchen,2,534.47,1068.94,2025-06-29,Rawalpindi,0.0,Referral
ORD_01912,CUST_0111,PROD_045,Basic Item 045,Beauty,2,479.68,959.37,2025-06-29,Rawalpindi,0.0,Referral
ORD_01913,CUST_0240,PROD_061,Smart Widget 061,Electronics,3,320.68,962.04,2023-01-30,Peshawar,0.0,Email
ORD_01913,CUST_0240,PROD_062,Smart Widget 062,Electronics,1,489.25,409.73,2023-01-30,Peshawar,79.52,Email
ORD_01913,CUST_0240,PROD_016,Premium Tool 016,Home & Kitchen,2,241.43,482.86,2023-01-30,Peshawar,0.0,Email
ORD_01913,CUST_0240,PROD_052,Elite Gadget 052,Sports,1,85.69,85.69,2023-01-30,Peshawar,0.0,Email
ORD_01914,CUST_0066,PROD_047,Basic Gadget 047,Electronics,3,207.98,623.93,2023-07-12,Rawalpindi,0.0,Facebook
ORD_01914,CUST_0066,PROD_027,Basic Gadget 027,Sports,2,251.64,435.96,2023-07-12,Rawalpindi,67.32,Facebook
ORD_01914,CUST_0066,PROD_043,Elite Device 043,Clothing,1,139.28,139.28,2023-07-12,Rawalpindi,0.0,Facebook
ORD_01914,CUST_0066,PROD_006,Smart Tool 006,Clothing,4,261.87,1047.47,2023-07-12,Rawalpindi,0.0,Facebook
ORD_01915,CUST_0454,PROD_064,Basic Tool 064,Electronics,1,107.56,107.56,2023-01-31,Islamabad,0.0,Organic
ORD_01915,CUST_0454,PROD_069,Premium Item 069,Electronics,3,33.76,85.71,2023-01-31,Islamabad,15.57,Organic
ORD_01915,CUST_0454,PROD_026,Smart Tool 026,Sports,1,183.33,183.33,2023-01-31,Islamabad,0.0,Organic
ORD_01915,CUST_0454,PROD_045,Basic Item 045,Beauty,4,440.51,1588.35,2023-01-31,Islamabad,173.68,Organic
ORD_01916,CUST_0146,PROD_034,Premium Item 034,Sports,2,380.17,760.34,2024-12-07,Peshawar,0.0,Facebook
ORD_01917,CUST_0315,PROD_071,Premium Device 071,Electronics,2,477.03,724.06,2023-01-11,Karachi,230.0,Instagram
ORD_01917,CUST_0315,PROD_033,Premium Item 033,Beauty,2,95.88,191.75,2023-01-11,Karachi,0.0,Instagram
ORD_01918,CUST_0253,PROD_080,Smart Widget 080,Electronics,3,322.46,709.45,2025-02-01,Islamabad,257.93,Referral
ORD_01918,CUST_0253,PROD_071,Premium Device 071,Electronics,3,512.0,1535.99,2025-02-01,Islamabad,0.0,Referral
ORD_01918,CUST_0253,PROD_004,Premium Widget 004,Clothing,2,148.59,294.19,2025-02-01,Islamabad,3.0,Referral
ORD_01918,CUST_0253,PROD_048,Smart Device 048,Clothing,4,239.28,858.83,2025-02-01,Islamabad,98.28,Referral
ORD_01918,CUST_0253,PROD_055,Elite Item 055,Beauty,1,179.66,179.66,2025-02-01,Islamabad,0.0,Referral
ORD_01919,CUST_0106,PROD_077,Basic Item 077,Clothing,4,133.48,533.94,2025-05-03,Lahore,0.0,Email
ORD_01920,CUST_0492,PROD_052,Elite Gadget 052,Sports,3,67.79,203.36,2024-09-06,Lahore,0.0,Facebook
ORD_01920,CUST_0492,PROD_032,Smart Item 032,Toys,1,316.31,305.18,2024-09-06,Lahore,11.13,Facebook
ORD_01921,CUST_0181,PROD_060,Premium Tool 060,Toys,2,505.41,1010.81,2023-10-09,Peshawar,0.0,Google Ads
ORD_01922,CUST_0075,PROD_012,Elite Widget 012,Sports,3,123.2,369.59,2025-06-06,Islamabad,0.0,Google Ads
ORD_01922,CUST_0075,PROD_026,Smart Tool 026,Sports,1,219.23,219.23,2025-06-06,Islamabad,0.0,Google Ads
ORD_01922,CUST_0075,PROD_005,Smart Widget 005,Sports,4,126.05,504.2,2025-06-06,Islamabad,0.0,Google Ads
ORD_01922,CUST_0075,PROD_008,Elite Item 008,Home & Kitchen,3,87.16,261.47,2025-06-06,Islamabad,0.0,Google Ads
ORD_01922,CUST_0075,PROD_005,Smart Widget 005,Sports,2,125.05,250.1,2025-06-06,Islamabad,0.0,Google Ads
ORD_01923,CUST_0492,PROD_058,Smart Tool 058,Clothing,2,252.71,505.43,2023-12-21,Faisalabad,0.0,Facebook
ORD_01923,CUST_0492,PROD_063,Basic Gadget 063,Beauty,4,286.14,1144.57,2023-12-21,Faisalabad,0.0,Facebook
ORD_01923,CUST_0492,PROD_068,Basic Widget 068,Sports,2,336.56,544.26,2023-12-21,Faisalabad,128.85,Facebook
ORD_01924,CUST_0168,PROD_048,Smart Device 048,Clothing,1,302.61,302.61,2023-08-31,Peshawar,0.0,Organic
ORD_01924,CUST_0168,PROD_025,Basic Device 025,Sports,2,135.22,270.44,2023-08-31,Peshawar,0.0,Organic
ORD_01924,CUST_0168,PROD_017,Pro Gadget 017,Home & Kitchen,3,211.18,633.55,2023-08-31,Peshawar,0.0,Organic
ORD_01924,CUST_0168,PROD_044,Smart Tool 044,Clothing,2,534.17,1068.34,2023-08-31,Peshawar,0.0,Organic
ORD_01924,CUST_0168,PROD_060,Premium Tool 060,Toys,4,479.41,1537.17,2023-08-31,Peshawar,380.49,Organic
ORD_01925,CUST_0041,PROD_032,Smart Item 032,Toys,1,380.7,380.7,2023-12-11,Faisalabad,0.0,Organic
ORD_01925,CUST_0041,PROD_055,Elite Item 055,Beauty,3,240.62,721.85,2023-12-11,Faisalabad,0.0,Organic
ORD_01925,CUST_0041,PROD_065,Premium Tool 065,Home & Kitchen,4,443.14,1592.53,2023-12-11,Faisalabad,180.05,Organic
ORD_01926,CUST_0423,PROD_037,Basic Device 037,Toys,1,533.09,415.21,2024-12-26,Faisalabad,117.88,Email
ORD_01926,CUST_0423,PROD_066,Elite Item 066,Beauty,2,373.03,746.06,2024-12-26,Faisalabad,0.0,Email
ORD_01926,CUST_0423,PROD_038,Premium Device 038,Home & Kitchen,1,223.21,223.21,2024-12-26,Faisalabad,0.0,Email
ORD_01927,CUST_0228,PROD_045,Basic Item 045,Beauty,3,517.79,1118.04,2025-05-21,Faisalabad,435.33,Facebook
ORD_01927,CUST_0228,PROD_048,Smart Device 048,Clothing,3,299.33,897.99,2025-05-21,Faisalabad,0.0,Facebook
ORD_01927,CUST_0228,PROD_008,Elite Item 008,Home & Kitchen,2,91.84,183.67,2025-05-21,Faisalabad,0.0,Facebook
ORD_01927,CUST_0228,PROD_043,Elite Device 043,Clothing,3,136.92,333.42,2025-05-21,Faisalabad,77.33,Facebook
ORD_01928,CUST_0479,PROD_024,Elite Tool 024,Clothing,3,127.7,368.61,2024-05-19,Islamabad,14.5,Email
ORD_01928,CUST_0479,PROD_066,Elite Item 066,Beauty,4,301.92,1207.67,2024-05-19,Islamabad,0.0,Email
ORD_01928,CUST_0479,PROD_076,Smart Device 076,Home & Kitchen,2,464.74,929.48,2024-05-19,Islamabad,0.0,Email
ORD_01929,CUST_0020,PROD_037,Basic Device 037,Toys,3,534.56,1603.68,2023-01-18,Karachi,0.0,Referral
ORD_01929,CUST_0020,PROD_037,Basic Device 037,Toys,3,474.78,1226.98,2023-01-18,Karachi,197.35,Referral
ORD_01929,CUST_0020,PROD_034,Premium Item 034,Sports,1,373.6,373.6,2023-01-18,Karachi,0.0,Referral
ORD_01929,CUST_0020,PROD_073,Basic Tool 073,Electronics,3,525.7,1345.94,2023-01-18,Karachi,231.16,Referral
ORD_01930,CUST_0079,PROD_044,Smart Tool 044,Clothing,1,545.2,474.72,2023-12-04,Faisalabad,70.48,Google Ads
ORD_01930,CUST_0079,PROD_034,Premium Item 034,Sports,1,364.28,364.28,2023-12-04,Faisalabad,0.0,Google Ads
ORD_01930,CUST_0079,PROD_020,Pro Device 020,Clothing,2,344.19,606.33,2023-12-04,Faisalabad,82.05,Google Ads
ORD_01931,CUST_0102,PROD_015,Pro Widget 015,Toys,2,112.97,225.94,2025-04-04,Islamabad,0.0,Facebook
ORD_01932,CUST_0476,PROD_037,Basic Device 037,Toys,3,431.76,1295.27,2024-10-14,Karachi,0.0,Facebook
ORD_01933,CUST_0149,PROD_047,Basic Gadget 047,Electronics,4,196.84,687.22,2023-12-28,Faisalabad,100.14,Facebook
ORD_01933,CUST_0149,PROD_072,Premium Device 072,Electronics,2,300.43,433.62,2023-12-28,Faisalabad,167.24,Facebook
ORD_01933,CUST_0149,PROD_062,Smart Widget 062,Electronics,4,448.1,1792.41,2023-12-28,Faisalabad,0.0,Facebook
ORD_01934,CUST_0421,PROD_039,Premium Item 039,Toys,1,329.11,329.11,2025-03-12,Islamabad,0.0,Organic
ORD_01934,CUST_0421,PROD_007,Pro Widget 007,Toys,3,356.42,1069.25,2025-03-12,Islamabad,0.0,Organic
ORD_01934,CUST_0421,PROD_048,Smart Device 048,Clothing,3,319.88,959.64,2025-03-12,Islamabad,0.0,Organic
ORD_01934,CUST_0421,PROD_021,Premium Gadget 021,Toys,1,27.02,27.02,2025-03-12,Islamabad,0.0,Organic
ORD_01934,CUST_0421,PROD_075,Smart Widget 075,Beauty,2,295.32,590.64,2025-03-12,Islamabad,0.0,Organic
ORD_01935,CUST_0455,PROD_009,Pro Widget 009,Electronics,4,159.76,639.03,2023-02-17,Multan,0.0,Google Ads
ORD_01935,CUST_0455,PROD_067,Smart Tool 067,Clothing,3,109.08,327.23,2023-02-17,Multan,0.0,Google Ads
ORD_01935,CUST_0455,PROD_012,Elite Widget 012,Sports,1,145.58,121.48,2023-02-17,Multan,24.1,Google Ads
ORD_01935,CUST_0455,PROD_077,Basic Item 077,Clothing,1,117.32,117.32,2023-02-17,Multan,0.0,Google Ads
ORD_01935,CUST_0455,PROD_027,Basic Gadget 027,Sports,2,205.86,411.72,2023-02-17,Multan,0.0,Google Ads
ORD_01936,CUST_0025,PROD_031,Smart Widget 031,Books,2,427.13,854.25,2023-02-03,Multan,0.0,Google Ads
ORD_01936,CUST_0025,PROD_064,Basic Tool 064,Electronics,1,79.24,79.24,2023-02-03,Multan,0.0,Google Ads
ORD_01936,CUST_0025,PROD_031,Smart Widget 031,Books,4,365.88,1026.96,2023-02-03,Multan,436.54,Google Ads
ORD_01936,CUST_0025,PROD_009,Pro Widget 009,Electronics,2,198.37,396.75,2023-02-03,Multan,0.0,Google Ads
ORD_01936,CUST_0025,PROD_058,Smart Tool 058,Clothing,1,238.63,238.63,2023-02-03,Multan,0.0,Google Ads
ORD_01937,CUST_0232,PROD_035,Smart Widget 035,Toys,2,346.67,693.33,2024-03-18,Lahore,0.0,Referral
ORD_01937,CUST_0232,PROD_039,Premium Item 039,Toys,1,354.35,354.35,2024-03-18,Lahore,0.0,Referral
ORD_01937,CUST_0232,PROD_052,Elite Gadget 052,Sports,4,68.61,274.43,2024-03-18,Lahore,0.0,Referral
ORD_01937,CUST_0232,PROD_053,Smart Device 053,Beauty,3,117.44,352.33,2024-03-18,Lahore,0.0,Referral
ORD_01938,CUST_0238,PROD_022,Pro Tool 022,Home & Kitchen,4,44.11,176.46,2024-10-25,Lahore,0.0,Referral
ORD_01938,CUST_0238,PROD_031,Smart Widget 031,Books,4,376.79,1272.81,2024-10-25,Lahore,234.34,Referral
ORD_01938,CUST_0238,PROD_071,Premium Device 071,Electronics,4,417.53,1533.52,2024-10-25,Lahore,136.59,Referral
ORD_01938,CUST_0238,PROD_073,Basic Tool 073,Electronics,2,435.76,871.53,2024-10-25,Lahore,0.0,Referral
ORD_01938,CUST_0238,PROD_012,Elite Widget 012,Sports,3,180.23,540.69,2024-10-25,Lahore,0.0,Referral
ORD_01939,CUST_0418,PROD_079,Premium Widget 079,Beauty,3,282.85,764.46,2024-09-16,Peshawar,84.08,Email
ORD_01939,CUST_0418,PROD_056,Premium Widget 056,Electronics,4,191.61,766.42,2024-09-16,Peshawar,0.0,Email
ORD_01940,CUST_0315,PROD_049,Premium Widget 049,Books,1,363.54,275.72,2023-10-13,Lahore,87.82,Referral
ORD_01941,CUST_0138,PROD_054,Elite Tool 054,Clothing,1,66.54,66.54,2025-02-23,Rawalpindi,0.0,Instagram
ORD_01941,CUST_0138,PROD_069,Premium Item 069,Electronics,2,39.27,78.54,2025-02-23,Rawalpindi,0.0,Instagram
ORD_01941,CUST_0138,PROD_019,Smart Gadget 019,Clothing,2,252.12,356.78,2025-02-23,Rawalpindi,147.46,Instagram
ORD_01941,CUST_0138,PROD_018,Pro Widget 018,Sports,3,306.2,918.61,2025-02-23,Rawalpindi,0.0,Instagram
ORD_01941,CUST_0138,PROD_024,Elite Tool 024,Clothing,1,124.5,124.5,2025-02-23,Rawalpindi,0.0,Instagram
ORD_01942,CUST_0249,PROD_007,Pro Widget 007,Toys,4,433.27,1733.08,2024-12-24,Peshawar,0.0,Facebook
ORD_01942,CUST_0249,PROD_066,Elite Item 066,Beauty,4,350.2,1400.79,2024-12-24,Peshawar,0.0,Facebook
ORD_01942,CUST_0249,PROD_067,Smart Tool 067,Clothing,3,102.88,308.63,2024-12-24,Peshawar,0.0,Facebook
ORD_01942,CUST_0249,PROD_034,Premium Item 034,Sports,3,356.96,1070.89,2024-12-24,Peshawar,0.0,Facebook
ORD_01942,CUST_0249,PROD_042,Premium Device 042,Toys,4,76.28,244.14,2024-12-24,Peshawar,60.97,Facebook
ORD_01943,CUST_0405,PROD_072,Premium Device 072,Electronics,1,280.06,280.06,2024-01-16,Faisalabad,0.0,Instagram
ORD_01943,CUST_0405,PROD_009,Pro Widget 009,Electronics,2,228.85,391.92,2024-01-16,Faisalabad,65.77,Instagram
ORD_01943,CUST_0405,PROD_055,Elite Item 055,Beauty,3,223.21,616.6,2024-01-16,Faisalabad,53.03,Instagram
ORD_01943,CUST_0405,PROD_054,Elite Tool 054,Clothing,2,48.7,97.4,2024-01-16,Faisalabad,0.0,Instagram
ORD_01944,CUST_0211,PROD_025,Basic Device 025,Sports,3,155.37,466.11,2023-04-20,Rawalpindi,0.0,Facebook
ORD_01944,CUST_0211,PROD_008,Elite Item 008,Home & Kitchen,3,74.15,188.4,2023-04-20,Rawalpindi,34.04,Facebook
ORD_01944,CUST_0211,PROD_057,Pro Widget 057,Clothing,3,102.05,306.14,2023-04-20,Rawalpindi,0.0,Facebook
ORD_01945,CUST_0189,PROD_011,Premium Tool 011,Sports,1,73.2,73.2,2023-05-21,Lahore,0.0,Facebook
ORD_01946,CUST_0344,PROD_053,Smart Device 053,Beauty,3,135.64,406.93,2024-11-04,Peshawar,0.0,Facebook
ORD_01947,CUST_0163,PROD_070,Elite Device 070,Toys,1,283.86,206.16,2025-06-19,Islamabad,77.7,Organic
ORD_01947,CUST_0163,PROD_024,Elite Tool 024,Clothing,4,162.1,648.41,2025-06-19,Islamabad,0.0,Organic
ORD_01947,CUST_0163,PROD_027,Basic Gadget 027,Sports,2,287.5,455.66,2025-06-19,Islamabad,119.34,Organic
ORD_01947,CUST_0163,PROD_007,Pro Widget 007,Toys,3,344.75,1034.24,2025-06-19,Islamabad,0.0,Organic
ORD_01947,CUST_0163,PROD_013,Smart Item 013,Sports,1,100.14,77.79,2025-06-19,Islamabad,22.35,Organic
ORD_01948,CUST_0259,PROD_006,Smart Tool 006,Clothing,1,217.56,217.56,2024-09-22,Multan,0.0,Instagram
ORD_01949,CUST_0042,PROD_038,Premium Device 038,Home & Kitchen,4,235.64,942.55,2024-06-25,Islamabad,0.0,Instagram
ORD_01949,CUST_0042,PROD_043,Elite Device 043,Clothing,2,138.37,247.58,2024-06-25,Islamabad,29.17,Instagram
ORD_01949,CUST_0042,PROD_080,Smart Widget 080,Electronics,4,229.22,916.87,2024-06-25,Islamabad,0.0,Instagram
ORD_01950,CUST_0149,PROD_006,Smart Tool 006,Clothing,3,270.81,812.43,2023-08-09,Faisalabad,0.0,Google Ads
ORD_01950,CUST_0149,PROD_062,Smart Widget 062,Electronics,4,506.89,1804.77,2023-08-09,Faisalabad,222.8,Google Ads
ORD_01950,CUST_0149,PROD_029,Elite Device 029,Electronics,1,192.83,192.83,2023-08-09,Faisalabad,0.0,Google Ads
ORD_01951,CUST_0385,PROD_071,Premium Device 071,Electronics,4,390.85,1469.06,2023-06-06,Karachi,94.35,Instagram
ORD_01951,CUST_0385,PROD_059,Pro Tool 059,Clothing,1,400.35,400.35,2023-06-06,Karachi,0.0,Instagram
ORD_01952,CUST_0495,PROD_032,Smart Item 032,Toys,1,338.28,338.28,2025-05-04,Karachi,0.0,Facebook
ORD_01952,CUST_0495,PROD_032,Smart Item 032,Toys,1,282.54,282.54,2025-05-04,Karachi,0.0,Facebook
ORD_01953,CUST_0180,PROD_026,Smart Tool 026,Sports,4,171.68,686.73,2024-02-12,Lahore,0.0,Google Ads
ORD_01954,CUST_0183,PROD_019,Smart Gadget 019,Clothing,3,232.13,696.39,2023-12-14,Karachi,0.0,Instagram
ORD_01954,CUST_0183,PROD_020,Pro Device 020,Clothing,4,339.5,1358.02,2023-12-14,Karachi,0.0,Instagram
ORD_01954,CUST_0183,PROD_007,Pro Widget 007,Toys,2,389.5,604.33,2023-12-14,Karachi,174.66,Instagram
ORD_01954,CUST_0183,PROD_019,Smart Gadget 019,Clothing,4,257.7,1030.81,2023-12-14,Karachi,0.0,Instagram
ORD_01954,CUST_0183,PROD_001,Premium Widget 001,Books,3,168.12,365.53,2023-12-14,Karachi,138.83,Instagram
ORD_01955,CUST_0473,PROD_055,Elite Item 055,Beauty,1,196.15,150.69,2024-03-23,Rawalpindi,45.46,Organic
ORD_01955,CUST_0473,PROD_023,Smart Item 023,Clothing,1,357.36,357.36,2024-03-23,Rawalpindi,0.0,Organic
ORD_01955,CUST_0473,PROD_050,Basic Widget 050,Electronics,4,494.95,1979.82,2024-03-23,Rawalpindi,0.0,Organic
ORD_01955,CUST_0473,PROD_024,Elite Tool 024,Clothing,2,132.24,218.91,2024-03-23,Rawalpindi,45.57,Organic
ORD_01955,CUST_0473,PROD_030,Smart Tool 030,Sports,2,107.44,197.3,2024-03-23,Rawalpindi,17.58,Organic
ORD_01956,CUST_0145,PROD_011,Premium Tool 011,Sports,4,66.35,194.01,2025-01-21,Multan,71.37,Facebook
ORD_01956,CUST_0145,PROD_075,Smart Widget 075,Beauty,3,290.71,687.34,2025-01-21,Multan,184.79,Facebook
ORD_01956,CUST_0145,PROD_030,Smart Tool 030,Sports,1,114.43,114.43,2025-01-21,Multan,0.0,Facebook
ORD_01956,CUST_0145,PROD_034,Premium Item 034,Sports,4,421.68,1368.89,2025-01-21,Multan,317.82,Facebook
ORD_01956,CUST_0145,PROD_043,Elite Device 043,Clothing,1,143.99,143.99,2025-01-21,Multan,0.0,Facebook
ORD_01957,CUST_0018,PROD_009,Pro Widget 009,Electronics,3,212.64,637.93,2023-11-08,Peshawar,0.0,Referral
ORD_01958,CUST_0017,PROD_078,Basic Item 078,Beauty,2,144.5,289.01,2025-03-08,Karachi,0.0,Organic
ORD_01958,CUST_0017,PROD_047,Basic Gadget 047,Electronics,2,156.29,312.57,2025-03-08,Karachi,0.0,Organic
ORD_01958,CUST_0017,PROD_031,Smart Widget 031,Books,1,336.38,299.21,2025-03-08,Karachi,37.17,Organic
ORD_01959,CUST_0155,PROD_001,Premium Widget 001,Books,3,122.73,339.08,2023-07-18,Multan,29.11,Organic
ORD_01959,CUST_0155,PROD_058,Smart Tool 058,Clothing,4,176.24,684.67,2023-07-18,Multan,20.28,Organic
ORD_01959,CUST_0155,PROD_060,Premium Tool 060,Toys,1,488.82,424.17,2023-07-18,Multan,64.65,Organic
ORD_01959,CUST_0155,PROD_015,Pro Widget 015,Toys,2,116.18,188.97,2023-07-18,Multan,43.39,Organic
ORD_01960,CUST_0283,PROD_073,Basic Tool 073,Electronics,4,394.55,1177.26,2024-11-27,Peshawar,400.95,Google Ads
ORD_01960,CUST_0283,PROD_048,Smart Device 048,Clothing,4,301.82,1207.29,2024-11-27,Peshawar,0.0,Google Ads
ORD_01961,CUST_0310,PROD_078,Basic Item 078,Beauty,1,164.51,116.74,2024-03-31,Karachi,47.77,Facebook
ORD_01961,CUST_0310,PROD_073,Basic Tool 073,Electronics,2,382.86,540.36,2024-03-31,Karachi,225.36,Facebook
ORD_01961,CUST_0310,PROD_045,Basic Item 045,Beauty,3,575.74,1727.23,2024-03-31,Karachi,0.0,Facebook
ORD_01962,CUST_0397,PROD_025,Basic Device 025,Sports,2,150.81,301.62,2024-01-23,Peshawar,0.0,Email
ORD_01962,CUST_0397,PROD_076,Smart Device 076,Home & Kitchen,2,560.68,1121.36,2024-01-23,Peshawar,0.0,Email
ORD_01962,CUST_0397,PROD_064,Basic Tool 064,Electronics,1,91.36,84.3,2024-01-23,Peshawar,7.06,Email
ORD_01962,CUST_0397,PROD_039,Premium Item 039,Toys,1,386.79,293.79,2024-01-23,Peshawar,93.0,Email
ORD_01962,CUST_0397,PROD_038,Premium Device 038,Home & Kitchen,3,282.15,761.61,2024-01-23,Peshawar,84.83,Email
ORD_01963,CUST_0104,PROD_064,Basic Tool 064,Electronics,4,103.91,415.63,2025-05-11,Rawalpindi,0.0,Organic
ORD_01963,CUST_0104,PROD_034,Premium Item 034,Sports,4,334.28,1337.11,2025-05-11,Rawalpindi,0.0,Organic
ORD_01963,CUST_0104,PROD_069,Premium Item 069,Electronics,3,33.54,78.84,2025-05-11,Rawalpindi,21.77,Organic
ORD_01964,CUST_0231,PROD_053,Smart Device 053,Beauty,1,142.5,107.01,2023-04-24,Multan,35.49,Google Ads
ORD_01964,CUST_0231,PROD_050,Basic Widget 050,Electronics,1,365.9,365.9,2023-04-24,Multan,0.0,Google Ads
ORD_01964,CUST_0231,PROD_003,Smart Widget 003,Sports,1,175.68,126.18,2023-04-24,Multan,49.5,Google Ads
ORD_01964,CUST_0231,PROD_029,Elite Device 029,Electronics,4,225.42,901.67,2023-04-24,Multan,0.0,Google Ads
ORD_01964,CUST_0231,PROD_009,Pro Widget 009,Electronics,3,223.18,669.53,2023-04-24,Multan,0.0,Google Ads
ORD_01965,CUST_0285,PROD_026,Smart Tool 026,Sports,2,205.68,411.35,2023-03-10,Karachi,0.0,Organic
ORD_01965,CUST_0285,PROD_022,Pro Tool 022,Home & Kitchen,1,39.79,31.81,2023-03-10,Karachi,7.98,Organic
ORD_01965,CUST_0285,PROD_068,Basic Widget 068,Sports,4,365.31,1461.26,2023-03-10,Karachi,0.0,Organic
ORD_01965,CUST_0285,PROD_064,Basic Tool 064,Electronics,1,75.61,65.08,2023-03-10,Karachi,10.53,Organic
ORD_01966,CUST_0358,PROD_014,Premium Widget 014,Books,3,118.11,276.17,2024-01-30,Lahore,78.15,Organic
ORD_01966,CUST_0358,PROD_052,Elite Gadget 052,Sports,3,72.85,189.08,2024-01-30,Lahore,29.48,Organic
ORD_01966,CUST_0358,PROD_041,Premium Widget 041,Books,3,237.26,565.32,2024-01-30,Lahore,146.45,Organic
ORD_01966,CUST_0358,PROD_076,Smart Device 076,Home & Kitchen,2,402.36,804.71,2024-01-30,Lahore,0.0,Organic
ORD_01966,CUST_0358,PROD_016,Premium Tool 016,Home & Kitchen,2,219.95,439.9,2024-01-30,Lahore,0.0,Organic
ORD_01967,CUST_0475,PROD_059,Pro Tool 059,Clothing,3,478.95,1173.99,2025-01-16,Multan,262.86,Referral
ORD_01967,CUST_0475,PROD_046,Pro Tool 046,Sports,1,189.49,189.49,2025-01-16,Multan,0.0,Referral
ORD_01967,CUST_0475,PROD_055,Elite Item 055,Beauty,4,232.33,727.89,2025-01-16,Multan,201.43,Referral
ORD_01967,CUST_0475,PROD_054,Elite Tool 054,Clothing,4,49.23,196.92,2025-01-16,Multan,0.0,Referral
ORD_01967,CUST_0475,PROD_071,Premium Device 071,Electronics,2,466.6,933.2,2025-01-16,Multan,0.0,Referral
ORD_01968,CUST_0255,PROD_064,Basic Tool 064,Electronics,4,94.56,378.23,2023-09-26,Rawalpindi,0.0,Facebook
ORD_01968,CUST_0255,PROD_079,Premium Widget 079,Beauty,3,333.81,1001.43,2023-09-26,Rawalpindi,0.0,Facebook
ORD_01968,CUST_0255,PROD_069,Premium Item 069,Electronics,2,32.81,54.0,2023-09-26,Rawalpindi,11.62,Facebook
ORD_01968,CUST_0255,PROD_016,Premium Tool 016,Home & Kitchen,2,218.3,326.27,2023-09-26,Rawalpindi,110.33,Facebook
ORD_01968,CUST_0255,PROD_079,Premium Widget 079,Beauty,2,259.24,518.48,2023-09-26,Rawalpindi,0.0,Facebook
ORD_01969,CUST_0131,PROD_049,Premium Widget 049,Books,4,269.69,1078.74,2024-03-12,Karachi,0.0,Google Ads
ORD_01969,CUST_0131,PROD_054,Elite Tool 054,Clothing,2,49.72,99.43,2024-03-12,Karachi,0.0,Google Ads
ORD_01969,CUST_0131,PROD_005,Smart Widget 005,Sports,2,112.89,225.78,2024-03-12,Karachi,0.0,Google Ads
ORD_01969,CUST_0131,PROD_072,Premium Device 072,Electronics,4,348.6,1394.38,2024-03-12,Karachi,0.0,Google Ads
ORD_01969,CUST_0131,PROD_051,Premium Device 051,Clothing,2,147.36,225.5,2024-03-12,Karachi,69.23,Google Ads
ORD_01970,CUST_0192,PROD_023,Smart Item 023,Clothing,4,356.27,1425.07,2023-08-26,Islamabad,0.0,Facebook
ORD_01970,CUST_0192,PROD_077,Basic Item 077,Clothing,3,155.6,431.28,2023-08-26,Islamabad,35.51,Facebook
ORD_01971,CUST_0259,PROD_021,Premium Gadget 021,Toys,4,26.67,100.36,2023-05-07,Lahore,6.3,Email
ORD_01972,CUST_0382,PROD_074,Smart Gadget 074,Sports,2,337.54,675.09,2024-01-13,Rawalpindi,0.0,Google Ads
ORD_01973,CUST_0114,PROD_066,Elite Item 066,Beauty,4,328.23,1000.5,2023-03-26,Multan,312.43,Instagram
ORD_01973,CUST_0114,PROD_073,Basic Tool 073,Electronics,3,506.39,1318.91,2023-03-26,Multan,200.25,Instagram
ORD_01973,CUST_0114,PROD_008,Elite Item 008,Home & Kitchen,3,80.17,240.51,2023-03-26,Multan,0.0,Instagram
ORD_01973,CUST_0114,PROD_064,Basic Tool 064,Electronics,4,100.86,403.44,2023-03-26,Multan,0.0,Instagram
ORD_01974,CUST_0235,PROD_039,Premium Item 039,Toys,2,373.19,746.38,2023-11-04,Karachi,0.0,Google Ads
ORD_01974,CUST_0235,PROD_045,Basic Item 045,Beauty,2,498.2,975.86,2023-11-04,Karachi,20.54,Google Ads
ORD_01975,CUST_0170,PROD_019,Smart Gadget 019,Clothing,4,204.15,690.29,2024-05-21,Karachi,126.3,Email
ORD_01975,CUST_0170,PROD_025,Basic Device 025,Sports,4,143.82,497.5,2024-05-21,Karachi,77.78,Email
ORD_01975,CUST_0170,PROD_046,Pro Tool 046,Sports,4,202.23,761.09,2024-05-21,Karachi,47.83,Email
ORD_01976,CUST_0296,PROD_059,Pro Tool 059,Clothing,1,492.28,492.28,2023-04-13,Faisalabad,0.0,Instagram
ORD_01976,CUST_0296,PROD_042,Premium Device 042,Toys,1,68.75,64.05,2023-04-13,Faisalabad,4.7,Instagram
ORD_01976,CUST_0296,PROD_075,Smart Widget 075,Beauty,3,301.03,903.08,2023-04-13,Faisalabad,0.0,Instagram
ORD_01976,CUST_0296,PROD_009,Pro Widget 009,Electronics,1,180.45,138.25,2023-04-13,Faisalabad,42.2,Instagram
ORD_01977,CUST_0304,PROD_045,Basic Item 045,Beauty,3,565.59,1696.78,2024-04-30,Faisalabad,0.0,Google Ads
ORD_01977,CUST_0304,PROD_001,Premium Widget 001,Books,1,165.07,140.06,2024-04-30,Faisalabad,25.01,Google Ads
ORD_01977,CUST_0304,PROD_079,Premium Widget 079,Beauty,4,328.37,1060.68,2024-04-30,Faisalabad,252.78,Google Ads
ORD_01978,CUST_0110,PROD_058,Smart Tool 058,Clothing,3,191.59,574.78,2023-06-09,Lahore,0.0,Facebook
ORD_01978,CUST_0110,PROD_065,Premium Tool 065,Home & Kitchen,1,389.89,389.89,2023-06-09,Lahore,0.0,Facebook
ORD_01978,CUST_0110,PROD_064,Basic Tool 064,Electronics,1,103.55,103.55,2023-06-09,Lahore,0.0,Facebook
ORD_01978,CUST_0110,PROD_048,Smart Device 048,Clothing,4,245.02,980.09,2023-06-09,Lahore,0.0,Facebook
ORD_01978,CUST_0110,PROD_053,Smart Device 053,Beauty,3,146.7,418.8,2023-06-09,Lahore,21.31,Facebook
ORD_01979,CUST_0096,PROD_054,Elite Tool 054,Clothing,2,45.05,90.1,2023-11-06,Islamabad,0.0,Facebook
ORD_01979,CUST_0096,PROD_016,Premium Tool 016,Home & Kitchen,2,217.47,434.93,2023-11-06,Islamabad,0.0,Facebook
ORD_01979,CUST_0096,PROD_050,Basic Widget 050,Electronics,2,369.83,739.66,2023-11-06,Islamabad,0.0,Facebook
ORD_01980,CUST_0146,PROD_057,Pro Widget 057,Clothing,2,110.79,221.59,2023-01-05,Peshawar,0.0,Organic
ORD_01980,CUST_0146,PROD_050,Basic Widget 050,Electronics,4,502.47,1526.64,2023-01-05,Peshawar,483.24,Organic
ORD_01980,CUST_0146,PROD_044,Smart Tool 044,Clothing,3,460.01,1380.04,2023-01-05,Peshawar,0.0,Organic
ORD_01980,CUST_0146,PROD_007,Pro Widget 007,Toys,4,332.09,959.22,2023-01-05,Peshawar,369.16,Organic
ORD_01981,CUST_0270,PROD_074,Smart Gadget 074,Sports,3,254.11,762.32,2025-05-23,Karachi,0.0,Instagram
ORD_01982,CUST_0069,PROD_011,Premium Tool 011,Sports,2,56.94,113.88,2023-03-18,Multan,0.0,Referral
ORD_01982,CUST_0069,PROD_038,Premium Device 038,Home & Kitchen,1,248.18,248.18,2023-03-18,Multan,0.0,Referral
ORD_01982,CUST_0069,PROD_050,Basic Widget 050,Electronics,1,501.15,501.15,2023-03-18,Multan,0.0,Referral
ORD_01983,CUST_0130,PROD_043,Elite Device 043,Clothing,3,118.72,356.16,2024-11-11,Faisalabad,0.0,Referral
ORD_01984,CUST_0101,PROD_002,Basic Gadget 002,Books,2,60.65,99.56,2024-03-21,Islamabad,21.74,Referral
ORD_01984,CUST_0101,PROD_009,Pro Widget 009,Electronics,3,227.92,503.4,2024-03-21,Islamabad,180.36,Referral
ORD_01984,CUST_0101,PROD_071,Premium Device 071,Electronics,1,416.78,333.38,2024-03-21,Islamabad,83.4,Referral
ORD_01984,CUST_0101,PROD_061,Smart Widget 061,Electronics,2,338.23,640.39,2024-03-21,Islamabad,36.06,Referral
ORD_01985,CUST_0412,PROD_011,Premium Tool 011,Sports,1,75.23,75.23,2023-11-08,Lahore,0.0,Google Ads
ORD_01985,CUST_0412,PROD_037,Basic Device 037,Toys,2,475.0,872.96,2023-11-08,Lahore,77.05,Google Ads
ORD_01985,CUST_0412,PROD_015,Pro Widget 015,Toys,3,104.72,314.17,2023-11-08,Lahore,0.0,Google Ads
ORD_01985,CUST_0412,PROD_011,Premium Tool 011,Sports,2,80.14,126.94,2023-11-08,Lahore,33.34,Google Ads
ORD_01985,CUST_0412,PROD_051,Premium Device 051,Clothing,2,151.16,302.33,2023-11-08,Lahore,0.0,Google Ads
ORD_01986,CUST_0087,PROD_016,Premium Tool 016,Home & Kitchen,2,261.96,523.92,2024-02-27,Lahore,0.0,Organic
ORD_01986,CUST_0087,PROD_058,Smart Tool 058,Clothing,3,250.53,751.59,2024-02-27,Lahore,0.0,Organic
ORD_01986,CUST_0087,PROD_080,Smart Widget 080,Electronics,3,295.52,886.55,2024-02-27,Lahore,0.0,Organic
ORD_01987,CUST_0258,PROD_047,Basic Gadget 047,Electronics,3,178.73,512.57,2024-06-09,Rawalpindi,23.63,Instagram
ORD_01987,CUST_0258,PROD_024,Elite Tool 024,Clothing,1,125.66,125.66,2024-06-09,Rawalpindi,0.0,Instagram
ORD_01987,CUST_0258,PROD_042,Premium Device 042,Toys,1,83.46,83.46,2024-06-09,Rawalpindi,0.0,Instagram
ORD_01987,CUST_0258,PROD_035,Smart Widget 035,Toys,1,379.19,357.42,2024-06-09,Rawalpindi,21.77,Instagram
ORD_01987,CUST_0258,PROD_020,Pro Device 020,Clothing,1,353.72,353.72,2024-06-09,Rawalpindi,0.0,Instagram
ORD_01988,CUST_0049,PROD_041,Premium Widget 041,Books,2,220.12,440.25,2023-04-11,Karachi,0.0,Email
ORD_01988,CUST_0049,PROD_069,Premium Item 069,Electronics,2,39.92,79.85,2023-04-11,Karachi,0.0,Email
ORD_01989,CUST_0094,PROD_017,Pro Gadget 017,Home & Kitchen,2,212.16,307.07,2024-07-10,Multan,117.26,Organic
ORD_01989,CUST_0094,PROD_051,Premium Device 051,Clothing,2,172.38,344.76,2024-07-10,Multan,0.0,Organic
ORD_01989,CUST_0094,PROD_011,Premium Tool 011,Sports,2,85.37,170.73,2024-07-10,Multan,0.0,Organic
ORD_01990,CUST_0072,PROD_021,Premium Gadget 021,Toys,2,26.11,52.22,2023-11-17,Peshawar,0.0,Facebook
ORD_01990,CUST_0072,PROD_006,Smart Tool 006,Clothing,4,227.72,910.9,2023-11-17,Peshawar,0.0,Facebook
ORD_01991,CUST_0396,PROD_076,Smart Device 076,Home & Kitchen,4,494.18,1723.74,2023-05-18,Multan,252.98,Google Ads
ORD_01991,CUST_0396,PROD_051,Premium Device 051,Clothing,4,134.87,426.07,2023-05-18,Multan,113.42,Google Ads
ORD_01991,CUST_0396,PROD_064,Basic Tool 064,Electronics,4,103.84,415.38,2023-05-18,Multan,0.0,Google Ads
ORD_01991,CUST_0396,PROD_058,Smart Tool 058,Clothing,3,188.85,566.54,2023-05-18,Multan,0.0,Google Ads
ORD_01991,CUST_0396,PROD_007,Pro Widget 007,Toys,1,362.92,362.92,2023-05-18,Multan,0.0,Google Ads
ORD_01992,CUST_0019,PROD_003,Smart Widget 003,Sports,4,257.19,1028.74,2025-06-22,Peshawar,0.0,Organic
ORD_01992,CUST_0019,PROD_060,Premium Tool 060,Toys,2,405.21,810.43,2025-06-22,Peshawar,0.0,Organic
ORD_01992,CUST_0019,PROD_045,Basic Item 045,Beauty,3,574.33,1722.98,2025-06-22,Peshawar,0.0,Organic
ORD_01993,CUST_0416,PROD_027,Basic Gadget 027,Sports,2,250.35,387.67,2024-11-13,Faisalabad,113.03,Referral
ORD_01993,CUST_0416,PROD_030,Smart Tool 030,Sports,3,143.81,431.43,2024-11-13,Faisalabad,0.0,Referral
ORD_01993,CUST_0416,PROD_014,Premium Widget 014,Books,2,136.03,272.06,2024-11-13,Faisalabad,0.0,Referral
ORD_01993,CUST_0416,PROD_025,Basic Device 025,Sports,4,146.96,477.35,2024-11-13,Faisalabad,110.49,Referral
ORD_01993,CUST_0416,PROD_059,Pro Tool 059,Clothing,4,441.3,1765.21,2024-11-13,Faisalabad,0.0,Referral
ORD_01994,CUST_0378,PROD_030,Smart Tool 030,Sports,3,154.7,464.11,2023-02-10,Lahore,0.0,Referral
ORD_01994,CUST_0378,PROD_030,Smart Tool 030,Sports,1,134.31,110.99,2023-02-10,Lahore,23.32,Referral
ORD_01994,CUST_0378,PROD_010,Pro Item 010,Sports,1,152.21,125.12,2023-02-10,Lahore,27.09,Referral
ORD_01995,CUST_0346,PROD_040,Basic Widget 040,Clothing,4,478.94,1915.78,2023-03-24,Islamabad,0.0,Google Ads
ORD_01995,CUST_0346,PROD_061,Smart Widget 061,Electronics,1,328.97,328.97,2023-03-24,Islamabad,0.0,Google Ads
ORD_01996,CUST_0371,PROD_073,Basic Tool 073,Electronics,3,501.29,1146.39,2024-07-25,Peshawar,357.48,Facebook
ORD_01996,CUST_0371,PROD_052,Elite Gadget 052,Sports,2,83.28,166.56,2024-07-25,Peshawar,0.0,Facebook
ORD_01996,CUST_0371,PROD_065,Premium Tool 065,Home & Kitchen,4,501.92,2007.67,2024-07-25,Peshawar,0.0,Facebook
ORD_01996,CUST_0371,PROD_010,Pro Item 010,Sports,2,142.24,284.47,2024-07-25,Peshawar,0.0,Facebook
ORD_01996,CUST_0371,PROD_042,Premium Device 042,Toys,3,59.39,164.41,2024-07-25,Peshawar,13.75,Facebook
ORD_01997,CUST_0144,PROD_022,Pro Tool 022,Home & Kitchen,2,49.22,98.45,2025-01-27,Islamabad,0.0,Referral
ORD_01997,CUST_0144,PROD_044,Smart Tool 044,Clothing,1,408.63,385.47,2025-01-27,Islamabad,23.16,Referral
ORD_01997,CUST_0144,PROD_005,Smart Widget 005,Sports,3,112.26,336.77,2025-01-27,Islamabad,0.0,Referral
ORD_01998,CUST_0050,PROD_046,Pro Tool 046,Sports,1,270.14,195.85,2024-08-18,Lahore,74.29,Referral
ORD_01998,CUST_0050,PROD_004,Premium Widget 004,Clothing,4,123.9,495.58,2024-08-18,Lahore,0.0,Referral
ORD_01998,CUST_0050,PROD_030,Smart Tool 030,Sports,4,118.77,370.46,2024-08-18,Lahore,104.63,Referral
ORD_01998,CUST_0050,PROD_002,Basic Gadget 002,Books,3,65.86,197.57,2024-08-18,Lahore,0.0,Referral
ORD_01999,CUST_0252,PROD_031,Smart Widget 031,Books,3,310.03,794.24,2023-09-01,Lahore,135.85,Google Ads
ORD_01999,CUST_0252,PROD_065,Premium Tool 065,Home & Kitchen,4,532.36,1495.05,2023-09-01,Lahore,634.39,Google Ads
ORD_01999,CUST_0252,PROD_026,Smart Tool 026,Sports,2,182.38,352.5,2023-09-01,Lahore,12.26,Google Ads
ORD_01999,CUST_0252,PROD_067,Smart Tool 067,Clothing,1,100.63,74.27,2023-09-01,Lahore,26.36,Google Ads
ORD_02000,CUST_0418,PROD_046,Pro Tool 046,Sports,3,247.39,552.57,2024-09-29,Peshawar,189.61,Google Ads
ORD_02000,CUST_0418,PROD_041,Premium Widget 041,Books,2,293.22,586.45,2024-09-29,Peshawar,0.0,Google Ads
ORD_02000,CUST_0418,PROD_021,Premium Gadget 021,Toys,4,28.29,98.81,2024-09-29,Peshawar,14.37,Google Ads
ORD_02000,CUST_0418,PROD_064,Basic Tool 064,Electronics,2,75.09,150.17,2024-09-29,Peshawar,0.0,Google Ads
ORD_02000,CUST_0418,PROD_027,Basic Gadget 027,Sports,2,301.23,602.46,2024-09-29,Peshawar,0.0,Google Ads
ORD_02001,CUST_0009,PROD_031,Smart Widget 031,Books,1,409.11,368.08,2024-07-01,Rawalpindi,41.03,Google Ads
ORD_02001,CUST_0009,PROD_075,Smart Widget 075,Beauty,3,355.14,1065.41,2024-07-01,Rawalpindi,0.0,Google Ads
ORD_02001,CUST_0009,PROD_031,Smart Widget 031,Books,1,364.52,364.52,2024-07-01,Rawalpindi,0.0,Google Ads
ORD_02001,CUST_0009,PROD_054,Elite Tool 054,Clothing,3,57.28,171.84,2024-07-01,Rawalpindi,0.0,Google Ads
ORD_02001,CUST_0009,PROD_012,Elite Widget 012,Sports,1,179.33,179.33,2024-07-01,Rawalpindi,0.0,Google Ads
ORD_02002,CUST_0257,PROD_033,Premium Item 033,Beauty,1,89.04,89.04,2023-06-06,Karachi,0.0,Referral
ORD_02002,CUST_0257,PROD_018,Pro Widget 018,Sports,3,381.84,1145.51,2023-06-06,Karachi,0.0,Referral
ORD_02002,CUST_0257,PROD_071,Premium Device 071,Electronics,4,432.79,1402.77,2023-06-06,Karachi,328.4,Referral
ORD_02003,CUST_0095,PROD_078,Basic Item 078,Beauty,4,188.8,707.73,2025-02-16,Islamabad,47.49,Email
ORD_02004,CUST_0066,PROD_040,Basic Widget 040,Clothing,4,397.22,1442.66,2023-01-22,Lahore,146.23,Referral
ORD_02004,CUST_0066,PROD_017,Pro Gadget 017,Home & Kitchen,1,150.46,150.46,2023-01-22,Lahore,0.0,Referral
ORD_02004,CUST_0066,PROD_006,Smart Tool 006,Clothing,1,211.17,211.17,2023-01-22,Lahore,0.0,Referral
ORD_02005,CUST_0034,PROD_016,Premium Tool 016,Home & Kitchen,2,216.96,433.92,2023-01-13,Karachi,0.0,Google Ads
ORD_02005,CUST_0034,PROD_059,Pro Tool 059,Clothing,3,374.16,866.6,2023-01-13,Karachi,255.87,Google Ads
ORD_02005,CUST_0034,PROD_019,Smart Gadget 019,Clothing,2,253.45,506.89,2023-01-13,Karachi,0.0,Google Ads
ORD_02006,CUST_0183,PROD_011,Premium Tool 011,Sports,4,67.68,212.99,2024-03-09,Lahore,57.73,Referral
ORD_02006,CUST_0183,PROD_077,Basic Item 077,Clothing,4,152.22,458.52,2024-03-09,Lahore,150.36,Referral
ORD_02006,CUST_0183,PROD_063,Basic Gadget 063,Beauty,4,245.59,982.37,2024-03-09,Lahore,0.0,Referral
ORD_02006,CUST_0183,PROD_048,Smart Device 048,Clothing,1,264.66,264.66,2024-03-09,Lahore,0.0,Referral
ORD_02007,CUST_0337,PROD_078,Basic Item 078,Beauty,1,167.11,167.11,2023-03-20,Peshawar,0.0,Google Ads
ORD_02007,CUST_0337,PROD_079,Premium Widget 079,Beauty,4,332.38,1312.88,2023-03-20,Peshawar,16.64,Google Ads
ORD_02008,CUST_0260,PROD_047,Basic Gadget 047,Electronics,1,181.77,181.77,2024-05-02,Karachi,0.0,Facebook
ORD_02008,CUST_0260,PROD_065,Premium Tool 065,Home & Kitchen,4,543.68,2119.6,2024-05-02,Karachi,55.13,Facebook
ORD_02009,CUST_0378,PROD_029,Elite Device 029,Electronics,3,167.84,503.53,2025-03-20,Peshawar,0.0,Referral
ORD_02009,CUST_0378,PROD_004,Premium Widget 004,Clothing,4,146.91,587.63,2025-03-20,Peshawar,0.0,Referral
ORD_02009,CUST_0378,PROD_052,Elite Gadget 052,Sports,3,81.65,244.96,2025-03-20,Peshawar,0.0,Referral
ORD_02009,CUST_0378,PROD_014,Premium Widget 014,Books,3,139.99,355.71,2025-03-20,Peshawar,64.25,Referral
ORD_02010,CUST_0318,PROD_042,Premium Device 042,Toys,2,76.25,150.99,2023-07-17,Karachi,1.51,Email
ORD_02010,CUST_0318,PROD_036,Smart Device 036,Clothing,3,88.32,218.57,2023-07-17,Karachi,46.38,Email
ORD_02010,CUST_0318,PROD_058,Smart Tool 058,Clothing,1,231.83,231.83,2023-07-17,Karachi,0.0,Email
ORD_02010,CUST_0318,PROD_004,Premium Widget 004,Clothing,4,110.5,442.02,2023-07-17,Karachi,0.0,Email
ORD_02010,CUST_0318,PROD_054,Elite Tool 054,Clothing,4,45.17,140.61,2023-07-17,Karachi,40.05,Email
ORD_02011,CUST_0494,PROD_026,Smart Tool 026,Sports,4,210.56,842.23,2024-10-12,Peshawar,0.0,Facebook
ORD_02012,CUST_0029,PROD_045,Basic Item 045,Beauty,3,548.53,1513.79,2024-12-04,Islamabad,131.8,Referral
ORD_02012,CUST_0029,PROD_005,Smart Widget 005,Sports,4,118.55,373.46,2024-12-04,Islamabad,100.75,Referral
ORD_02012,CUST_0029,PROD_053,Smart Device 053,Beauty,4,127.42,375.95,2024-12-04,Islamabad,133.72,Referral
ORD_02013,CUST_0276,PROD_018,Pro Widget 018,Sports,1,354.83,354.83,2025-04-01,Lahore,0.0,Referral
ORD_02013,CUST_0276,PROD_005,Smart Widget 005,Sports,4,119.45,476.47,2025-04-01,Lahore,1.31,Referral
ORD_02013,CUST_0276,PROD_036,Smart Device 036,Clothing,1,94.03,80.08,2025-04-01,Lahore,13.95,Referral
ORD_02013,CUST_0276,PROD_009,Pro Widget 009,Electronics,1,218.31,218.31,2025-04-01,Lahore,0.0,Referral
ORD_02013,CUST_0276,PROD_014,Premium Widget 014,Books,4,115.2,460.8,2025-04-01,Lahore,0.0,Referral
ORD_02014,CUST_0355,PROD_040,Basic Widget 040,Clothing,4,424.17,1696.68,2023-01-16,Karachi,0.0,Organic
ORD_02014,CUST_0355,PROD_054,Elite Tool 054,Clothing,3,66.36,199.09,2023-01-16,Karachi,0.0,Organic
ORD_02014,CUST_0355,PROD_056,Premium Widget 056,Electronics,2,229.63,459.26,2023-01-16,Karachi,0.0,Organic
ORD_02015,CUST_0485,PROD_073,Basic Tool 073,Electronics,4,465.73,1862.91,2024-05-24,Multan,0.0,Facebook
ORD_02016,CUST_0009,PROD_002,Basic Gadget 002,Books,2,54.01,108.02,2023-05-01,Rawalpindi,0.0,Instagram
ORD_02016,CUST_0009,PROD_007,Pro Widget 007,Toys,3,430.7,1292.09,2023-05-01,Rawalpindi,0.0,Instagram
ORD_02016,CUST_0009,PROD_004,Premium Widget 004,Clothing,4,111.32,445.26,2023-05-01,Rawalpindi,0.0,Instagram
ORD_02016,CUST_0009,PROD_049,Premium Widget 049,Books,4,354.06,1416.24,2023-05-01,Rawalpindi,0.0,Instagram
ORD_02016,CUST_0009,PROD_079,Premium Widget 079,Beauty,4,334.15,1336.58,2023-05-01,Rawalpindi,0.0,Instagram
ORD_02017,CUST_0416,PROD_008,Elite Item 008,Home & Kitchen,3,96.46,289.37,2025-04-10,Peshawar,0.0,Google Ads
ORD_02018,CUST_0052,PROD_077,Basic Item 077,Clothing,2,126.76,241.29,2025-04-02,Rawalpindi,12.23,Email
ORD_02018,CUST_0052,PROD_060,Premium Tool 060,Toys,1,394.47,394.47,2025-04-02,Rawalpindi,0.0,Email
ORD_02018,CUST_0052,PROD_014,Premium Widget 014,Books,2,100.22,200.43,2025-04-02,Rawalpindi,0.0,Email
ORD_02018,CUST_0052,PROD_037,Basic Device 037,Toys,2,394.71,789.41,2025-04-02,Rawalpindi,0.0,Email
ORD_02019,CUST_0136,PROD_013,Smart Item 013,Sports,1,90.3,90.3,2024-01-01,Peshawar,0.0,Facebook
ORD_02019,CUST_0136,PROD_011,Premium Tool 011,Sports,4,58.55,234.19,2024-01-01,Peshawar,0.0,Facebook
ORD_02019,CUST_0136,PROD_031,Smart Widget 031,Books,4,329.86,1258.25,2024-01-01,Peshawar,61.18,Facebook
ORD_02019,CUST_0136,PROD_049,Premium Widget 049,Books,4,293.19,893.43,2024-01-01,Peshawar,279.34,Facebook
ORD_02020,CUST_0401,PROD_018,Pro Widget 018,Sports,3,268.65,768.52,2024-12-06,Lahore,37.44,Instagram
ORD_02020,CUST_0401,PROD_016,Premium Tool 016,Home & Kitchen,1,262.04,262.04,2024-12-06,Lahore,0.0,Instagram
ORD_02020,CUST_0401,PROD_009,Pro Widget 009,Electronics,1,203.37,201.72,2024-12-06,Lahore,1.65,Instagram
ORD_02021,CUST_0071,PROD_014,Premium Widget 014,Books,2,133.2,250.11,2023-01-29,Karachi,16.3,Instagram
ORD_02021,CUST_0071,PROD_005,Smart Widget 005,Sports,3,123.38,370.14,2023-01-29,Karachi,0.0,Instagram
ORD_02021,CUST_0071,PROD_040,Basic Widget 040,Clothing,3,381.05,874.21,2023-01-29,Karachi,268.93,Instagram
ORD_02021,CUST_0071,PROD_057,Pro Widget 057,Clothing,2,114.2,228.39,2023-01-29,Karachi,0.0,Instagram
ORD_02022,CUST_0103,PROD_041,Premium Widget 041,Books,4,210.41,814.22,2024-07-27,Multan,27.44,Google Ads
ORD_02022,CUST_0103,PROD_041,Premium Widget 041,Books,3,225.32,675.97,2024-07-27,Multan,0.0,Google Ads
ORD_02022,CUST_0103,PROD_011,Premium Tool 011,Sports,3,81.15,243.45,2024-07-27,Multan,0.0,Google Ads
ORD_02023,CUST_0108,PROD_052,Elite Gadget 052,Sports,2,81.41,159.89,2024-03-25,Faisalabad,2.93,Google Ads
ORD_02023,CUST_0108,PROD_014,Premium Widget 014,Books,3,138.78,416.33,2024-03-25,Faisalabad,0.0,Google Ads
ORD_02023,CUST_0108,PROD_040,Basic Widget 040,Clothing,1,384.4,384.4,2024-03-25,Faisalabad,0.0,Google Ads
ORD_02024,CUST_0100,PROD_030,Smart Tool 030,Sports,3,133.79,287.09,2023-12-22,Islamabad,114.27,Email
ORD_02024,CUST_0100,PROD_043,Elite Device 043,Clothing,2,140.33,280.65,2023-12-22,Islamabad,0.0,Email
ORD_02024,CUST_0100,PROD_004,Premium Widget 004,Clothing,4,114.88,360.8,2023-12-22,Islamabad,98.72,Email
ORD_02024,CUST_0100,PROD_066,Elite Item 066,Beauty,1,363.4,294.67,2023-12-22,Islamabad,68.73,Email
ORD_02024,CUST_0100,PROD_058,Smart Tool 058,Clothing,2,204.65,308.3,2023-12-22,Islamabad,100.99,Email
ORD_02025,CUST_0467,PROD_061,Smart Widget 061,Electronics,4,328.05,1312.22,2023-05-15,Lahore,0.0,Facebook
ORD_02025,CUST_0467,PROD_036,Smart Device 036,Clothing,4,76.89,307.58,2023-05-15,Lahore,0.0,Facebook
ORD_02025,CUST_0467,PROD_005,Smart Widget 005,Sports,3,104.3,308.32,2023-05-15,Lahore,4.58,Facebook
ORD_02026,CUST_0005,PROD_018,Pro Widget 018,Sports,4,295.15,1180.59,2024-01-31,Faisalabad,0.0,Email
ORD_02026,CUST_0005,PROD_059,Pro Tool 059,Clothing,3,492.21,1256.54,2024-01-31,Faisalabad,220.1,Email
ORD_02026,CUST_0005,PROD_076,Smart Device 076,Home & Kitchen,2,521.39,866.83,2024-01-31,Faisalabad,175.96,Email
ORD_02026,CUST_0005,PROD_038,Premium Device 038,Home & Kitchen,4,201.6,806.4,2024-01-31,Faisalabad,0.0,Email
ORD_02026,CUST_0005,PROD_016,Premium Tool 016,Home & Kitchen,1,268.01,268.01,2024-01-31,Faisalabad,0.0,Email
ORD_02027,CUST_0240,PROD_026,Smart Tool 026,Sports,4,168.15,660.4,2023-06-10,Islamabad,12.2,Facebook
ORD_02027,CUST_0240,PROD_079,Premium Widget 079,Beauty,2,269.27,497.69,2023-06-10,Islamabad,40.85,Facebook
ORD_02027,CUST_0240,PROD_004,Premium Widget 004,Clothing,4,127.16,508.63,2023-06-10,Islamabad,0.0,Facebook
ORD_02028,CUST_0070,PROD_038,Premium Device 038,Home & Kitchen,2,211.94,423.89,2024-01-05,Multan,0.0,Instagram
ORD_02029,CUST_0030,PROD_030,Smart Tool 030,Sports,3,119.69,304.28,2023-08-11,Islamabad,54.78,Organic
ORD_02029,CUST_0030,PROD_068,Basic Widget 068,Sports,3,436.87,1129.77,2023-08-11,Islamabad,180.83,Organic
ORD_02030,CUST_0294,PROD_055,Elite Item 055,Beauty,1,235.66,235.66,2024-01-02,Multan,0.0,Google Ads
ORD_02030,CUST_0294,PROD_034,Premium Item 034,Sports,4,418.0,1672.01,2024-01-02,Multan,0.0,Google Ads
ORD_02031,CUST_0409,PROD_046,Pro Tool 046,Sports,3,262.93,581.53,2023-11-10,Multan,207.26,Referral
ORD_02031,CUST_0409,PROD_023,Smart Item 023,Clothing,4,360.98,1230.37,2023-11-10,Multan,213.56,Referral
ORD_02031,CUST_0409,PROD_037,Basic Device 037,Toys,2,450.8,901.6,2023-11-10,Multan,0.0,Referral
ORD_02031,CUST_0409,PROD_030,Smart Tool 030,Sports,2,151.84,278.17,2023-11-10,Multan,25.5,Referral
ORD_02031,CUST_0409,PROD_004,Premium Widget 004,Clothing,2,109.78,193.6,2023-11-10,Multan,25.96,Referral
ORD_02032,CUST_0341,PROD_060,Premium Tool 060,Toys,4,504.32,2017.29,2023-05-13,Rawalpindi,0.0,Organic
ORD_02032,CUST_0341,PROD_004,Premium Widget 004,Clothing,3,147.73,443.2,2023-05-13,Rawalpindi,0.0,Organic
ORD_02032,CUST_0341,PROD_050,Basic Widget 050,Electronics,3,459.47,1378.41,2023-05-13,Rawalpindi,0.0,Organic
ORD_02032,CUST_0341,PROD_021,Premium Gadget 021,Toys,4,22.97,91.86,2023-05-13,Rawalpindi,0.0,Organic
ORD_02033,CUST_0063,PROD_017,Pro Gadget 017,Home & Kitchen,2,150.05,273.82,2023-01-17,Karachi,26.28,Google Ads
ORD_02033,CUST_0063,PROD_044,Smart Tool 044,Clothing,3,403.71,1020.06,2023-01-17,Karachi,191.08,Google Ads
ORD_02033,CUST_0063,PROD_018,Pro Widget 018,Sports,4,357.09,1218.22,2023-01-17,Karachi,210.13,Google Ads
ORD_02034,CUST_0407,PROD_027,Basic Gadget 027,Sports,3,271.89,815.66,2023-10-07,Lahore,0.0,Email
ORD_02034,CUST_0407,PROD_030,Smart Tool 030,Sports,4,116.86,367.12,2023-10-07,Lahore,100.33,Email
ORD_02035,CUST_0267,PROD_075,Smart Widget 075,Beauty,2,276.29,532.74,2023-08-10,Rawalpindi,19.84,Referral
ORD_02035,CUST_0267,PROD_002,Basic Gadget 002,Books,2,57.31,114.63,2023-08-10,Rawalpindi,0.0,Referral
ORD_02035,CUST_0267,PROD_022,Pro Tool 022,Home & Kitchen,1,38.31,31.11,2023-08-10,Rawalpindi,7.2,Referral
ORD_02035,CUST_0267,PROD_067,Smart Tool 067,Clothing,4,121.86,487.45,2023-08-10,Rawalpindi,0.0,Referral
ORD_02035,CUST_0267,PROD_049,Premium Widget 049,Books,3,283.05,849.14,2023-08-10,Rawalpindi,0.0,Referral
ORD_02036,CUST_0185,PROD_004,Premium Widget 004,Clothing,3,108.2,324.61,2024-01-01,Lahore,0.0,Organic
ORD_02036,CUST_0185,PROD_072,Premium Device 072,Electronics,2,281.61,563.22,2024-01-01,Lahore,0.0,Organic
ORD_02036,CUST_0185,PROD_004,Premium Widget 004,Clothing,3,101.77,228.25,2024-01-01,Lahore,77.05,Organic
ORD_02036,CUST_0185,PROD_060,Premium Tool 060,Toys,4,492.55,1907.86,2024-01-01,Lahore,62.33,Organic
ORD_02037,CUST_0067,PROD_011,Premium Tool 011,Sports,3,71.65,214.95,2024-09-18,Lahore,0.0,Facebook
ORD_02037,CUST_0067,PROD_021,Premium Gadget 021,Toys,4,27.48,89.91,2024-09-18,Lahore,20.0,Facebook
ORD_02037,CUST_0067,PROD_004,Premium Widget 004,Clothing,2,119.63,239.25,2024-09-18,Lahore,0.02,Facebook
ORD_02037,CUST_0067,PROD_008,Elite Item 008,Home & Kitchen,4,74.14,296.56,2024-09-18,Lahore,0.0,Facebook
ORD_02038,CUST_0336,PROD_016,Premium Tool 016,Home & Kitchen,3,217.98,653.93,2024-10-05,Karachi,0.0,Google Ads
ORD_02038,CUST_0336,PROD_042,Premium Device 042,Toys,4,79.42,317.7,2024-10-05,Karachi,0.0,Google Ads
ORD_02038,CUST_0336,PROD_027,Basic Gadget 027,Sports,1,283.33,206.24,2024-10-05,Karachi,77.09,Google Ads
ORD_02038,CUST_0336,PROD_080,Smart Widget 080,Electronics,4,322.23,1288.92,2024-10-05,Karachi,0.0,Google Ads
ORD_02039,CUST_0185,PROD_022,Pro Tool 022,Home & Kitchen,2,34.18,57.58,2024-04-01,Karachi,10.78,Google Ads
ORD_02039,CUST_0185,PROD_008,Elite Item 008,Home & Kitchen,4,98.72,361.34,2024-04-01,Karachi,33.53,Google Ads
ORD_02039,CUST_0185,PROD_009,Pro Widget 009,Electronics,4,183.31,733.24,2024-04-01,Karachi,0.0,Google Ads
ORD_02039,CUST_0185,PROD_036,Smart Device 036,Clothing,1,100.06,98.65,2024-04-01,Karachi,1.41,Google Ads
ORD_02039,CUST_0185,PROD_066,Elite Item 066,Beauty,4,350.43,1401.74,2024-04-01,Karachi,0.0,Google Ads
ORD_02040,CUST_0359,PROD_070,Elite Device 070,Toys,3,318.84,956.52,2025-03-11,Islamabad,0.0,Facebook
ORD_02040,CUST_0359,PROD_044,Smart Tool 044,Clothing,1,428.64,428.64,2025-03-11,Islamabad,0.0,Facebook
ORD_02040,CUST_0359,PROD_080,Smart Widget 080,Electronics,4,238.0,952.0,2025-03-11,Islamabad,0.0,Facebook
ORD_02040,CUST_0359,PROD_053,Smart Device 053,Beauty,3,138.22,414.65,2025-03-11,Islamabad,0.0,Facebook
ORD_02041,CUST_0092,PROD_070,Elite Device 070,Toys,1,247.34,244.42,2024-05-28,Islamabad,2.92,Organic
ORD_02041,CUST_0092,PROD_029,Elite Device 029,Electronics,3,219.62,658.86,2024-05-28,Islamabad,0.0,Organic
ORD_02041,CUST_0092,PROD_006,Smart Tool 006,Clothing,3,267.54,802.62,2024-05-28,Islamabad,0.0,Organic
ORD_02041,CUST_0092,PROD_063,Basic Gadget 063,Beauty,4,224.23,896.94,2024-05-28,Islamabad,0.0,Organic
ORD_02042,CUST_0152,PROD_037,Basic Device 037,Toys,1,448.27,320.85,2024-09-11,Peshawar,127.42,Email
ORD_02042,CUST_0152,PROD_049,Premium Widget 049,Books,4,288.13,1152.54,2024-09-11,Peshawar,0.0,Email
ORD_02043,CUST_0285,PROD_054,Elite Tool 054,Clothing,3,56.96,170.88,2024-11-26,Multan,0.0,Referral
ORD_02043,CUST_0285,PROD_080,Smart Widget 080,Electronics,1,323.51,323.51,2024-11-26,Multan,0.0,Referral
ORD_02043,CUST_0285,PROD_051,Premium Device 051,Clothing,4,143.97,575.9,2024-11-26,Multan,0.0,Referral
ORD_02043,CUST_0285,PROD_055,Elite Item 055,Beauty,3,249.47,748.4,2024-11-26,Multan,0.0,Referral
ORD_02043,CUST_0285,PROD_080,Smart Widget 080,Electronics,2,290.19,580.38,2024-11-26,Multan,0.0,Referral
ORD_02044,CUST_0313,PROD_007,Pro Widget 007,Toys,1,480.48,480.48,2023-11-21,Rawalpindi,0.0,Instagram
ORD_02044,CUST_0313,PROD_028,Premium Widget 028,Clothing,1,308.71,308.71,2023-11-21,Rawalpindi,0.0,Instagram
ORD_02045,CUST_0347,PROD_034,Premium Item 034,Sports,2,457.97,915.94,2024-11-17,Faisalabad,0.0,Google Ads
ORD_02045,CUST_0347,PROD_002,Basic Gadget 002,Books,3,58.78,176.35,2024-11-17,Faisalabad,0.0,Google Ads
ORD_02045,CUST_0347,PROD_062,Smart Widget 062,Electronics,2,443.32,886.64,2024-11-17,Faisalabad,0.0,Google Ads
ORD_02045,CUST_0347,PROD_066,Elite Item 066,Beauty,4,333.52,1262.67,2024-11-17,Faisalabad,71.41,Google Ads
ORD_02045,CUST_0347,PROD_056,Premium Widget 056,Electronics,2,228.58,351.07,2024-11-17,Faisalabad,106.08,Google Ads
ORD_02046,CUST_0482,PROD_044,Smart Tool 044,Clothing,4,394.06,1576.23,2023-08-14,Rawalpindi,0.0,Google Ads
ORD_02046,CUST_0482,PROD_062,Smart Widget 062,Electronics,2,554.66,1109.33,2023-08-14,Rawalpindi,0.0,Google Ads
ORD_02047,CUST_0128,PROD_059,Pro Tool 059,Clothing,3,488.96,1466.87,2023-01-05,Faisalabad,0.0,Facebook
ORD_02048,CUST_0120,PROD_050,Basic Widget 050,Electronics,4,348.38,1393.51,2023-05-26,Lahore,0.0,Facebook
ORD_02048,CUST_0120,PROD_001,Premium Widget 001,Books,3,168.9,474.34,2023-05-26,Lahore,32.36,Facebook
ORD_02048,CUST_0120,PROD_078,Basic Item 078,Beauty,1,177.98,177.98,2023-05-26,Lahore,0.0,Facebook
ORD_02049,CUST_0104,PROD_052,Elite Gadget 052,Sports,3,79.45,238.34,2023-10-03,Peshawar,0.0,Google Ads
ORD_02050,CUST_0264,PROD_035,Smart Widget 035,Toys,4,362.69,1095.45,2023-11-27,Multan,355.3,Email
ORD_02050,CUST_0264,PROD_004,Premium Widget 004,Clothing,4,138.94,555.77,2023-11-27,Multan,0.0,Email
ORD_02050,CUST_0264,PROD_004,Premium Widget 004,Clothing,4,112.71,450.84,2023-11-27,Multan,0.0,Email
ORD_02050,CUST_0264,PROD_036,Smart Device 036,Clothing,2,76.32,152.63,2023-11-27,Multan,0.0,Email
ORD_02051,CUST_0027,PROD_011,Premium Tool 011,Sports,4,85.16,311.65,2025-03-13,Multan,28.99,Email
ORD_02051,CUST_0027,PROD_050,Basic Widget 050,Electronics,4,359.2,1080.79,2025-03-13,Multan,356.0,Email
ORD_02051,CUST_0027,PROD_049,Premium Widget 049,Books,2,319.72,555.66,2025-03-13,Multan,83.77,Email
ORD_02052,CUST_0448,PROD_063,Basic Gadget 063,Beauty,3,280.93,778.33,2023-03-23,Rawalpindi,64.47,Referral
ORD_02052,CUST_0448,PROD_048,Smart Device 048,Clothing,4,289.88,1159.51,2023-03-23,Rawalpindi,0.0,Referral
ORD_02052,CUST_0448,PROD_038,Premium Device 038,Home & Kitchen,4,230.23,920.9,2023-03-23,Rawalpindi,0.0,Referral
ORD_02053,CUST_0251,PROD_009,Pro Widget 009,Electronics,3,165.47,421.48,2024-06-02,Lahore,74.92,Referral
ORD_02053,CUST_0251,PROD_061,Smart Widget 061,Electronics,2,318.78,506.33,2024-06-02,Lahore,131.22,Referral
ORD_02053,CUST_0251,PROD_023,Smart Item 023,Clothing,1,348.78,348.78,2024-06-02,Lahore,0.0,Referral
ORD_02054,CUST_0366,PROD_068,Basic Widget 068,Sports,2,314.59,629.18,2023-08-13,Peshawar,0.0,Email
ORD_02054,CUST_0366,PROD_004,Premium Widget 004,Clothing,1,122.07,114.32,2023-08-13,Peshawar,7.75,Email
ORD_02054,CUST_0366,PROD_018,Pro Widget 018,Sports,1,294.1,294.1,2023-08-13,Peshawar,0.0,Email
ORD_02054,CUST_0366,PROD_066,Elite Item 066,Beauty,3,410.77,1232.32,2023-08-13,Peshawar,0.0,Email
ORD_02054,CUST_0366,PROD_059,Pro Tool 059,Clothing,4,363.27,1162.41,2023-08-13,Peshawar,290.65,Email
ORD_02055,CUST_0057,PROD_049,Premium Widget 049,Books,4,256.29,1025.18,2025-01-21,Multan,0.0,Referral
ORD_02055,CUST_0057,PROD_071,Premium Device 071,Electronics,2,440.27,774.38,2025-01-21,Multan,106.16,Referral
ORD_02055,CUST_0057,PROD_040,Basic Widget 040,Clothing,3,429.68,1289.05,2025-01-21,Multan,0.0,Referral
ORD_02055,CUST_0057,PROD_058,Smart Tool 058,Clothing,4,254.19,797.26,2025-01-21,Multan,219.49,Referral
ORD_02056,CUST_0198,PROD_006,Smart Tool 006,Clothing,3,195.66,586.98,2024-02-15,Rawalpindi,0.0,Instagram
ORD_02056,CUST_0198,PROD_044,Smart Tool 044,Clothing,2,481.19,962.39,2024-02-15,Rawalpindi,0.0,Instagram
ORD_02056,CUST_0198,PROD_042,Premium Device 042,Toys,2,59.32,118.64,2024-02-15,Rawalpindi,0.0,Instagram
ORD_02057,CUST_0148,PROD_064,Basic Tool 064,Electronics,2,94.05,188.11,2024-08-09,Faisalabad,0.0,Email
ORD_02057,CUST_0148,PROD_019,Smart Gadget 019,Clothing,4,223.32,855.3,2024-08-09,Faisalabad,37.99,Email
ORD_02057,CUST_0148,PROD_001,Premium Widget 001,Books,4,120.27,428.85,2024-08-09,Faisalabad,52.22,Email
ORD_02057,CUST_0148,PROD_006,Smart Tool 006,Clothing,4,266.05,1064.18,2024-08-09,Faisalabad,0.0,Email
ORD_02057,CUST_0148,PROD_069,Premium Item 069,Electronics,4,38.49,153.97,2024-08-09,Faisalabad,0.0,Email
ORD_02058,CUST_0270,PROD_049,Premium Widget 049,Books,4,273.23,1092.92,2024-03-18,Karachi,0.0,Organic
ORD_02058,CUST_0270,PROD_056,Premium Widget 056,Electronics,2,214.26,428.52,2024-03-18,Karachi,0.0,Organic
ORD_02058,CUST_0270,PROD_012,Elite Widget 012,Sports,3,138.12,414.36,2024-03-18,Karachi,0.0,Organic
ORD_02059,CUST_0279,PROD_031,Smart Widget 031,Books,1,420.79,420.79,2024-12-14,Faisalabad,0.0,Google Ads
ORD_02059,CUST_0279,PROD_015,Pro Widget 015,Toys,3,132.44,397.31,2024-12-14,Faisalabad,0.0,Google Ads
ORD_02060,CUST_0129,PROD_067,Smart Tool 067,Clothing,4,95.62,382.49,2024-05-28,Islamabad,0.0,Facebook
ORD_02060,CUST_0129,PROD_038,Premium Device 038,Home & Kitchen,3,214.85,644.55,2024-05-28,Islamabad,0.0,Facebook
ORD_02060,CUST_0129,PROD_044,Smart Tool 044,Clothing,1,423.58,423.58,2024-05-28,Islamabad,0.0,Facebook
ORD_02060,CUST_0129,PROD_059,Pro Tool 059,Clothing,3,411.57,1040.87,2024-05-28,Islamabad,193.83,Facebook
ORD_02060,CUST_0129,PROD_041,Premium Widget 041,Books,1,291.56,214.61,2024-05-28,Islamabad,76.95,Facebook
ORD_02061,CUST_0103,PROD_012,Elite Widget 012,Sports,2,143.1,204.18,2024-10-27,Rawalpindi,82.02,Referral
ORD_02061,CUST_0103,PROD_080,Smart Widget 080,Electronics,4,325.22,1300.86,2024-10-27,Rawalpindi,0.0,Referral
ORD_02061,CUST_0103,PROD_027,Basic Gadget 027,Sports,3,273.03,711.63,2024-10-27,Rawalpindi,107.47,Referral
ORD_02061,CUST_0103,PROD_033,Premium Item 033,Beauty,1,86.24,86.24,2024-10-27,Rawalpindi,0.0,Referral
ORD_02061,CUST_0103,PROD_019,Smart Gadget 019,Clothing,3,278.57,835.7,2024-10-27,Rawalpindi,0.0,Referral
ORD_02062,CUST_0024,PROD_075,Smart Widget 075,Beauty,1,368.63,320.84,2024-12-10,Faisalabad,47.79,Email
ORD_02063,CUST_0136,PROD_061,Smart Widget 061,Electronics,4,356.4,1425.6,2025-05-31,Faisalabad,0.0,Facebook
ORD_02063,CUST_0136,PROD_026,Smart Tool 026,Sports,4,230.54,773.67,2025-05-31,Faisalabad,148.47,Facebook
ORD_02063,CUST_0136,PROD_018,Pro Widget 018,Sports,4,324.38,1297.51,2025-05-31,Faisalabad,0.0,Facebook
ORD_02063,CUST_0136,PROD_015,Pro Widget 015,Toys,4,147.2,588.81,2025-05-31,Faisalabad,0.0,Facebook
ORD_02064,CUST_0223,PROD_007,Pro Widget 007,Toys,1,455.48,455.48,2024-05-07,Multan,0.0,Email
ORD_02064,CUST_0223,PROD_064,Basic Tool 064,Electronics,1,94.54,94.54,2024-05-07,Multan,0.0,Email
ORD_02064,CUST_0223,PROD_080,Smart Widget 080,Electronics,3,312.38,694.28,2024-05-07,Multan,242.87,Email
ORD_02064,CUST_0223,PROD_002,Basic Gadget 002,Books,2,61.18,116.54,2024-05-07,Multan,5.83,Email
ORD_02064,CUST_0223,PROD_017,Pro Gadget 017,Home & Kitchen,1,204.39,165.33,2024-05-07,Multan,39.06,Email
ORD_02065,CUST_0293,PROD_049,Premium Widget 049,Books,2,360.9,565.21,2023-02-12,Islamabad,156.59,Referral
ORD_02065,CUST_0293,PROD_054,Elite Tool 054,Clothing,2,48.36,96.72,2023-02-12,Islamabad,0.0,Referral
ORD_02065,CUST_0293,PROD_044,Smart Tool 044,Clothing,4,448.06,1665.44,2023-02-12,Islamabad,126.79,Referral
ORD_02066,CUST_0109,PROD_020,Pro Device 020,Clothing,3,302.43,907.29,2024-11-25,Karachi,0.0,Email
ORD_02066,CUST_0109,PROD_017,Pro Gadget 017,Home & Kitchen,3,164.98,494.94,2024-11-25,Karachi,0.0,Email
ORD_02066,CUST_0109,PROD_036,Smart Device 036,Clothing,1,75.89,68.74,2024-11-25,Karachi,7.15,Email
ORD_02067,CUST_0484,PROD_037,Basic Device 037,Toys,1,493.88,484.8,2025-05-25,Peshawar,9.08,Email
ORD_02067,CUST_0484,PROD_037,Basic Device 037,Toys,3,404.63,1195.96,2025-05-25,Peshawar,17.94,Email
ORD_02067,CUST_0484,PROD_036,Smart Device 036,Clothing,3,68.4,168.26,2025-05-25,Peshawar,36.95,Email
ORD_02067,CUST_0484,PROD_032,Smart Item 032,Toys,2,326.08,527.01,2025-05-25,Peshawar,125.15,Email
ORD_02067,CUST_0484,PROD_073,Basic Tool 073,Electronics,4,381.71,1526.85,2025-05-25,Peshawar,0.0,Email
ORD_02068,CUST_0003,PROD_080,Smart Widget 080,Electronics,1,269.95,269.95,2023-11-06,Karachi,0.0,Organic
ORD_02068,CUST_0003,PROD_072,Premium Device 072,Electronics,2,304.8,609.61,2023-11-06,Karachi,0.0,Organic
ORD_02069,CUST_0354,PROD_061,Smart Widget 061,Electronics,2,328.17,656.34,2023-09-05,Peshawar,0.0,Instagram
ORD_02069,CUST_0354,PROD_033,Premium Item 033,Beauty,4,83.92,335.7,2023-09-05,Peshawar,0.0,Instagram
ORD_02070,CUST_0228,PROD_042,Premium Device 042,Toys,3,73.26,219.79,2024-01-01,Lahore,0.0,Facebook
ORD_02070,CUST_0228,PROD_060,Premium Tool 060,Toys,1,376.71,376.71,2024-01-01,Lahore,0.0,Facebook
ORD_02070,CUST_0228,PROD_055,Elite Item 055,Beauty,1,197.87,163.43,2024-01-01,Lahore,34.44,Facebook
ORD_02070,CUST_0228,PROD_074,Smart Gadget 074,Sports,2,314.23,628.46,2024-01-01,Lahore,0.0,Facebook
ORD_02071,CUST_0363,PROD_008,Elite Item 008,Home & Kitchen,1,76.1,76.1,2023-02-22,Karachi,0.0,Facebook
ORD_02071,CUST_0363,PROD_029,Elite Device 029,Electronics,2,204.05,408.1,2023-02-22,Karachi,0.0,Facebook
ORD_02072,CUST_0242,PROD_043,Elite Device 043,Clothing,2,161.79,277.66,2024-09-25,Faisalabad,45.93,Referral
ORD_02072,CUST_0242,PROD_028,Premium Widget 028,Clothing,1,359.52,294.41,2024-09-25,Faisalabad,65.11,Referral
ORD_02072,CUST_0242,PROD_006,Smart Tool 006,Clothing,2,225.5,451.0,2024-09-25,Faisalabad,0.0,Referral
ORD_02072,CUST_0242,PROD_077,Basic Item 077,Clothing,1,120.42,120.42,2024-09-25,Faisalabad,0.0,Referral
ORD_02072,CUST_0242,PROD_077,Basic Item 077,Clothing,2,143.93,260.64,2024-09-25,Faisalabad,27.21,Referral
ORD_02073,CUST_0342,PROD_011,Premium Tool 011,Sports,1,68.92,48.59,2023-03-31,Peshawar,20.33,Google Ads
ORD_02073,CUST_0342,PROD_005,Smart Widget 005,Sports,4,122.74,443.08,2023-03-31,Peshawar,47.9,Google Ads
ORD_02073,CUST_0342,PROD_012,Elite Widget 012,Sports,1,123.16,123.16,2023-03-31,Peshawar,0.0,Google Ads
ORD_02074,CUST_0129,PROD_051,Premium Device 051,Clothing,3,134.15,402.46,2023-07-14,Islamabad,0.0,Google Ads
ORD_02074,CUST_0129,PROD_021,Premium Gadget 021,Toys,4,26.64,106.55,2023-07-14,Islamabad,0.0,Google Ads
ORD_02074,CUST_0129,PROD_021,Premium Gadget 021,Toys,1,27.08,27.08,2023-07-14,Islamabad,0.0,Google Ads
ORD_02074,CUST_0129,PROD_020,Pro Device 020,Clothing,2,403.48,710.61,2023-07-14,Islamabad,96.34,Google Ads
ORD_02075,CUST_0257,PROD_066,Elite Item 066,Beauty,1,400.12,400.12,2023-09-02,Lahore,0.0,Instagram
ORD_02075,CUST_0257,PROD_058,Smart Tool 058,Clothing,3,231.34,694.02,2023-09-02,Lahore,0.0,Instagram
ORD_02075,CUST_0257,PROD_078,Basic Item 078,Beauty,2,144.37,269.85,2023-09-02,Lahore,18.89,Instagram
ORD_02076,CUST_0008,PROD_055,Elite Item 055,Beauty,2,222.78,445.57,2023-02-14,Karachi,0.0,Organic
ORD_02076,CUST_0008,PROD_066,Elite Item 066,Beauty,4,371.76,1487.05,2023-02-14,Karachi,0.0,Organic
ORD_02076,CUST_0008,PROD_058,Smart Tool 058,Clothing,3,197.97,593.9,2023-02-14,Karachi,0.0,Organic
ORD_02076,CUST_0008,PROD_053,Smart Device 053,Beauty,1,128.01,128.01,2023-02-14,Karachi,0.0,Organic
ORD_02076,CUST_0008,PROD_040,Basic Widget 040,Clothing,4,467.38,1869.51,2023-02-14,Karachi,0.0,Organic
ORD_02077,CUST_0141,PROD_029,Elite Device 029,Electronics,2,215.36,385.01,2025-04-02,Multan,45.7,Google Ads
ORD_02077,CUST_0141,PROD_053,Smart Device 053,Beauty,3,151.7,409.46,2025-04-02,Multan,45.63,Google Ads
ORD_02077,CUST_0141,PROD_053,Smart Device 053,Beauty,2,120.44,240.89,2025-04-02,Multan,0.0,Google Ads
ORD_02077,CUST_0141,PROD_064,Basic Tool 064,Electronics,2,83.91,164.4,2025-04-02,Multan,3.42,Google Ads
ORD_02078,CUST_0264,PROD_064,Basic Tool 064,Electronics,4,93.17,372.67,2024-01-11,Peshawar,0.0,Referral
ORD_02079,CUST_0361,PROD_053,Smart Device 053,Beauty,3,143.99,431.98,2025-04-16,Islamabad,0.0,Email
ORD_02079,CUST_0361,PROD_030,Smart Tool 030,Sports,2,130.4,260.81,2025-04-16,Islamabad,0.0,Email
ORD_02079,CUST_0361,PROD_024,Elite Tool 024,Clothing,4,153.03,612.12,2025-04-16,Islamabad,0.0,Email
ORD_02079,CUST_0361,PROD_018,Pro Widget 018,Sports,1,258.03,258.03,2025-04-16,Islamabad,0.0,Email
ORD_02079,CUST_0361,PROD_017,Pro Gadget 017,Home & Kitchen,3,154.08,462.24,2025-04-16,Islamabad,0.0,Email
ORD_02080,CUST_0181,PROD_026,Smart Tool 026,Sports,4,217.33,869.31,2024-05-06,Multan,0.0,Facebook
ORD_02080,CUST_0181,PROD_051,Premium Device 051,Clothing,4,119.8,479.2,2024-05-06,Multan,0.0,Facebook
ORD_02080,CUST_0181,PROD_019,Smart Gadget 019,Clothing,4,218.24,872.96,2024-05-06,Multan,0.0,Facebook
ORD_02080,CUST_0181,PROD_080,Smart Widget 080,Electronics,4,223.81,895.24,2024-05-06,Multan,0.0,Facebook
ORD_02080,CUST_0181,PROD_063,Basic Gadget 063,Beauty,2,216.12,432.23,2024-05-06,Multan,0.0,Facebook
ORD_02081,CUST_0063,PROD_047,Basic Gadget 047,Electronics,2,162.41,306.29,2023-01-17,Peshawar,18.53,Google Ads
ORD_02081,CUST_0063,PROD_020,Pro Device 020,Clothing,2,360.29,720.59,2023-01-17,Peshawar,0.0,Google Ads
ORD_02081,CUST_0063,PROD_012,Elite Widget 012,Sports,3,157.83,394.36,2023-01-17,Peshawar,79.12,Google Ads
ORD_02081,CUST_0063,PROD_004,Premium Widget 004,Clothing,4,139.14,445.09,2023-01-17,Peshawar,111.47,Google Ads
ORD_02081,CUST_0063,PROD_043,Elite Device 043,Clothing,2,145.67,250.45,2023-01-17,Peshawar,40.89,Google Ads
ORD_02082,CUST_0479,PROD_052,Elite Gadget 052,Sports,4,80.43,321.71,2023-08-06,Peshawar,0.0,Instagram
ORD_02082,CUST_0479,PROD_057,Pro Widget 057,Clothing,2,96.01,192.03,2023-08-06,Peshawar,0.0,Instagram
ORD_02082,CUST_0479,PROD_051,Premium Device 051,Clothing,4,152.75,570.31,2023-08-06,Peshawar,40.69,Instagram
ORD_02083,CUST_0476,PROD_040,Basic Widget 040,Clothing,2,443.4,886.79,2024-12-01,Multan,0.0,Email
ORD_02084,CUST_0450,PROD_068,Basic Widget 068,Sports,3,346.11,1038.34,2024-11-29,Multan,0.0,Organic
ORD_02084,CUST_0450,PROD_055,Elite Item 055,Beauty,2,217.43,385.69,2024-11-29,Multan,49.18,Organic
ORD_02084,CUST_0450,PROD_073,Basic Tool 073,Electronics,2,416.83,797.97,2024-11-29,Multan,35.7,Organic
ORD_02085,CUST_0230,PROD_039,Premium Item 039,Toys,4,473.71,1550.5,2025-01-22,Rawalpindi,344.33,Google Ads
ORD_02085,CUST_0230,PROD_022,Pro Tool 022,Home & Kitchen,4,50.25,184.7,2025-01-22,Rawalpindi,16.31,Google Ads
ORD_02086,CUST_0091,PROD_033,Premium Item 033,Beauty,4,84.57,338.27,2023-07-17,Islamabad,0.0,Referral
ORD_02086,CUST_0091,PROD_046,Pro Tool 046,Sports,1,271.68,271.68,2023-07-17,Islamabad,0.0,Referral
ORD_02087,CUST_0374,PROD_007,Pro Widget 007,Toys,4,464.78,1859.13,2025-01-31,Karachi,0.0,Email
ORD_02087,CUST_0374,PROD_065,Premium Tool 065,Home & Kitchen,4,511.83,1620.2,2025-01-31,Karachi,427.11,Email
ORD_02087,CUST_0374,PROD_061,Smart Widget 061,Electronics,2,299.47,598.95,2025-01-31,Karachi,0.0,Email
ORD_02087,CUST_0374,PROD_033,Premium Item 033,Beauty,1,96.39,73.36,2025-01-31,Karachi,23.03,Email
ORD_02088,CUST_0333,PROD_067,Smart Tool 067,Clothing,4,108.06,432.25,2024-11-23,Islamabad,0.0,Organic
ORD_02088,CUST_0333,PROD_012,Elite Widget 012,Sports,2,163.94,327.88,2024-11-23,Islamabad,0.0,Organic
ORD_02088,CUST_0333,PROD_072,Premium Device 072,Electronics,2,367.49,734.98,2024-11-23,Islamabad,0.0,Organic
ORD_02088,CUST_0333,PROD_013,Smart Item 013,Sports,2,106.07,212.15,2024-11-23,Islamabad,0.0,Organic
ORD_02088,CUST_0333,PROD_075,Smart Widget 075,Beauty,2,301.27,602.54,2024-11-23,Islamabad,0.0,Organic
ORD_02089,CUST_0035,PROD_064,Basic Tool 064,Electronics,4,94.39,306.01,2025-04-03,Multan,71.54,Google Ads
ORD_02089,CUST_0035,PROD_079,Premium Widget 079,Beauty,1,262.95,250.51,2025-04-03,Multan,12.44,Google Ads
ORD_02090,CUST_0477,PROD_028,Premium Widget 028,Clothing,1,317.6,317.6,2025-03-29,Karachi,0.0,Instagram
ORD_02091,CUST_0016,PROD_013,Smart Item 013,Sports,3,89.71,269.13,2023-01-07,Lahore,0.0,Email
ORD_02091,CUST_0016,PROD_025,Basic Device 025,Sports,2,156.15,312.3,2023-01-07,Lahore,0.0,Email
ORD_02092,CUST_0390,PROD_038,Premium Device 038,Home & Kitchen,1,258.76,258.76,2024-12-03,Multan,0.0,Organic
ORD_02092,CUST_0390,PROD_022,Pro Tool 022,Home & Kitchen,4,34.72,138.87,2024-12-03,Multan,0.0,Organic
ORD_02093,CUST_0282,PROD_005,Smart Widget 005,Sports,1,93.8,93.8,2024-09-01,Rawalpindi,0.0,Google Ads
ORD_02093,CUST_0282,PROD_003,Smart Widget 003,Sports,2,181.86,310.69,2024-09-01,Rawalpindi,53.03,Google Ads
ORD_02093,CUST_0282,PROD_041,Premium Widget 041,Books,4,288.24,1148.23,2024-09-01,Rawalpindi,4.75,Google Ads
ORD_02093,CUST_0282,PROD_001,Premium Widget 001,Books,1,153.8,119.11,2024-09-01,Rawalpindi,34.69,Google Ads
ORD_02094,CUST_0041,PROD_028,Premium Widget 028,Clothing,2,373.2,627.8,2024-04-19,Peshawar,118.59,Facebook
ORD_02094,CUST_0041,PROD_033,Premium Item 033,Beauty,2,97.45,194.89,2024-04-19,Peshawar,0.0,Facebook
ORD_02094,CUST_0041,PROD_062,Smart Widget 062,Electronics,1,440.3,440.3,2024-04-19,Peshawar,0.0,Facebook
ORD_02094,CUST_0041,PROD_037,Basic Device 037,Toys,4,425.85,1645.37,2024-04-19,Peshawar,58.04,Facebook
ORD_02095,CUST_0500,PROD_071,Premium Device 071,Electronics,4,343.57,1374.29,2024-10-03,Multan,0.0,Referral
ORD_02096,CUST_0273,PROD_007,Pro Widget 007,Toys,1,424.81,331.42,2023-07-10,Peshawar,93.39,Facebook
ORD_02097,CUST_0267,PROD_037,Basic Device 037,Toys,1,402.62,402.62,2023-01-10,Multan,0.0,Google Ads
ORD_02097,CUST_0267,PROD_015,Pro Widget 015,Toys,4,132.31,529.25,2023-01-10,Multan,0.0,Google Ads
ORD_02097,CUST_0267,PROD_048,Smart Device 048,Clothing,2,259.91,434.61,2023-01-10,Multan,85.21,Google Ads
ORD_02097,CUST_0267,PROD_018,Pro Widget 018,Sports,3,280.92,842.76,2023-01-10,Multan,0.0,Google Ads
ORD_02097,CUST_0267,PROD_021,Premium Gadget 021,Toys,3,22.1,48.72,2023-01-10,Multan,17.59,Google Ads
ORD_02098,CUST_0046,PROD_060,Premium Tool 060,Toys,3,471.04,1413.12,2023-08-14,Karachi,0.0,Instagram
ORD_02099,CUST_0489,PROD_064,Basic Tool 064,Electronics,1,76.22,67.05,2025-02-01,Lahore,9.17,Instagram
ORD_02099,CUST_0489,PROD_065,Premium Tool 065,Home & Kitchen,1,392.15,392.15,2025-02-01,Lahore,0.0,Instagram
ORD_02100,CUST_0473,PROD_018,Pro Widget 018,Sports,1,279.97,279.97,2024-04-24,Rawalpindi,0.0,Referral
ORD_02100,CUST_0473,PROD_025,Basic Device 025,Sports,4,159.53,555.37,2024-04-24,Rawalpindi,82.76,Referral
ORD_02100,CUST_0473,PROD_030,Smart Tool 030,Sports,1,115.64,115.64,2024-04-24,Rawalpindi,0.0,Referral
ORD_02100,CUST_0473,PROD_074,Smart Gadget 074,Sports,3,251.13,542.96,2024-04-24,Rawalpindi,210.44,Referral
ORD_02100,CUST_0473,PROD_044,Smart Tool 044,Clothing,2,491.35,982.71,2024-04-24,Rawalpindi,0.0,Referral
ORD_02101,CUST_0485,PROD_010,Pro Item 010,Sports,3,155.22,465.66,2024-11-20,Islamabad,0.0,Google Ads
ORD_02102,CUST_0176,PROD_001,Premium Widget 001,Books,3,144.86,434.59,2023-01-29,Islamabad,0.0,Facebook
ORD_02102,CUST_0176,PROD_038,Premium Device 038,Home & Kitchen,4,292.23,1168.92,2023-01-29,Islamabad,0.0,Facebook
ORD_02102,CUST_0176,PROD_030,Smart Tool 030,Sports,4,133.41,533.66,2023-01-29,Islamabad,0.0,Facebook
ORD_02102,CUST_0176,PROD_079,Premium Widget 079,Beauty,4,257.72,1030.89,2023-01-29,Islamabad,0.0,Facebook
ORD_02103,CUST_0336,PROD_058,Smart Tool 058,Clothing,4,197.01,788.03,2025-01-13,Karachi,0.0,Referral
ORD_02103,CUST_0336,PROD_006,Smart Tool 006,Clothing,3,270.04,810.11,2025-01-13,Karachi,0.0,Referral
ORD_02104,CUST_0168,PROD_021,Premium Gadget 021,Toys,4,22.3,62.93,2025-01-05,Karachi,26.28,Instagram
ORD_02105,CUST_0125,PROD_073,Basic Tool 073,Electronics,1,399.32,290.57,2025-01-12,Faisalabad,108.75,Google Ads
ORD_02105,CUST_0125,PROD_017,Pro Gadget 017,Home & Kitchen,1,173.85,173.85,2025-01-12,Faisalabad,0.0,Google Ads
ORD_02106,CUST_0081,PROD_055,Elite Item 055,Beauty,2,241.03,482.05,2023-03-06,Islamabad,0.0,Organic
ORD_02106,CUST_0081,PROD_010,Pro Item 010,Sports,1,132.02,132.02,2023-03-06,Islamabad,0.0,Organic
ORD_02107,CUST_0022,PROD_061,Smart Widget 061,Electronics,3,376.46,1129.38,2024-02-15,Karachi,0.0,Organic
ORD_02107,CUST_0022,PROD_010,Pro Item 010,Sports,1,137.44,126.25,2024-02-15,Karachi,11.19,Organic
ORD_02107,CUST_0022,PROD_046,Pro Tool 046,Sports,4,237.4,791.17,2024-02-15,Karachi,158.44,Organic
ORD_02108,CUST_0488,PROD_008,Elite Item 008,Home & Kitchen,4,94.39,342.7,2023-07-19,Lahore,34.88,Facebook
ORD_02109,CUST_0153,PROD_067,Smart Tool 067,Clothing,1,106.25,103.07,2024-07-10,Lahore,3.18,Email
ORD_02110,CUST_0386,PROD_053,Smart Device 053,Beauty,4,144.34,577.35,2025-05-14,Peshawar,0.0,Facebook
ORD_02110,CUST_0386,PROD_057,Pro Widget 057,Clothing,4,120.59,482.36,2025-05-14,Peshawar,0.0,Facebook
ORD_02110,CUST_0386,PROD_044,Smart Tool 044,Clothing,2,422.0,843.99,2025-05-14,Peshawar,0.0,Facebook
ORD_02111,CUST_0015,PROD_020,Pro Device 020,Clothing,1,338.53,338.53,2023-04-09,Karachi,0.0,Email
ORD_02111,CUST_0015,PROD_010,Pro Item 010,Sports,4,160.28,641.14,2023-04-09,Karachi,0.0,Email
ORD_02111,CUST_0015,PROD_006,Smart Tool 006,Clothing,2,265.48,442.55,2023-04-09,Karachi,88.42,Email
ORD_02111,CUST_0015,PROD_033,Premium Item 033,Beauty,3,103.5,310.51,2023-04-09,Karachi,0.0,Email
ORD_02112,CUST_0259,PROD_018,Pro Widget 018,Sports,3,367.65,1083.31,2025-06-13,Rawalpindi,19.63,Instagram
ORD_02112,CUST_0259,PROD_046,Pro Tool 046,Sports,2,234.2,468.4,2025-06-13,Rawalpindi,0.0,Instagram
ORD_02113,CUST_0285,PROD_065,Premium Tool 065,Home & Kitchen,4,403.61,1614.43,2024-04-30,Islamabad,0.0,Referral
ORD_02113,CUST_0285,PROD_022,Pro Tool 022,Home & Kitchen,2,37.59,59.38,2024-04-30,Islamabad,15.8,Referral
ORD_02114,CUST_0457,PROD_033,Premium Item 033,Beauty,1,101.3,83.82,2024-12-01,Lahore,17.48,Referral
ORD_02115,CUST_0206,PROD_078,Basic Item 078,Beauty,3,182.46,547.39,2024-11-12,Lahore,0.0,Referral
ORD_02115,CUST_0206,PROD_037,Basic Device 037,Toys,3,394.6,1183.79,2024-11-12,Lahore,0.0,Referral
ORD_02115,CUST_0206,PROD_075,Smart Widget 075,Beauty,2,308.08,469.01,2024-11-12,Lahore,147.15,Referral
ORD_02115,CUST_0206,PROD_045,Basic Item 045,Beauty,2,539.44,899.88,2024-11-12,Lahore,179.01,Referral
ORD_02116,CUST_0284,PROD_020,Pro Device 020,Clothing,4,310.77,919.92,2024-03-02,Rawalpindi,323.14,Google Ads
ORD_02116,CUST_0284,PROD_031,Smart Widget 031,Books,3,420.52,1022.83,2024-03-02,Rawalpindi,238.73,Google Ads
ORD_02116,CUST_0284,PROD_008,Elite Item 008,Home & Kitchen,1,83.11,83.11,2024-03-02,Rawalpindi,0.0,Google Ads
ORD_02116,CUST_0284,PROD_035,Smart Widget 035,Toys,1,267.89,257.19,2024-03-02,Rawalpindi,10.7,Google Ads
ORD_02117,CUST_0192,PROD_044,Smart Tool 044,Clothing,2,553.05,1106.1,2024-02-12,Islamabad,0.0,Referral
ORD_02117,CUST_0192,PROD_052,Elite Gadget 052,Sports,2,83.8,167.6,2024-02-12,Islamabad,0.0,Referral
ORD_02118,CUST_0215,PROD_059,Pro Tool 059,Clothing,1,400.49,400.49,2023-07-06,Lahore,0.0,Facebook
ORD_02118,CUST_0215,PROD_047,Basic Gadget 047,Electronics,1,192.54,138.05,2023-07-06,Lahore,54.49,Facebook
ORD_02119,CUST_0105,PROD_010,Pro Item 010,Sports,1,137.79,137.79,2023-10-05,Lahore,0.0,Organic
ORD_02119,CUST_0105,PROD_074,Smart Gadget 074,Sports,3,276.36,829.09,2023-10-05,Lahore,0.0,Organic
ORD_02119,CUST_0105,PROD_062,Smart Widget 062,Electronics,3,402.07,977.59,2023-10-05,Lahore,228.62,Organic
ORD_02120,CUST_0273,PROD_039,Premium Item 039,Toys,4,362.78,1451.13,2025-01-05,Lahore,0.0,Referral
ORD_02120,CUST_0273,PROD_047,Basic Gadget 047,Electronics,1,151.87,151.87,2025-01-05,Lahore,0.0,Referral
ORD_02120,CUST_0273,PROD_053,Smart Device 053,Beauty,3,142.1,404.1,2025-01-05,Lahore,22.21,Referral
ORD_02121,CUST_0129,PROD_076,Smart Device 076,Home & Kitchen,4,406.89,1627.57,2024-11-07,Islamabad,0.0,Google Ads
ORD_02121,CUST_0129,PROD_027,Basic Gadget 027,Sports,3,223.05,545.03,2024-11-07,Islamabad,124.13,Google Ads
ORD_02121,CUST_0129,PROD_064,Basic Tool 064,Electronics,3,100.27,300.81,2024-11-07,Islamabad,0.0,Google Ads
ORD_02121,CUST_0129,PROD_016,Premium Tool 016,Home & Kitchen,3,208.01,624.04,2024-11-07,Islamabad,0.0,Google Ads
ORD_02122,CUST_0238,PROD_010,Pro Item 010,Sports,2,159.54,319.07,2023-11-20,Islamabad,0.0,Facebook
ORD_02123,CUST_0292,PROD_060,Premium Tool 060,Toys,2,390.6,547.39,2023-07-01,Karachi,233.8,Facebook
ORD_02123,CUST_0292,PROD_004,Premium Widget 004,Clothing,1,106.16,106.16,2023-07-01,Karachi,0.0,Facebook
ORD_02124,CUST_0154,PROD_050,Basic Widget 050,Electronics,2,398.2,560.39,2023-09-02,Faisalabad,236.0,Referral
ORD_02124,CUST_0154,PROD_010,Pro Item 010,Sports,3,146.99,440.96,2023-09-02,Faisalabad,0.0,Referral
ORD_02124,CUST_0154,PROD_054,Elite Tool 054,Clothing,4,47.54,190.18,2023-09-02,Faisalabad,0.0,Referral
ORD_02124,CUST_0154,PROD_077,Basic Item 077,Clothing,4,125.71,502.82,2023-09-02,Faisalabad,0.0,Referral
ORD_02125,CUST_0159,PROD_009,Pro Widget 009,Electronics,4,203.83,806.27,2024-09-13,Peshawar,9.04,Google Ads
ORD_02126,CUST_0174,PROD_057,Pro Widget 057,Clothing,1,97.65,97.65,2023-01-10,Karachi,0.0,Facebook
ORD_02126,CUST_0174,PROD_014,Premium Widget 014,Books,2,112.83,225.67,2023-01-10,Karachi,0.0,Facebook
ORD_02126,CUST_0174,PROD_025,Basic Device 025,Sports,1,134.04,134.04,2023-01-10,Karachi,0.0,Facebook
ORD_02126,CUST_0174,PROD_033,Premium Item 033,Beauty,1,76.55,72.76,2023-01-10,Karachi,3.79,Facebook
ORD_02127,CUST_0476,PROD_066,Elite Item 066,Beauty,2,370.85,741.69,2025-04-10,Faisalabad,0.0,Instagram
ORD_02127,CUST_0476,PROD_023,Smart Item 023,Clothing,1,338.34,311.52,2025-04-10,Faisalabad,26.82,Instagram
ORD_02127,CUST_0476,PROD_079,Premium Widget 079,Beauty,3,269.23,807.68,2025-04-10,Faisalabad,0.0,Instagram
ORD_02127,CUST_0476,PROD_060,Premium Tool 060,Toys,4,477.49,1443.3,2025-04-10,Faisalabad,466.65,Instagram
ORD_02127,CUST_0476,PROD_058,Smart Tool 058,Clothing,3,187.59,453.47,2025-04-10,Faisalabad,109.29,Instagram
ORD_02128,CUST_0147,PROD_018,Pro Widget 018,Sports,3,307.3,860.27,2023-03-28,Peshawar,61.63,Facebook
ORD_02128,CUST_0147,PROD_063,Basic Gadget 063,Beauty,2,222.84,323.02,2023-03-28,Peshawar,122.65,Facebook
ORD_02128,CUST_0147,PROD_009,Pro Widget 009,Electronics,3,202.34,607.03,2023-03-28,Peshawar,0.0,Facebook
ORD_02129,CUST_0361,PROD_077,Basic Item 077,Clothing,3,137.74,413.21,2025-05-13,Multan,0.0,Email
ORD_02129,CUST_0361,PROD_061,Smart Widget 061,Electronics,4,291.76,995.57,2025-05-13,Multan,171.48,Email
ORD_02129,CUST_0361,PROD_078,Basic Item 078,Beauty,2,171.07,342.14,2025-05-13,Multan,0.0,Email
ORD_02130,CUST_0161,PROD_077,Basic Item 077,Clothing,2,133.98,267.96,2024-05-25,Faisalabad,0.0,Instagram
ORD_02130,CUST_0161,PROD_061,Smart Widget 061,Electronics,3,358.54,1075.61,2024-05-25,Faisalabad,0.0,Instagram
ORD_02130,CUST_0161,PROD_048,Smart Device 048,Clothing,2,310.9,521.91,2024-05-25,Faisalabad,99.89,Instagram
ORD_02130,CUST_0161,PROD_041,Premium Widget 041,Books,1,275.13,256.16,2024-05-25,Faisalabad,18.97,Instagram
ORD_02131,CUST_0029,PROD_004,Premium Widget 004,Clothing,2,125.52,203.4,2023-08-31,Peshawar,47.65,Instagram
ORD_02131,CUST_0029,PROD_080,Smart Widget 080,Electronics,4,265.3,1061.18,2023-08-31,Peshawar,0.0,Instagram
ORD_02131,CUST_0029,PROD_080,Smart Widget 080,Electronics,4,241.88,967.53,2023-08-31,Peshawar,0.0,Instagram
ORD_02132,CUST_0240,PROD_011,Premium Tool 011,Sports,2,59.41,118.81,2024-02-07,Rawalpindi,0.0,Facebook
ORD_02133,CUST_0149,PROD_018,Pro Widget 018,Sports,4,296.84,861.47,2023-05-13,Lahore,325.88,Referral
ORD_02133,CUST_0149,PROD_068,Basic Widget 068,Sports,1,426.3,426.3,2023-05-13,Lahore,0.0,Referral
ORD_02133,CUST_0149,PROD_036,Smart Device 036,Clothing,3,87.69,263.07,2023-05-13,Lahore,0.0,Referral
ORD_02133,CUST_0149,PROD_045,Basic Item 045,Beauty,2,462.12,924.24,2023-05-13,Lahore,0.0,Referral
ORD_02134,CUST_0173,PROD_061,Smart Widget 061,Electronics,4,364.32,1312.65,2023-06-11,Multan,144.64,Google Ads
ORD_02134,CUST_0173,PROD_058,Smart Tool 058,Clothing,4,253.23,777.88,2023-06-11,Multan,235.03,Google Ads
ORD_02134,CUST_0173,PROD_042,Premium Device 042,Toys,4,82.97,331.86,2023-06-11,Multan,0.0,Google Ads
ORD_02135,CUST_0441,PROD_046,Pro Tool 046,Sports,2,215.53,431.06,2023-09-16,Peshawar,0.0,Referral
ORD_02135,CUST_0441,PROD_043,Elite Device 043,Clothing,3,135.37,303.07,2023-09-16,Peshawar,103.03,Referral
ORD_02135,CUST_0441,PROD_007,Pro Widget 007,Toys,1,430.71,330.85,2023-09-16,Peshawar,99.86,Referral
ORD_02135,CUST_0441,PROD_021,Premium Gadget 021,Toys,4,26.65,100.98,2023-09-16,Peshawar,5.6,Referral
ORD_02135,CUST_0441,PROD_036,Smart Device 036,Clothing,4,79.04,316.17,2023-09-16,Peshawar,0.0,Referral
ORD_02136,CUST_0403,PROD_075,Smart Widget 075,Beauty,1,284.58,227.83,2024-10-01,Rawalpindi,56.75,Facebook
ORD_02136,CUST_0403,PROD_044,Smart Tool 044,Clothing,3,379.22,1137.65,2024-10-01,Rawalpindi,0.0,Facebook
ORD_02136,CUST_0403,PROD_072,Premium Device 072,Electronics,3,376.24,1128.73,2024-10-01,Rawalpindi,0.0,Facebook
ORD_02136,CUST_0403,PROD_011,Premium Tool 011,Sports,2,64.98,129.96,2024-10-01,Rawalpindi,0.0,Facebook
ORD_02137,CUST_0379,PROD_070,Elite Device 070,Toys,3,223.68,535.01,2023-11-24,Islamabad,136.03,Google Ads
ORD_02137,CUST_0379,PROD_078,Basic Item 078,Beauty,4,156.69,626.76,2023-11-24,Islamabad,0.0,Google Ads
ORD_02137,CUST_0379,PROD_021,Premium Gadget 021,Toys,3,24.88,74.63,2023-11-24,Islamabad,0.0,Google Ads
ORD_02137,CUST_0379,PROD_056,Premium Widget 056,Electronics,2,167.63,335.26,2023-11-24,Islamabad,0.0,Google Ads
ORD_02138,CUST_0182,PROD_027,Basic Gadget 027,Sports,3,290.61,871.84,2023-05-25,Rawalpindi,0.0,Google Ads
ORD_02139,CUST_0270,PROD_025,Basic Device 025,Sports,4,118.98,475.92,2024-09-05,Faisalabad,0.0,Instagram
ORD_02139,CUST_0270,PROD_049,Premium Widget 049,Books,3,382.65,1083.01,2024-09-05,Faisalabad,64.95,Instagram
ORD_02139,CUST_0270,PROD_028,Premium Widget 028,Clothing,1,290.38,236.98,2024-09-05,Faisalabad,53.4,Instagram
ORD_02139,CUST_0270,PROD_062,Smart Widget 062,Electronics,1,520.42,512.88,2024-09-05,Faisalabad,7.54,Instagram
ORD_02140,CUST_0126,PROD_048,Smart Device 048,Clothing,3,272.25,816.75,2023-07-27,Karachi,0.0,Email
ORD_02140,CUST_0126,PROD_039,Premium Item 039,Toys,2,392.29,683.4,2023-07-27,Karachi,101.18,Email
ORD_02141,CUST_0341,PROD_026,Smart Tool 026,Sports,1,182.88,153.24,2023-07-05,Multan,29.64,Email
ORD_02142,CUST_0375,PROD_031,Smart Widget 031,Books,4,361.05,1040.48,2023-06-12,Karachi,403.71,Email
ORD_02143,CUST_0256,PROD_054,Elite Tool 054,Clothing,3,62.18,186.55,2024-04-13,Rawalpindi,0.0,Google Ads
ORD_02143,CUST_0256,PROD_040,Basic Widget 040,Clothing,3,413.56,1240.68,2024-04-13,Rawalpindi,0.0,Google Ads
ORD_02143,CUST_0256,PROD_008,Elite Item 008,Home & Kitchen,2,77.57,149.98,2024-04-13,Rawalpindi,5.16,Google Ads
ORD_02143,CUST_0256,PROD_043,Elite Device 043,Clothing,3,123.21,289.58,2024-04-13,Rawalpindi,80.05,Google Ads
ORD_02144,CUST_0056,PROD_027,Basic Gadget 027,Sports,3,238.87,716.62,2023-02-21,Rawalpindi,0.0,Email
ORD_02144,CUST_0056,PROD_007,Pro Widget 007,Toys,2,355.0,709.99,2023-02-21,Rawalpindi,0.0,Email
ORD_02145,CUST_0335,PROD_009,Pro Widget 009,Electronics,3,233.34,700.01,2025-06-18,Lahore,0.0,Facebook
ORD_02146,CUST_0173,PROD_019,Smart Gadget 019,Clothing,4,212.9,851.59,2025-02-03,Rawalpindi,0.0,Organic
ORD_02147,CUST_0410,PROD_057,Pro Widget 057,Clothing,3,112.91,338.73,2025-03-25,Karachi,0.0,Instagram
ORD_02147,CUST_0410,PROD_016,Premium Tool 016,Home & Kitchen,3,214.13,642.38,2025-03-25,Karachi,0.0,Instagram
ORD_02147,CUST_0410,PROD_056,Premium Widget 056,Electronics,2,174.73,246.86,2025-03-25,Karachi,102.59,Instagram
ORD_02147,CUST_0410,PROD_037,Basic Device 037,Toys,2,505.37,1010.75,2025-03-25,Karachi,0.0,Instagram
ORD_02148,CUST_0070,PROD_007,Pro Widget 007,Toys,2,418.31,836.62,2024-04-09,Rawalpindi,0.0,Google Ads
ORD_02148,CUST_0070,PROD_073,Basic Tool 073,Electronics,3,532.67,1432.68,2024-04-09,Rawalpindi,165.33,Google Ads
ORD_02148,CUST_0070,PROD_005,Smart Widget 005,Sports,2,95.78,136.52,2024-04-09,Rawalpindi,55.04,Google Ads
ORD_02148,CUST_0070,PROD_065,Premium Tool 065,Home & Kitchen,2,455.44,866.95,2024-04-09,Rawalpindi,43.94,Google Ads
ORD_02148,CUST_0070,PROD_070,Elite Device 070,Toys,2,274.25,548.5,2024-04-09,Rawalpindi,0.0,Google Ads
ORD_02149,CUST_0393,PROD_076,Smart Device 076,Home & Kitchen,3,529.82,1589.45,2024-07-26,Karachi,0.0,Email
ORD_02149,CUST_0393,PROD_011,Premium Tool 011,Sports,4,76.25,304.99,2024-07-26,Karachi,0.0,Email
ORD_02149,CUST_0393,PROD_075,Smart Widget 075,Beauty,1,365.21,334.94,2024-07-26,Karachi,30.27,Email
ORD_02149,CUST_0393,PROD_051,Premium Device 051,Clothing,3,175.65,526.95,2024-07-26,Karachi,0.0,Email
ORD_02149,CUST_0393,PROD_042,Premium Device 042,Toys,2,64.12,128.24,2024-07-26,Karachi,0.0,Email
ORD_02150,CUST_0016,PROD_039,Premium Item 039,Toys,2,482.86,752.09,2023-09-22,Islamabad,213.64,Google Ads
ORD_02151,CUST_0193,PROD_033,Premium Item 033,Beauty,4,101.17,343.72,2024-05-22,Islamabad,60.96,Facebook
ORD_02151,CUST_0193,PROD_061,Smart Widget 061,Electronics,4,342.62,1370.46,2024-05-22,Islamabad,0.0,Facebook
ORD_02151,CUST_0193,PROD_006,Smart Tool 006,Clothing,1,266.31,266.31,2024-05-22,Islamabad,0.0,Facebook
ORD_02151,CUST_0193,PROD_058,Smart Tool 058,Clothing,1,238.27,184.41,2024-05-22,Islamabad,53.86,Facebook
ORD_02151,CUST_0193,PROD_055,Elite Item 055,Beauty,4,181.27,650.31,2024-05-22,Islamabad,74.76,Facebook
ORD_02152,CUST_0023,PROD_004,Premium Widget 004,Clothing,1,138.75,138.75,2025-01-30,Faisalabad,0.0,Referral
ORD_02152,CUST_0023,PROD_010,Pro Item 010,Sports,4,138.7,416.89,2025-01-30,Faisalabad,137.92,Referral
ORD_02153,CUST_0254,PROD_006,Smart Tool 006,Clothing,2,193.83,387.66,2023-09-05,Multan,0.0,Instagram
ORD_02153,CUST_0254,PROD_039,Premium Item 039,Toys,1,445.29,445.29,2023-09-05,Multan,0.0,Instagram
ORD_02153,CUST_0254,PROD_017,Pro Gadget 017,Home & Kitchen,1,175.64,175.64,2023-09-05,Multan,0.0,Instagram
ORD_02154,CUST_0247,PROD_037,Basic Device 037,Toys,2,502.19,803.52,2023-11-28,Rawalpindi,200.87,Facebook
ORD_02154,CUST_0247,PROD_026,Smart Tool 026,Sports,2,227.13,387.49,2023-11-28,Rawalpindi,66.76,Facebook
ORD_02155,CUST_0461,PROD_007,Pro Widget 007,Toys,4,470.8,1883.21,2024-05-29,Karachi,0.0,Facebook
ORD_02155,CUST_0461,PROD_066,Elite Item 066,Beauty,1,329.9,319.03,2024-05-29,Karachi,10.87,Facebook
ORD_02155,CUST_0461,PROD_042,Premium Device 042,Toys,3,81.24,237.8,2024-05-29,Karachi,5.92,Facebook
ORD_02156,CUST_0216,PROD_006,Smart Tool 006,Clothing,2,222.8,393.73,2024-02-29,Faisalabad,51.87,Facebook
ORD_02156,CUST_0216,PROD_053,Smart Device 053,Beauty,1,120.89,109.52,2024-02-29,Faisalabad,11.37,Facebook
ORD_02156,CUST_0216,PROD_053,Smart Device 053,Beauty,1,147.84,147.84,2024-02-29,Faisalabad,0.0,Facebook
ORD_02156,CUST_0216,PROD_027,Basic Gadget 027,Sports,3,243.29,729.87,2024-02-29,Faisalabad,0.0,Facebook
ORD_02156,CUST_0216,PROD_017,Pro Gadget 017,Home & Kitchen,3,214.0,543.62,2024-02-29,Faisalabad,98.37,Facebook
ORD_02157,CUST_0192,PROD_076,Smart Device 076,Home & Kitchen,2,389.67,779.34,2024-02-09,Rawalpindi,0.0,Organic
ORD_02157,CUST_0192,PROD_055,Elite Item 055,Beauty,4,240.67,801.53,2024-02-09,Rawalpindi,161.17,Organic
ORD_02157,CUST_0192,PROD_050,Basic Widget 050,Electronics,4,440.44,1761.76,2024-02-09,Rawalpindi,0.0,Organic
ORD_02157,CUST_0192,PROD_074,Smart Gadget 074,Sports,4,330.18,1320.71,2024-02-09,Rawalpindi,0.0,Organic
ORD_02157,CUST_0192,PROD_055,Elite Item 055,Beauty,2,174.1,348.19,2024-02-09,Rawalpindi,0.0,Organic
ORD_02158,CUST_0322,PROD_050,Basic Widget 050,Electronics,2,376.1,752.2,2023-02-22,Multan,0.0,Google Ads
ORD_02158,CUST_0322,PROD_073,Basic Tool 073,Electronics,1,456.66,456.66,2023-02-22,Multan,0.0,Google Ads
ORD_02158,CUST_0322,PROD_001,Premium Widget 001,Books,1,123.58,123.58,2023-02-22,Multan,0.0,Google Ads
ORD_02159,CUST_0301,PROD_050,Basic Widget 050,Electronics,2,512.81,997.78,2025-01-05,Karachi,27.84,Instagram
ORD_02160,CUST_0423,PROD_003,Smart Widget 003,Sports,3,231.25,693.75,2024-05-29,Lahore,0.0,Instagram
ORD_02160,CUST_0423,PROD_050,Basic Widget 050,Electronics,1,417.43,417.43,2024-05-29,Lahore,0.0,Instagram
ORD_02160,CUST_0423,PROD_025,Basic Device 025,Sports,1,133.92,133.92,2024-05-29,Lahore,0.0,Instagram
ORD_02160,CUST_0423,PROD_061,Smart Widget 061,Electronics,2,348.16,696.32,2024-05-29,Lahore,0.0,Instagram
ORD_02161,CUST_0233,PROD_038,Premium Device 038,Home & Kitchen,2,275.99,551.99,2024-01-18,Faisalabad,0.0,Referral
ORD_02161,CUST_0233,PROD_009,Pro Widget 009,Electronics,1,219.64,164.42,2024-01-18,Faisalabad,55.22,Referral
ORD_02161,CUST_0233,PROD_005,Smart Widget 005,Sports,2,122.69,245.38,2024-01-18,Faisalabad,0.0,Referral
ORD_02161,CUST_0233,PROD_027,Basic Gadget 027,Sports,1,223.41,223.41,2024-01-18,Faisalabad,0.0,Referral
ORD_02162,CUST_0393,PROD_039,Premium Item 039,Toys,4,357.82,1376.61,2024-06-20,Multan,54.67,Instagram
ORD_02162,CUST_0393,PROD_030,Smart Tool 030,Sports,3,151.25,453.76,2024-06-20,Multan,0.0,Instagram
ORD_02163,CUST_0286,PROD_070,Elite Device 070,Toys,1,290.44,290.44,2024-06-11,Karachi,0.0,Google Ads
ORD_02163,CUST_0286,PROD_075,Smart Widget 075,Beauty,3,332.85,708.99,2024-06-11,Karachi,289.56,Google Ads
ORD_02164,CUST_0339,PROD_009,Pro Widget 009,Electronics,1,164.29,139.52,2023-03-10,Islamabad,24.77,Google Ads
ORD_02164,CUST_0339,PROD_011,Premium Tool 011,Sports,4,70.72,214.17,2023-03-10,Islamabad,68.7,Google Ads
ORD_02164,CUST_0339,PROD_027,Basic Gadget 027,Sports,4,244.15,976.62,2023-03-10,Islamabad,0.0,Google Ads
ORD_02164,CUST_0339,PROD_051,Premium Device 051,Clothing,3,145.29,435.86,2023-03-10,Islamabad,0.0,Google Ads
ORD_02164,CUST_0339,PROD_032,Smart Item 032,Toys,2,312.94,516.69,2023-03-10,Islamabad,109.19,Google Ads
ORD_02165,CUST_0144,PROD_063,Basic Gadget 063,Beauty,1,269.5,220.89,2023-12-11,Lahore,48.61,Google Ads
ORD_02166,CUST_0016,PROD_028,Premium Widget 028,Clothing,3,334.33,1002.99,2025-05-02,Rawalpindi,0.0,Facebook
ORD_02166,CUST_0016,PROD_014,Premium Widget 014,Books,2,104.89,209.79,2025-05-02,Rawalpindi,0.0,Facebook
ORD_02167,CUST_0176,PROD_054,Elite Tool 054,Clothing,4,63.65,254.61,2023-05-10,Multan,0.0,Facebook
ORD_02167,CUST_0176,PROD_044,Smart Tool 044,Clothing,1,523.46,408.57,2023-05-10,Multan,114.89,Facebook
ORD_02167,CUST_0176,PROD_007,Pro Widget 007,Toys,3,389.11,1167.33,2023-05-10,Multan,0.0,Facebook
ORD_02167,CUST_0176,PROD_008,Elite Item 008,Home & Kitchen,4,96.17,384.66,2023-05-10,Multan,0.0,Facebook
ORD_02168,CUST_0440,PROD_037,Basic Device 037,Toys,3,516.59,1317.08,2025-03-02,Islamabad,232.7,Google Ads
ORD_02168,CUST_0440,PROD_021,Premium Gadget 021,Toys,2,25.81,37.54,2025-03-02,Islamabad,14.08,Google Ads
ORD_02168,CUST_0440,PROD_010,Pro Item 010,Sports,3,118.44,355.33,2025-03-02,Islamabad,0.0,Google Ads
ORD_02168,CUST_0440,PROD_057,Pro Widget 057,Clothing,4,100.29,401.17,2025-03-02,Islamabad,0.0,Google Ads
ORD_02169,CUST_0126,PROD_057,Pro Widget 057,Clothing,4,117.97,471.89,2024-02-14,Rawalpindi,0.0,Facebook
ORD_02170,CUST_0462,PROD_014,Premium Widget 014,Books,3,129.29,322.29,2023-06-20,Multan,65.58,Instagram
ORD_02170,CUST_0462,PROD_004,Premium Widget 004,Clothing,2,127.11,254.22,2023-06-20,Multan,0.0,Instagram
ORD_02171,CUST_0135,PROD_033,Premium Item 033,Beauty,3,86.03,181.69,2024-08-17,Lahore,76.4,Referral
ORD_02171,CUST_0135,PROD_051,Premium Device 051,Clothing,1,159.44,159.44,2024-08-17,Lahore,0.0,Referral
ORD_02171,CUST_0135,PROD_070,Elite Device 070,Toys,4,253.31,1013.23,2024-08-17,Lahore,0.0,Referral
ORD_02172,CUST_0398,PROD_012,Elite Widget 012,Sports,3,159.46,371.49,2025-01-24,Multan,106.89,Email
ORD_02173,CUST_0264,PROD_047,Basic Gadget 047,Electronics,2,167.48,334.97,2023-07-12,Lahore,0.0,Email
ORD_02173,CUST_0264,PROD_015,Pro Widget 015,Toys,3,103.57,307.86,2023-07-12,Lahore,2.86,Email
ORD_02174,CUST_0197,PROD_030,Smart Tool 030,Sports,4,108.38,433.53,2023-04-19,Peshawar,0.0,Facebook
ORD_02174,CUST_0197,PROD_069,Premium Item 069,Electronics,1,41.42,41.42,2023-04-19,Peshawar,0.0,Facebook
ORD_02174,CUST_0197,PROD_001,Premium Widget 001,Books,2,117.49,219.22,2023-04-19,Peshawar,15.76,Facebook
ORD_02174,CUST_0197,PROD_028,Premium Widget 028,Clothing,1,373.77,373.77,2023-04-19,Peshawar,0.0,Facebook
ORD_02174,CUST_0197,PROD_074,Smart Gadget 074,Sports,4,288.78,1155.11,2023-04-19,Peshawar,0.0,Facebook
ORD_02175,CUST_0113,PROD_057,Pro Widget 057,Clothing,2,95.37,190.74,2024-03-29,Karachi,0.0,Google Ads
ORD_02175,CUST_0113,PROD_029,Elite Device 029,Electronics,4,187.55,750.19,2024-03-29,Karachi,0.0,Google Ads
ORD_02176,CUST_0236,PROD_001,Premium Widget 001,Books,3,139.3,356.41,2024-10-17,Faisalabad,61.48,Referral
ORD_02177,CUST_0147,PROD_063,Basic Gadget 063,Beauty,4,201.74,806.95,2025-05-09,Faisalabad,0.0,Instagram
ORD_02177,CUST_0147,PROD_058,Smart Tool 058,Clothing,2,225.48,450.96,2025-05-09,Faisalabad,0.0,Instagram
ORD_02178,CUST_0129,PROD_044,Smart Tool 044,Clothing,3,555.92,1340.64,2025-01-13,Karachi,327.12,Email
ORD_02178,CUST_0129,PROD_064,Basic Tool 064,Electronics,2,98.6,197.2,2025-01-13,Karachi,0.0,Email
ORD_02178,CUST_0129,PROD_046,Pro Tool 046,Sports,4,234.36,937.42,2025-01-13,Karachi,0.0,Email
ORD_02178,CUST_0129,PROD_021,Premium Gadget 021,Toys,3,22.77,68.31,2025-01-13,Karachi,0.0,Email
ORD_02178,CUST_0129,PROD_076,Smart Device 076,Home & Kitchen,2,453.49,872.2,2025-01-13,Karachi,34.77,Email
ORD_02179,CUST_0140,PROD_005,Smart Widget 005,Sports,3,108.1,324.31,2024-05-22,Karachi,0.0,Referral
ORD_02179,CUST_0140,PROD_012,Elite Widget 012,Sports,3,146.66,359.68,2024-05-22,Karachi,80.3,Referral
ORD_02179,CUST_0140,PROD_060,Premium Tool 060,Toys,1,352.71,352.71,2024-05-22,Karachi,0.0,Referral
ORD_02179,CUST_0140,PROD_075,Smart Widget 075,Beauty,1,394.04,340.76,2024-05-22,Karachi,53.28,Referral
ORD_02179,CUST_0140,PROD_067,Smart Tool 067,Clothing,3,93.06,279.18,2024-05-22,Karachi,0.0,Referral
ORD_02180,CUST_0389,PROD_064,Basic Tool 064,Electronics,3,81.39,244.16,2024-12-27,Multan,0.0,Facebook
ORD_02180,CUST_0389,PROD_074,Smart Gadget 074,Sports,2,339.91,673.21,2024-12-27,Multan,6.61,Facebook
ORD_02181,CUST_0310,PROD_074,Smart Gadget 074,Sports,3,355.1,1065.31,2023-10-10,Lahore,0.0,Organic
ORD_02182,CUST_0035,PROD_026,Smart Tool 026,Sports,1,193.38,193.38,2024-06-20,Lahore,0.0,Organic
ORD_02182,CUST_0035,PROD_070,Elite Device 070,Toys,3,286.98,768.35,2024-06-20,Lahore,92.58,Organic
ORD_02183,CUST_0035,PROD_006,Smart Tool 006,Clothing,2,253.65,376.44,2023-04-17,Faisalabad,130.85,Referral
ORD_02184,CUST_0008,PROD_074,Smart Gadget 074,Sports,3,248.65,745.94,2024-08-14,Lahore,0.0,Referral
ORD_02184,CUST_0008,PROD_073,Basic Tool 073,Electronics,4,494.28,1627.39,2024-08-14,Lahore,349.73,Referral
ORD_02184,CUST_0008,PROD_030,Smart Tool 030,Sports,2,119.71,239.41,2024-08-14,Lahore,0.0,Referral
ORD_02185,CUST_0230,PROD_056,Premium Widget 056,Electronics,1,248.22,248.22,2024-11-26,Rawalpindi,0.0,Instagram
ORD_02185,CUST_0230,PROD_022,Pro Tool 022,Home & Kitchen,3,49.16,107.91,2024-11-26,Rawalpindi,39.56,Instagram
ORD_02185,CUST_0230,PROD_040,Basic Widget 040,Clothing,1,466.22,466.22,2024-11-26,Rawalpindi,0.0,Instagram
ORD_02185,CUST_0230,PROD_061,Smart Widget 061,Electronics,2,334.0,668.0,2024-11-26,Rawalpindi,0.0,Instagram
ORD_02186,CUST_0343,PROD_013,Smart Item 013,Sports,2,100.36,200.72,2024-12-17,Karachi,0.0,Email
ORD_02186,CUST_0343,PROD_073,Basic Tool 073,Electronics,2,496.58,749.16,2024-12-17,Karachi,244.0,Email
ORD_02187,CUST_0362,PROD_032,Smart Item 032,Toys,2,373.0,746.0,2023-01-09,Rawalpindi,0.0,Instagram
ORD_02187,CUST_0362,PROD_045,Basic Item 045,Beauty,3,509.41,1528.24,2023-01-09,Rawalpindi,0.0,Instagram
ORD_02188,CUST_0061,PROD_010,Pro Item 010,Sports,4,140.14,560.57,2023-08-16,Peshawar,0.0,Organic
ORD_02188,CUST_0061,PROD_057,Pro Widget 057,Clothing,4,99.97,399.9,2023-08-16,Peshawar,0.0,Organic
ORD_02189,CUST_0037,PROD_072,Premium Device 072,Electronics,2,376.74,740.13,2024-08-30,Multan,13.35,Referral
ORD_02189,CUST_0037,PROD_020,Pro Device 020,Clothing,4,320.53,1282.12,2024-08-30,Multan,0.0,Referral
ORD_02190,CUST_0018,PROD_031,Smart Widget 031,Books,1,320.91,320.91,2024-01-02,Faisalabad,0.0,Google Ads
ORD_02190,CUST_0018,PROD_057,Pro Widget 057,Clothing,4,105.12,420.48,2024-01-02,Faisalabad,0.0,Google Ads
ORD_02190,CUST_0018,PROD_022,Pro Tool 022,Home & Kitchen,3,46.84,140.51,2024-01-02,Faisalabad,0.0,Google Ads
ORD_02190,CUST_0018,PROD_023,Smart Item 023,Clothing,4,307.8,1059.32,2024-01-02,Faisalabad,171.87,Google Ads
ORD_02190,CUST_0018,PROD_025,Basic Device 025,Sports,4,126.63,434.09,2024-01-02,Faisalabad,72.43,Google Ads
ORD_02191,CUST_0133,PROD_040,Basic Widget 040,Clothing,3,392.48,1177.44,2024-12-15,Karachi,0.0,Referral
ORD_02191,CUST_0133,PROD_023,Smart Item 023,Clothing,3,323.66,970.99,2024-12-15,Karachi,0.0,Referral
ORD_02191,CUST_0133,PROD_039,Premium Item 039,Toys,2,483.64,967.29,2024-12-15,Karachi,0.0,Referral
ORD_02192,CUST_0369,PROD_015,Pro Widget 015,Toys,3,146.32,425.38,2024-03-05,Faisalabad,13.57,Organic
ORD_02192,CUST_0369,PROD_015,Pro Widget 015,Toys,3,135.77,407.32,2024-03-05,Faisalabad,0.0,Organic
ORD_02192,CUST_0369,PROD_032,Smart Item 032,Toys,2,329.7,659.4,2024-03-05,Faisalabad,0.0,Organic
ORD_02192,CUST_0369,PROD_041,Premium Widget 041,Books,4,240.98,820.92,2024-03-05,Faisalabad,142.98,Organic
ORD_02192,CUST_0369,PROD_005,Smart Widget 005,Sports,3,88.53,265.6,2024-03-05,Faisalabad,0.0,Organic
ORD_02193,CUST_0444,PROD_070,Elite Device 070,Toys,2,270.68,541.37,2025-05-16,Karachi,0.0,Email
ORD_02193,CUST_0444,PROD_009,Pro Widget 009,Electronics,2,177.26,354.53,2025-05-16,Karachi,0.0,Email
ORD_02193,CUST_0444,PROD_008,Elite Item 008,Home & Kitchen,2,95.12,190.24,2025-05-16,Karachi,0.0,Email
ORD_02193,CUST_0444,PROD_055,Elite Item 055,Beauty,1,190.18,147.59,2025-05-16,Karachi,42.59,Email
ORD_02193,CUST_0444,PROD_045,Basic Item 045,Beauty,4,438.45,1753.81,2025-05-16,Karachi,0.0,Email
ORD_02194,CUST_0106,PROD_032,Smart Item 032,Toys,3,340.1,977.93,2025-03-07,Faisalabad,42.37,Google Ads
ORD_02194,CUST_0106,PROD_042,Premium Device 042,Toys,4,58.83,235.33,2025-03-07,Faisalabad,0.0,Google Ads
ORD_02194,CUST_0106,PROD_044,Smart Tool 044,Clothing,4,530.89,1717.15,2025-03-07,Faisalabad,406.43,Google Ads
ORD_02194,CUST_0106,PROD_052,Elite Gadget 052,Sports,2,75.89,151.78,2025-03-07,Faisalabad,0.0,Google Ads
ORD_02194,CUST_0106,PROD_026,Smart Tool 026,Sports,2,243.69,379.32,2025-03-07,Faisalabad,108.05,Google Ads
ORD_02195,CUST_0465,PROD_015,Pro Widget 015,Toys,4,137.61,436.83,2023-05-29,Karachi,113.62,Instagram
ORD_02195,CUST_0465,PROD_049,Premium Widget 049,Books,4,377.8,1511.2,2023-05-29,Karachi,0.0,Instagram
ORD_02195,CUST_0465,PROD_054,Elite Tool 054,Clothing,2,66.4,107.6,2023-05-29,Karachi,25.2,Instagram
ORD_02195,CUST_0465,PROD_004,Premium Widget 004,Clothing,2,133.15,266.31,2023-05-29,Karachi,0.0,Instagram
ORD_02196,CUST_0143,PROD_024,Elite Tool 024,Clothing,4,141.28,565.11,2024-04-25,Peshawar,0.0,Instagram
ORD_02196,CUST_0143,PROD_025,Basic Device 025,Sports,1,155.2,155.2,2024-04-25,Peshawar,0.0,Instagram
ORD_02196,CUST_0143,PROD_074,Smart Gadget 074,Sports,3,251.93,537.44,2024-04-25,Peshawar,218.35,Instagram
ORD_02196,CUST_0143,PROD_029,Elite Device 029,Electronics,2,199.37,295.02,2024-04-25,Peshawar,103.72,Instagram
ORD_02196,CUST_0143,PROD_051,Premium Device 051,Clothing,2,137.58,254.46,2024-04-25,Peshawar,20.69,Instagram
ORD_02197,CUST_0375,PROD_044,Smart Tool 044,Clothing,3,423.9,1037.87,2023-04-08,Islamabad,233.83,Facebook
ORD_02197,CUST_0375,PROD_041,Premium Widget 041,Books,2,207.0,407.65,2023-04-08,Islamabad,6.35,Facebook
ORD_02197,CUST_0375,PROD_030,Smart Tool 030,Sports,3,127.99,383.96,2023-04-08,Islamabad,0.0,Facebook
ORD_02197,CUST_0375,PROD_021,Premium Gadget 021,Toys,2,25.02,50.04,2023-04-08,Islamabad,0.0,Facebook
ORD_02197,CUST_0375,PROD_039,Premium Item 039,Toys,1,374.25,374.25,2023-04-08,Islamabad,0.0,Facebook
ORD_02198,CUST_0417,PROD_057,Pro Widget 057,Clothing,1,100.83,83.16,2025-02-12,Rawalpindi,17.67,Facebook
ORD_02198,CUST_0417,PROD_056,Premium Widget 056,Electronics,2,173.48,346.97,2025-02-12,Rawalpindi,0.0,Facebook
ORD_02198,CUST_0417,PROD_047,Basic Gadget 047,Electronics,1,177.38,177.38,2025-02-12,Rawalpindi,0.0,Facebook
ORD_02198,CUST_0417,PROD_070,Elite Device 070,Toys,4,314.27,1257.08,2025-02-12,Rawalpindi,0.0,Facebook
ORD_02198,CUST_0417,PROD_038,Premium Device 038,Home & Kitchen,2,229.27,458.54,2025-02-12,Rawalpindi,0.0,Facebook
ORD_02199,CUST_0351,PROD_023,Smart Item 023,Clothing,2,267.61,535.23,2024-11-27,Peshawar,0.0,Email
ORD_02199,CUST_0351,PROD_047,Basic Gadget 047,Electronics,4,152.97,611.89,2024-11-27,Peshawar,0.0,Email
ORD_02199,CUST_0351,PROD_038,Premium Device 038,Home & Kitchen,4,246.11,921.4,2024-11-27,Peshawar,63.04,Email
ORD_02199,CUST_0351,PROD_027,Basic Gadget 027,Sports,1,241.41,241.41,2024-11-27,Peshawar,0.0,Email
ORD_02199,CUST_0351,PROD_071,Premium Device 071,Electronics,3,407.93,1223.79,2024-11-27,Peshawar,0.0,Email
ORD_02200,CUST_0081,PROD_002,Basic Gadget 002,Books,2,70.93,124.61,2025-02-01,Lahore,17.25,Email
ORD_02200,CUST_0081,PROD_078,Basic Item 078,Beauty,1,165.96,126.98,2025-02-01,Lahore,38.98,Email
ORD_02200,CUST_0081,PROD_064,Basic Tool 064,Electronics,3,93.24,243.38,2025-02-01,Lahore,36.35,Email
ORD_02200,CUST_0081,PROD_031,Smart Widget 031,Books,3,414.46,923.17,2025-02-01,Lahore,320.21,Email
ORD_02201,CUST_0349,PROD_013,Smart Item 013,Sports,4,100.55,350.14,2023-02-05,Karachi,52.07,Organic
ORD_02201,CUST_0349,PROD_019,Smart Gadget 019,Clothing,3,223.53,670.6,2023-02-05,Karachi,0.0,Organic
ORD_02202,CUST_0038,PROD_043,Elite Device 043,Clothing,4,146.33,418.28,2023-10-25,Faisalabad,167.05,Referral
ORD_02203,CUST_0078,PROD_014,Premium Widget 014,Books,1,122.23,122.23,2023-06-16,Islamabad,0.0,Organic
ORD_02203,CUST_0078,PROD_011,Premium Tool 011,Sports,1,67.82,59.39,2023-06-16,Islamabad,8.43,Organic
ORD_02203,CUST_0078,PROD_006,Smart Tool 006,Clothing,1,200.9,200.9,2023-06-16,Islamabad,0.0,Organic
ORD_02203,CUST_0078,PROD_001,Premium Widget 001,Books,3,140.06,420.18,2023-06-16,Islamabad,0.0,Organic
ORD_02203,CUST_0078,PROD_014,Premium Widget 014,Books,4,110.08,414.0,2023-06-16,Islamabad,26.32,Organic
ORD_02204,CUST_0425,PROD_049,Premium Widget 049,Books,2,370.51,741.03,2024-10-11,Karachi,0.0,Referral
ORD_02204,CUST_0425,PROD_004,Premium Widget 004,Clothing,4,118.49,473.95,2024-10-11,Karachi,0.0,Referral
ORD_02204,CUST_0425,PROD_070,Elite Device 070,Toys,3,250.73,752.2,2024-10-11,Karachi,0.0,Referral
ORD_02204,CUST_0425,PROD_029,Elite Device 029,Electronics,2,231.04,462.07,2024-10-11,Karachi,0.0,Referral
ORD_02204,CUST_0425,PROD_008,Elite Item 008,Home & Kitchen,2,100.35,200.71,2024-10-11,Karachi,0.0,Referral
ORD_02205,CUST_0460,PROD_045,Basic Item 045,Beauty,3,545.9,1630.82,2023-08-05,Faisalabad,6.87,Google Ads
ORD_02205,CUST_0460,PROD_010,Pro Item 010,Sports,1,147.56,147.56,2023-08-05,Faisalabad,0.0,Google Ads
ORD_02205,CUST_0460,PROD_060,Premium Tool 060,Toys,2,452.2,904.4,2023-08-05,Faisalabad,0.0,Google Ads
ORD_02205,CUST_0460,PROD_022,Pro Tool 022,Home & Kitchen,2,45.17,90.33,2023-08-05,Faisalabad,0.0,Google Ads
ORD_02205,CUST_0460,PROD_045,Basic Item 045,Beauty,1,565.4,565.4,2023-08-05,Faisalabad,0.0,Google Ads
ORD_02206,CUST_0049,PROD_029,Elite Device 029,Electronics,2,220.47,440.95,2023-09-16,Islamabad,0.0,Google Ads
ORD_02206,CUST_0049,PROD_011,Premium Tool 011,Sports,3,69.88,187.2,2023-09-16,Islamabad,22.44,Google Ads
ORD_02206,CUST_0049,PROD_009,Pro Widget 009,Electronics,2,201.1,335.54,2023-09-16,Islamabad,66.65,Google Ads
ORD_02206,CUST_0049,PROD_022,Pro Tool 022,Home & Kitchen,3,46.74,140.21,2023-09-16,Islamabad,0.0,Google Ads
ORD_02206,CUST_0049,PROD_021,Premium Gadget 021,Toys,1,29.03,29.03,2023-09-16,Islamabad,0.0,Google Ads
ORD_02207,CUST_0491,PROD_024,Elite Tool 024,Clothing,1,140.29,111.67,2024-11-18,Karachi,28.62,Facebook
ORD_02207,CUST_0491,PROD_018,Pro Widget 018,Sports,1,365.42,305.39,2024-11-18,Karachi,60.03,Facebook
ORD_02207,CUST_0491,PROD_016,Premium Tool 016,Home & Kitchen,2,224.47,448.93,2024-11-18,Karachi,0.0,Facebook
ORD_02207,CUST_0491,PROD_043,Elite Device 043,Clothing,1,159.52,136.68,2024-11-18,Karachi,22.84,Facebook
ORD_02207,CUST_0491,PROD_030,Smart Tool 030,Sports,2,121.39,238.17,2024-11-18,Karachi,4.61,Facebook
ORD_02208,CUST_0455,PROD_032,Smart Item 032,Toys,2,306.62,582.26,2024-09-07,Lahore,30.98,Organic
ORD_02208,CUST_0455,PROD_033,Premium Item 033,Beauty,4,98.49,365.64,2024-09-07,Lahore,28.33,Organic
ORD_02208,CUST_0455,PROD_030,Smart Tool 030,Sports,3,122.31,264.37,2024-09-07,Lahore,102.55,Organic
ORD_02209,CUST_0499,PROD_051,Premium Device 051,Clothing,3,132.21,396.63,2024-11-26,Rawalpindi,0.0,Referral
ORD_02209,CUST_0499,PROD_076,Smart Device 076,Home & Kitchen,3,403.3,934.95,2024-11-26,Rawalpindi,274.96,Referral
ORD_02210,CUST_0378,PROD_004,Premium Widget 004,Clothing,4,130.97,478.71,2024-06-21,Lahore,45.18,Google Ads
ORD_02211,CUST_0211,PROD_076,Smart Device 076,Home & Kitchen,1,470.88,423.88,2024-11-02,Peshawar,47.0,Google Ads
ORD_02211,CUST_0211,PROD_008,Elite Item 008,Home & Kitchen,3,101.26,303.77,2024-11-02,Peshawar,0.0,Google Ads
ORD_02212,CUST_0254,PROD_004,Premium Widget 004,Clothing,3,105.05,315.15,2024-11-07,Islamabad,0.0,Email
ORD_02213,CUST_0109,PROD_008,Elite Item 008,Home & Kitchen,1,85.6,85.6,2024-04-22,Lahore,0.0,Organic
ORD_02213,CUST_0109,PROD_061,Smart Widget 061,Electronics,2,338.51,581.23,2024-04-22,Lahore,95.8,Organic
ORD_02213,CUST_0109,PROD_063,Basic Gadget 063,Beauty,3,283.08,849.25,2024-04-22,Lahore,0.0,Organic
ORD_02213,CUST_0109,PROD_026,Smart Tool 026,Sports,3,193.91,581.72,2024-04-22,Lahore,0.0,Organic
ORD_02214,CUST_0456,PROD_043,Elite Device 043,Clothing,4,154.11,616.44,2024-05-31,Faisalabad,0.0,Instagram
ORD_02214,CUST_0456,PROD_036,Smart Device 036,Clothing,4,81.66,283.28,2024-05-31,Faisalabad,43.36,Instagram
ORD_02214,CUST_0456,PROD_029,Elite Device 029,Electronics,4,188.89,755.55,2024-05-31,Faisalabad,0.0,Instagram
ORD_02215,CUST_0150,PROD_019,Smart Gadget 019,Clothing,1,242.03,242.03,2025-05-21,Islamabad,0.0,Organic
ORD_02215,CUST_0150,PROD_025,Basic Device 025,Sports,4,139.67,558.68,2025-05-21,Islamabad,0.0,Organic
ORD_02215,CUST_0150,PROD_020,Pro Device 020,Clothing,3,392.47,1177.41,2025-05-21,Islamabad,0.0,Organic
ORD_02215,CUST_0150,PROD_069,Premium Item 069,Electronics,3,27.72,83.16,2025-05-21,Islamabad,0.0,Organic
ORD_02216,CUST_0127,PROD_003,Smart Widget 003,Sports,2,207.72,374.48,2025-03-03,Karachi,40.95,Instagram
ORD_02216,CUST_0127,PROD_057,Pro Widget 057,Clothing,3,88.61,232.43,2025-03-03,Karachi,33.39,Instagram
ORD_02216,CUST_0127,PROD_038,Premium Device 038,Home & Kitchen,1,221.19,192.83,2025-03-03,Karachi,28.36,Instagram
ORD_02217,CUST_0205,PROD_041,Premium Widget 041,Books,2,224.48,439.93,2024-04-26,Karachi,9.03,Instagram
ORD_02217,CUST_0205,PROD_044,Smart Tool 044,Clothing,2,462.84,882.15,2024-04-26,Karachi,43.53,Instagram
ORD_02217,CUST_0205,PROD_066,Elite Item 066,Beauty,2,387.29,774.57,2024-04-26,Karachi,0.0,Instagram
ORD_02217,CUST_0205,PROD_027,Basic Gadget 027,Sports,3,225.66,676.99,2024-04-26,Karachi,0.0,Instagram
ORD_02217,CUST_0205,PROD_051,Premium Device 051,Clothing,1,147.73,147.73,2024-04-26,Karachi,0.0,Instagram
ORD_02218,CUST_0178,PROD_060,Premium Tool 060,Toys,2,395.82,769.55,2023-07-12,Faisalabad,22.08,Email
ORD_02218,CUST_0178,PROD_033,Premium Item 033,Beauty,4,99.25,397.01,2023-07-12,Faisalabad,0.0,Email
ORD_02219,CUST_0169,PROD_058,Smart Tool 058,Clothing,4,176.58,504.42,2023-10-06,Lahore,201.89,Referral
ORD_02219,CUST_0169,PROD_006,Smart Tool 006,Clothing,4,226.32,905.28,2023-10-06,Lahore,0.0,Referral
ORD_02219,CUST_0169,PROD_040,Basic Widget 040,Clothing,3,497.08,1491.23,2023-10-06,Lahore,0.0,Referral
ORD_02219,CUST_0169,PROD_044,Smart Tool 044,Clothing,4,548.12,2192.48,2023-10-06,Lahore,0.0,Referral
ORD_02220,CUST_0198,PROD_033,Premium Item 033,Beauty,1,82.01,82.01,2023-04-07,Multan,0.0,Google Ads
ORD_02221,CUST_0460,PROD_075,Smart Widget 075,Beauty,1,388.24,388.24,2024-02-16,Peshawar,0.0,Referral
ORD_02221,CUST_0460,PROD_003,Smart Widget 003,Sports,3,243.65,621.98,2024-02-16,Peshawar,108.96,Referral
ORD_02221,CUST_0460,PROD_041,Premium Widget 041,Books,4,260.54,1042.15,2024-02-16,Peshawar,0.0,Referral
ORD_02221,CUST_0460,PROD_028,Premium Widget 028,Clothing,1,314.12,298.9,2024-02-16,Peshawar,15.22,Referral
ORD_02221,CUST_0460,PROD_014,Premium Widget 014,Books,4,129.54,412.86,2024-02-16,Peshawar,105.31,Referral
ORD_02222,CUST_0218,PROD_041,Premium Widget 041,Books,4,216.48,865.92,2024-08-13,Karachi,0.0,Instagram
ORD_02222,CUST_0218,PROD_040,Basic Widget 040,Clothing,1,373.08,373.08,2024-08-13,Karachi,0.0,Instagram
ORD_02222,CUST_0218,PROD_043,Elite Device 043,Clothing,4,167.67,586.27,2024-08-13,Karachi,84.42,Instagram
ORD_02222,CUST_0218,PROD_015,Pro Widget 015,Toys,2,118.36,187.43,2024-08-13,Karachi,49.3,Instagram
ORD_02222,CUST_0218,PROD_071,Premium Device 071,Electronics,1,436.25,436.25,2024-08-13,Karachi,0.0,Instagram
ORD_02223,CUST_0395,PROD_072,Premium Device 072,Electronics,3,396.99,1190.98,2024-08-23,Lahore,0.0,Instagram
ORD_02224,CUST_0296,PROD_052,Elite Gadget 052,Sports,1,78.97,78.97,2024-11-20,Karachi,0.0,Email
ORD_02224,CUST_0296,PROD_045,Basic Item 045,Beauty,3,572.4,1717.19,2024-11-20,Karachi,0.0,Email
ORD_02224,CUST_0296,PROD_030,Smart Tool 030,Sports,1,144.17,144.17,2024-11-20,Karachi,0.0,Email
ORD_02224,CUST_0296,PROD_059,Pro Tool 059,Clothing,4,386.44,1545.77,2024-11-20,Karachi,0.0,Email
ORD_02224,CUST_0296,PROD_048,Smart Device 048,Clothing,4,354.54,1418.16,2024-11-20,Karachi,0.0,Email
ORD_02225,CUST_0421,PROD_033,Premium Item 033,Beauty,3,89.16,259.82,2023-05-07,Peshawar,7.66,Email
ORD_02225,CUST_0421,PROD_040,Basic Widget 040,Clothing,1,353.02,324.24,2023-05-07,Peshawar,28.78,Email
ORD_02225,CUST_0421,PROD_057,Pro Widget 057,Clothing,3,100.15,300.46,2023-05-07,Peshawar,0.0,Email
ORD_02225,CUST_0421,PROD_016,Premium Tool 016,Home & Kitchen,1,253.21,253.21,2023-05-07,Peshawar,0.0,Email
ORD_02226,CUST_0398,PROD_063,Basic Gadget 063,Beauty,2,256.32,512.64,2023-02-11,Peshawar,0.0,Email
ORD_02226,CUST_0398,PROD_021,Premium Gadget 021,Toys,2,28.13,56.26,2023-02-11,Peshawar,0.0,Email
ORD_02226,CUST_0398,PROD_043,Elite Device 043,Clothing,3,120.51,280.99,2023-02-11,Peshawar,80.55,Email
ORD_02226,CUST_0398,PROD_034,Premium Item 034,Sports,4,394.97,1509.17,2023-02-11,Peshawar,70.72,Email
ORD_02227,CUST_0443,PROD_077,Basic Item 077,Clothing,4,150.78,529.33,2024-01-19,Peshawar,73.8,Referral
ORD_02228,CUST_0422,PROD_047,Basic Gadget 047,Electronics,4,199.29,572.36,2025-06-17,Islamabad,224.8,Instagram
ORD_02228,CUST_0422,PROD_032,Smart Item 032,Toys,4,377.19,1128.78,2025-06-17,Islamabad,379.98,Instagram
ORD_02228,CUST_0422,PROD_042,Premium Device 042,Toys,2,85.2,163.09,2025-06-17,Islamabad,7.3,Instagram
ORD_02229,CUST_0332,PROD_064,Basic Tool 064,Electronics,4,76.9,307.61,2025-01-01,Karachi,0.0,Instagram
ORD_02229,CUST_0332,PROD_052,Elite Gadget 052,Sports,1,82.85,82.85,2025-01-01,Karachi,0.0,Instagram
ORD_02229,CUST_0332,PROD_038,Premium Device 038,Home & Kitchen,2,269.44,538.87,2025-01-01,Karachi,0.0,Instagram
ORD_02229,CUST_0332,PROD_021,Premium Gadget 021,Toys,3,24.46,72.36,2025-01-01,Karachi,1.03,Instagram
ORD_02229,CUST_0332,PROD_016,Premium Tool 016,Home & Kitchen,2,269.35,538.7,2025-01-01,Karachi,0.0,Instagram
ORD_02230,CUST_0204,PROD_019,Smart Gadget 019,Clothing,4,262.66,1050.64,2025-05-17,Rawalpindi,0.0,Facebook
ORD_02230,CUST_0204,PROD_015,Pro Widget 015,Toys,2,143.0,285.99,2025-05-17,Rawalpindi,0.0,Facebook
ORD_02230,CUST_0204,PROD_060,Premium Tool 060,Toys,1,421.53,421.53,2025-05-17,Rawalpindi,0.0,Facebook
ORD_02230,CUST_0204,PROD_042,Premium Device 042,Toys,1,69.05,62.93,2025-05-17,Rawalpindi,6.12,Facebook
ORD_02231,CUST_0357,PROD_078,Basic Item 078,Beauty,1,177.3,177.3,2024-04-14,Faisalabad,0.0,Referral
ORD_02231,CUST_0357,PROD_071,Premium Device 071,Electronics,1,424.95,366.07,2024-04-14,Faisalabad,58.88,Referral
ORD_02232,CUST_0070,PROD_005,Smart Widget 005,Sports,2,117.67,235.34,2025-06-04,Peshawar,0.0,Instagram
ORD_02232,CUST_0070,PROD_010,Pro Item 010,Sports,4,147.46,488.16,2025-06-04,Peshawar,101.67,Instagram
ORD_02233,CUST_0164,PROD_062,Smart Widget 062,Electronics,2,433.39,866.77,2024-06-06,Rawalpindi,0.0,Facebook
ORD_02233,CUST_0164,PROD_037,Basic Device 037,Toys,4,518.7,1755.89,2024-06-06,Rawalpindi,318.92,Facebook
ORD_02233,CUST_0164,PROD_006,Smart Tool 006,Clothing,2,224.2,448.41,2024-06-06,Rawalpindi,0.0,Facebook
ORD_02234,CUST_0356,PROD_045,Basic Item 045,Beauty,1,530.09,530.09,2023-04-21,Multan,0.0,Referral
ORD_02234,CUST_0356,PROD_009,Pro Widget 009,Electronics,2,177.12,261.69,2023-04-21,Multan,92.55,Referral
ORD_02234,CUST_0356,PROD_061,Smart Widget 061,Electronics,2,275.98,551.96,2023-04-21,Multan,0.0,Referral
ORD_02235,CUST_0406,PROD_056,Premium Widget 056,Electronics,4,202.23,808.91,2025-02-28,Peshawar,0.0,Referral
ORD_02236,CUST_0166,PROD_023,Smart Item 023,Clothing,3,285.69,827.79,2023-10-21,Islamabad,29.29,Google Ads
ORD_02237,CUST_0442,PROD_043,Elite Device 043,Clothing,2,151.14,256.88,2024-02-26,Islamabad,45.4,Google Ads
ORD_02237,CUST_0442,PROD_056,Premium Widget 056,Electronics,1,204.49,182.06,2024-02-26,Islamabad,22.43,Google Ads
ORD_02237,CUST_0442,PROD_009,Pro Widget 009,Electronics,2,233.51,467.02,2024-02-26,Islamabad,0.0,Google Ads
ORD_02237,CUST_0442,PROD_043,Elite Device 043,Clothing,4,124.46,497.83,2024-02-26,Islamabad,0.0,Google Ads
ORD_02237,CUST_0442,PROD_049,Premium Widget 049,Books,4,364.86,1059.87,2024-02-26,Islamabad,399.57,Google Ads
ORD_02238,CUST_0287,PROD_048,Smart Device 048,Clothing,2,287.45,574.9,2024-01-30,Islamabad,0.0,Facebook
ORD_02238,CUST_0287,PROD_004,Premium Widget 004,Clothing,4,99.75,319.34,2024-01-30,Islamabad,79.67,Facebook
ORD_02238,CUST_0287,PROD_064,Basic Tool 064,Electronics,1,85.74,69.72,2024-01-30,Islamabad,16.02,Facebook
ORD_02239,CUST_0192,PROD_064,Basic Tool 064,Electronics,3,83.03,249.08,2023-02-06,Rawalpindi,0.0,Email
ORD_02239,CUST_0192,PROD_025,Basic Device 025,Sports,3,162.51,487.54,2023-02-06,Rawalpindi,0.0,Email
ORD_02239,CUST_0192,PROD_070,Elite Device 070,Toys,4,287.09,1038.83,2023-02-06,Rawalpindi,109.54,Email
ORD_02239,CUST_0192,PROD_051,Premium Device 051,Clothing,2,168.37,336.75,2023-02-06,Rawalpindi,0.0,Email
ORD_02239,CUST_0192,PROD_056,Premium Widget 056,Electronics,1,168.73,151.79,2023-02-06,Rawalpindi,16.94,Email
ORD_02240,CUST_0178,PROD_076,Smart Device 076,Home & Kitchen,4,504.47,2017.9,2023-03-06,Karachi,0.0,Instagram
ORD_02240,CUST_0178,PROD_075,Smart Widget 075,Beauty,2,328.74,657.48,2023-03-06,Karachi,0.0,Instagram
ORD_02240,CUST_0178,PROD_076,Smart Device 076,Home & Kitchen,3,415.2,1181.07,2023-03-06,Karachi,64.52,Instagram
ORD_02241,CUST_0411,PROD_043,Elite Device 043,Clothing,1,149.34,127.27,2023-07-22,Peshawar,22.07,Facebook
ORD_02241,CUST_0411,PROD_021,Premium Gadget 021,Toys,1,22.62,22.62,2023-07-22,Peshawar,0.0,Facebook
ORD_02241,CUST_0411,PROD_012,Elite Widget 012,Sports,4,139.97,559.87,2023-07-22,Peshawar,0.0,Facebook
ORD_02242,CUST_0164,PROD_032,Smart Item 032,Toys,2,364.57,729.13,2023-06-02,Peshawar,0.0,Facebook
ORD_02242,CUST_0164,PROD_034,Premium Item 034,Sports,4,312.69,1215.19,2023-06-02,Peshawar,35.56,Facebook
ORD_02242,CUST_0164,PROD_001,Premium Widget 001,Books,1,131.43,124.81,2023-06-02,Peshawar,6.62,Facebook
ORD_02242,CUST_0164,PROD_057,Pro Widget 057,Clothing,1,108.68,108.68,2023-06-02,Peshawar,0.0,Facebook
ORD_02243,CUST_0023,PROD_033,Premium Item 033,Beauty,2,85.66,155.8,2025-03-03,Faisalabad,15.52,Referral
ORD_02243,CUST_0023,PROD_016,Premium Tool 016,Home & Kitchen,2,268.78,537.56,2025-03-03,Faisalabad,0.0,Referral
ORD_02243,CUST_0023,PROD_063,Basic Gadget 063,Beauty,2,199.19,398.38,2025-03-03,Faisalabad,0.0,Referral
ORD_02243,CUST_0023,PROD_003,Smart Widget 003,Sports,3,218.04,534.8,2025-03-03,Faisalabad,119.32,Referral
ORD_02243,CUST_0023,PROD_002,Basic Gadget 002,Books,3,68.72,174.74,2025-03-03,Faisalabad,31.41,Referral
ORD_02244,CUST_0280,PROD_028,Premium Widget 028,Clothing,3,344.42,1033.26,2023-05-04,Karachi,0.0,Google Ads
ORD_02244,CUST_0280,PROD_005,Smart Widget 005,Sports,1,115.8,104.02,2023-05-04,Karachi,11.78,Google Ads
ORD_02244,CUST_0280,PROD_029,Elite Device 029,Electronics,3,234.85,704.55,2023-05-04,Karachi,0.0,Google Ads
ORD_02245,CUST_0422,PROD_076,Smart Device 076,Home & Kitchen,1,493.24,378.13,2024-11-04,Peshawar,115.11,Email
ORD_02245,CUST_0422,PROD_009,Pro Widget 009,Electronics,1,189.17,189.17,2024-11-04,Peshawar,0.0,Email
ORD_02245,CUST_0422,PROD_039,Premium Item 039,Toys,4,327.83,1311.32,2024-11-04,Peshawar,0.0,Email
ORD_02245,CUST_0422,PROD_010,Pro Item 010,Sports,2,162.66,236.92,2024-11-04,Peshawar,88.4,Email
ORD_02246,CUST_0493,PROD_019,Smart Gadget 019,Clothing,1,203.31,158.95,2024-04-03,Peshawar,44.36,Facebook
ORD_02246,CUST_0493,PROD_073,Basic Tool 073,Electronics,2,451.87,903.74,2024-04-03,Peshawar,0.0,Facebook
ORD_02246,CUST_0493,PROD_059,Pro Tool 059,Clothing,3,459.88,1055.39,2024-04-03,Peshawar,324.25,Facebook
ORD_02246,CUST_0493,PROD_034,Premium Item 034,Sports,3,398.51,1056.09,2024-04-03,Peshawar,139.45,Facebook
ORD_02247,CUST_0442,PROD_029,Elite Device 029,Electronics,1,216.33,216.33,2024-08-15,Karachi,0.0,Google Ads
ORD_02247,CUST_0442,PROD_056,Premium Widget 056,Electronics,3,200.42,511.89,2024-08-15,Karachi,89.37,Google Ads
ORD_02248,CUST_0462,PROD_051,Premium Device 051,Clothing,3,145.92,370.48,2025-06-11,Peshawar,67.28,Instagram
ORD_02249,CUST_0050,PROD_080,Smart Widget 080,Electronics,3,311.65,934.96,2023-08-05,Islamabad,0.0,Email
ORD_02250,CUST_0475,PROD_038,Premium Device 038,Home & Kitchen,1,239.24,239.24,2024-05-28,Multan,0.0,Instagram
ORD_02250,CUST_0475,PROD_068,Basic Widget 068,Sports,4,317.77,915.67,2024-05-28,Multan,355.43,Instagram
ORD_02250,CUST_0475,PROD_042,Premium Device 042,Toys,2,80.05,160.1,2024-05-28,Multan,0.0,Instagram
ORD_02250,CUST_0475,PROD_017,Pro Gadget 017,Home & Kitchen,2,148.96,209.14,2024-05-28,Multan,88.77,Instagram
ORD_02250,CUST_0475,PROD_071,Premium Device 071,Electronics,4,407.6,1630.42,2024-05-28,Multan,0.0,Instagram
ORD_02251,CUST_0096,PROD_073,Basic Tool 073,Electronics,3,530.73,1418.77,2024-02-28,Lahore,173.41,Referral
ORD_02252,CUST_0129,PROD_065,Premium Tool 065,Home & Kitchen,1,498.85,468.91,2023-11-25,Rawalpindi,29.94,Organic
ORD_02252,CUST_0129,PROD_032,Smart Item 032,Toys,3,373.91,1121.74,2023-11-25,Rawalpindi,0.0,Organic
ORD_02252,CUST_0129,PROD_029,Elite Device 029,Electronics,3,180.38,495.8,2023-11-25,Rawalpindi,45.33,Organic
ORD_02252,CUST_0129,PROD_019,Smart Gadget 019,Clothing,4,237.93,951.7,2023-11-25,Rawalpindi,0.0,Organic
ORD_02252,CUST_0129,PROD_070,Elite Device 070,Toys,1,279.93,279.93,2023-11-25,Rawalpindi,0.0,Organic
ORD_02253,CUST_0314,PROD_026,Smart Tool 026,Sports,2,195.05,341.56,2024-01-28,Rawalpindi,48.54,Email
ORD_02253,CUST_0314,PROD_019,Smart Gadget 019,Clothing,4,230.42,921.67,2024-01-28,Rawalpindi,0.0,Email
ORD_02253,CUST_0314,PROD_031,Smart Widget 031,Books,4,368.8,1475.19,2024-01-28,Rawalpindi,0.0,Email
ORD_02254,CUST_0090,PROD_016,Premium Tool 016,Home & Kitchen,2,242.67,375.75,2024-04-26,Lahore,109.58,Facebook
ORD_02254,CUST_0090,PROD_045,Basic Item 045,Beauty,3,524.45,1573.34,2024-04-26,Lahore,0.0,Facebook
ORD_02254,CUST_0090,PROD_072,Premium Device 072,Electronics,1,294.63,212.58,2024-04-26,Lahore,82.05,Facebook
ORD_02255,CUST_0436,PROD_012,Elite Widget 012,Sports,4,153.48,609.02,2025-05-14,Faisalabad,4.92,Organic
ORD_02255,CUST_0436,PROD_017,Pro Gadget 017,Home & Kitchen,3,173.98,501.04,2025-05-14,Faisalabad,20.91,Organic
ORD_02256,CUST_0198,PROD_059,Pro Tool 059,Clothing,2,487.08,893.03,2024-11-07,Islamabad,81.12,Facebook
ORD_02256,CUST_0198,PROD_037,Basic Device 037,Toys,2,484.4,968.81,2024-11-07,Islamabad,0.0,Facebook
ORD_02256,CUST_0198,PROD_028,Premium Widget 028,Clothing,2,374.56,721.33,2024-11-07,Islamabad,27.8,Facebook
ORD_02256,CUST_0198,PROD_068,Basic Widget 068,Sports,4,420.6,1194.67,2024-11-07,Islamabad,487.73,Facebook
ORD_02256,CUST_0198,PROD_074,Smart Gadget 074,Sports,1,348.13,348.13,2024-11-07,Islamabad,0.0,Facebook
ORD_02257,CUST_0250,PROD_018,Pro Widget 018,Sports,1,348.43,348.43,2025-02-01,Rawalpindi,0.0,Instagram
ORD_02257,CUST_0250,PROD_008,Elite Item 008,Home & Kitchen,3,69.0,206.99,2025-02-01,Rawalpindi,0.0,Instagram
ORD_02257,CUST_0250,PROD_033,Premium Item 033,Beauty,2,95.96,181.94,2025-02-01,Rawalpindi,9.98,Instagram
ORD_02258,CUST_0010,PROD_058,Smart Tool 058,Clothing,4,235.06,727.86,2025-03-22,Multan,212.38,Email
ORD_02259,CUST_0330,PROD_037,Basic Device 037,Toys,2,394.22,788.43,2023-08-16,Peshawar,0.0,Referral
ORD_02259,CUST_0330,PROD_029,Elite Device 029,Electronics,2,169.47,338.94,2023-08-16,Peshawar,0.0,Referral
ORD_02260,CUST_0454,PROD_024,Elite Tool 024,Clothing,4,137.34,549.36,2025-02-21,Rawalpindi,0.0,Instagram
ORD_02260,CUST_0454,PROD_044,Smart Tool 044,Clothing,1,402.81,402.81,2025-02-21,Rawalpindi,0.0,Instagram
ORD_02260,CUST_0454,PROD_067,Smart Tool 067,Clothing,3,90.14,270.41,2025-02-21,Rawalpindi,0.0,Instagram
ORD_02260,CUST_0454,PROD_037,Basic Device 037,Toys,3,449.42,1348.26,2025-02-21,Rawalpindi,0.0,Instagram
ORD_02261,CUST_0365,PROD_075,Smart Widget 075,Beauty,4,360.21,1440.83,2024-01-23,Faisalabad,0.0,Google Ads
ORD_02261,CUST_0365,PROD_070,Elite Device 070,Toys,3,235.26,545.27,2024-01-23,Faisalabad,160.52,Google Ads
ORD_02262,CUST_0408,PROD_076,Smart Device 076,Home & Kitchen,2,443.39,886.79,2024-11-14,Rawalpindi,0.0,Facebook
ORD_02262,CUST_0408,PROD_077,Basic Item 077,Clothing,3,137.18,411.55,2024-11-14,Rawalpindi,0.0,Facebook
ORD_02262,CUST_0408,PROD_050,Basic Widget 050,Electronics,2,462.69,925.39,2024-11-14,Rawalpindi,0.0,Facebook
ORD_02263,CUST_0175,PROD_007,Pro Widget 007,Toys,2,484.33,878.42,2023-09-05,Multan,90.23,Referral
ORD_02263,CUST_0175,PROD_011,Premium Tool 011,Sports,4,77.21,264.92,2023-09-05,Multan,43.94,Referral
ORD_02264,CUST_0487,PROD_058,Smart Tool 058,Clothing,1,218.44,184.57,2023-10-24,Multan,33.87,Instagram
ORD_02264,CUST_0487,PROD_056,Premium Widget 056,Electronics,2,225.32,440.04,2023-10-24,Multan,10.6,Instagram
ORD_02264,CUST_0487,PROD_029,Elite Device 029,Electronics,3,207.94,623.83,2023-10-24,Multan,0.0,Instagram
ORD_02264,CUST_0487,PROD_042,Premium Device 042,Toys,2,77.47,154.94,2023-10-24,Multan,0.0,Instagram
ORD_02265,CUST_0365,PROD_023,Smart Item 023,Clothing,2,391.15,782.29,2024-07-27,Multan,0.0,Instagram
ORD_02265,CUST_0365,PROD_007,Pro Widget 007,Toys,1,424.08,424.08,2024-07-27,Multan,0.0,Instagram
ORD_02265,CUST_0365,PROD_064,Basic Tool 064,Electronics,4,93.24,372.97,2024-07-27,Multan,0.0,Instagram
ORD_02266,CUST_0346,PROD_049,Premium Widget 049,Books,3,292.69,629.48,2023-07-21,Peshawar,248.58,Email
ORD_02266,CUST_0346,PROD_064,Basic Tool 064,Electronics,4,93.22,310.9,2023-07-21,Peshawar,61.96,Email
ORD_02266,CUST_0346,PROD_020,Pro Device 020,Clothing,2,279.18,558.35,2023-07-21,Peshawar,0.0,Email
ORD_02266,CUST_0346,PROD_016,Premium Tool 016,Home & Kitchen,1,259.01,259.01,2023-07-21,Peshawar,0.0,Email
ORD_02266,CUST_0346,PROD_033,Premium Item 033,Beauty,2,87.66,175.32,2023-07-21,Peshawar,0.0,Email
ORD_02267,CUST_0214,PROD_041,Premium Widget 041,Books,1,230.45,230.45,2024-09-02,Rawalpindi,0.0,Google Ads
ORD_02268,CUST_0175,PROD_006,Smart Tool 006,Clothing,4,225.08,688.41,2023-04-21,Peshawar,211.89,Email
ORD_02268,CUST_0175,PROD_002,Basic Gadget 002,Books,1,48.21,48.21,2023-04-21,Peshawar,0.0,Email
ORD_02268,CUST_0175,PROD_046,Pro Tool 046,Sports,4,268.25,1072.99,2023-04-21,Peshawar,0.0,Email
ORD_02269,CUST_0338,PROD_038,Premium Device 038,Home & Kitchen,4,241.79,929.88,2023-06-28,Peshawar,37.29,Referral
ORD_02269,CUST_0338,PROD_039,Premium Item 039,Toys,2,462.63,829.4,2023-06-28,Peshawar,95.86,Referral
ORD_02269,CUST_0338,PROD_059,Pro Tool 059,Clothing,1,453.64,453.64,2023-06-28,Peshawar,0.0,Referral
ORD_02269,CUST_0338,PROD_043,Elite Device 043,Clothing,1,121.98,121.98,2023-06-28,Peshawar,0.0,Referral
ORD_02270,CUST_0466,PROD_042,Premium Device 042,Toys,2,84.36,168.71,2023-09-20,Peshawar,0.0,Google Ads
ORD_02270,CUST_0466,PROD_058,Smart Tool 058,Clothing,4,216.52,866.08,2023-09-20,Peshawar,0.0,Google Ads
ORD_02271,CUST_0463,PROD_069,Premium Item 069,Electronics,4,32.12,128.47,2025-01-09,Rawalpindi,0.0,Facebook
ORD_02271,CUST_0463,PROD_009,Pro Widget 009,Electronics,1,180.43,156.74,2025-01-09,Rawalpindi,23.69,Facebook
ORD_02272,CUST_0048,PROD_010,Pro Item 010,Sports,2,160.14,320.28,2023-09-20,Rawalpindi,0.0,Instagram
ORD_02273,CUST_0404,PROD_077,Basic Item 077,Clothing,1,139.11,139.11,2024-02-27,Multan,0.0,Email
ORD_02274,CUST_0202,PROD_035,Smart Widget 035,Toys,4,272.3,789.7,2024-02-07,Faisalabad,299.51,Instagram
ORD_02274,CUST_0202,PROD_012,Elite Widget 012,Sports,4,130.29,475.83,2024-02-07,Faisalabad,45.31,Instagram
ORD_02274,CUST_0202,PROD_030,Smart Tool 030,Sports,3,127.33,382.0,2024-02-07,Faisalabad,0.0,Instagram
ORD_02274,CUST_0202,PROD_032,Smart Item 032,Toys,1,287.52,287.52,2024-02-07,Faisalabad,0.0,Instagram
ORD_02275,CUST_0101,PROD_019,Smart Gadget 019,Clothing,3,220.04,660.13,2024-02-01,Islamabad,0.0,Referral
ORD_02275,CUST_0101,PROD_049,Premium Widget 049,Books,4,281.81,966.76,2024-02-01,Islamabad,160.48,Referral
ORD_02275,CUST_0101,PROD_072,Premium Device 072,Electronics,1,374.41,354.66,2024-02-01,Islamabad,19.75,Referral
ORD_02275,CUST_0101,PROD_029,Elite Device 029,Electronics,3,223.29,616.02,2024-02-01,Islamabad,53.86,Referral
ORD_02275,CUST_0101,PROD_054,Elite Tool 054,Clothing,1,49.1,49.1,2024-02-01,Islamabad,0.0,Referral
ORD_02276,CUST_0134,PROD_052,Elite Gadget 052,Sports,2,63.08,126.15,2024-09-16,Lahore,0.0,Referral
ORD_02276,CUST_0134,PROD_023,Smart Item 023,Clothing,4,309.14,1141.71,2024-09-16,Lahore,94.84,Referral
ORD_02276,CUST_0134,PROD_075,Smart Widget 075,Beauty,1,343.15,343.15,2024-09-16,Lahore,0.0,Referral
ORD_02276,CUST_0134,PROD_078,Basic Item 078,Beauty,3,157.89,442.72,2024-09-16,Lahore,30.94,Referral
ORD_02276,CUST_0134,PROD_003,Smart Widget 003,Sports,1,229.91,229.91,2024-09-16,Lahore,0.0,Referral
ORD_02277,CUST_0075,PROD_046,Pro Tool 046,Sports,1,220.95,220.95,2024-12-29,Peshawar,0.0,Organic
ORD_02278,CUST_0262,PROD_065,Premium Tool 065,Home & Kitchen,1,387.97,345.61,2024-04-18,Peshawar,42.36,Facebook
ORD_02279,CUST_0443,PROD_061,Smart Widget 061,Electronics,2,343.31,686.61,2025-02-10,Peshawar,0.0,Referral
ORD_02279,CUST_0443,PROD_021,Premium Gadget 021,Toys,4,30.07,92.67,2025-02-10,Peshawar,27.62,Referral
ORD_02280,CUST_0305,PROD_051,Premium Device 051,Clothing,4,144.15,518.73,2023-11-21,Multan,57.89,Email
ORD_02280,CUST_0305,PROD_039,Premium Item 039,Toys,1,401.14,317.7,2023-11-21,Multan,83.44,Email
ORD_02280,CUST_0305,PROD_078,Basic Item 078,Beauty,4,172.12,668.63,2023-11-21,Multan,19.85,Email
ORD_02280,CUST_0305,PROD_038,Premium Device 038,Home & Kitchen,2,296.71,591.72,2023-11-21,Multan,1.69,Email
ORD_02280,CUST_0305,PROD_017,Pro Gadget 017,Home & Kitchen,2,163.23,316.2,2023-11-21,Multan,10.27,Email
ORD_02281,CUST_0066,PROD_061,Smart Widget 061,Electronics,3,319.1,957.29,2024-02-05,Faisalabad,0.0,Google Ads
ORD_02281,CUST_0066,PROD_032,Smart Item 032,Toys,4,357.49,1306.8,2024-02-05,Faisalabad,123.18,Google Ads
ORD_02281,CUST_0066,PROD_047,Basic Gadget 047,Electronics,4,174.4,542.34,2024-02-05,Faisalabad,155.25,Google Ads
ORD_02281,CUST_0066,PROD_009,Pro Widget 009,Electronics,3,170.49,454.01,2024-02-05,Faisalabad,57.45,Google Ads
ORD_02281,CUST_0066,PROD_076,Smart Device 076,Home & Kitchen,3,523.52,1347.73,2024-02-05,Faisalabad,222.82,Google Ads
ORD_02282,CUST_0342,PROD_021,Premium Gadget 021,Toys,2,22.85,45.7,2024-01-09,Faisalabad,0.0,Email
ORD_02282,CUST_0342,PROD_017,Pro Gadget 017,Home & Kitchen,3,188.23,417.37,2024-01-09,Faisalabad,147.32,Email
ORD_02282,CUST_0342,PROD_056,Premium Widget 056,Electronics,2,166.3,255.99,2024-01-09,Faisalabad,76.61,Email
ORD_02283,CUST_0281,PROD_031,Smart Widget 031,Books,3,428.59,1285.78,2025-03-07,Faisalabad,0.0,Google Ads
ORD_02283,CUST_0281,PROD_057,Pro Widget 057,Clothing,4,87.42,329.34,2025-03-07,Faisalabad,20.34,Google Ads
ORD_02284,CUST_0412,PROD_021,Premium Gadget 021,Toys,4,26.0,104.0,2024-09-04,Islamabad,0.0,Instagram
ORD_02284,CUST_0412,PROD_064,Basic Tool 064,Electronics,3,87.49,237.2,2024-09-04,Islamabad,25.27,Instagram
ORD_02284,CUST_0412,PROD_059,Pro Tool 059,Clothing,2,508.11,1016.22,2024-09-04,Islamabad,0.0,Instagram
ORD_02284,CUST_0412,PROD_002,Basic Gadget 002,Books,1,72.23,56.5,2024-09-04,Islamabad,15.73,Instagram
ORD_02285,CUST_0026,PROD_062,Smart Widget 062,Electronics,3,445.94,1337.83,2024-06-22,Karachi,0.0,Email
ORD_02285,CUST_0026,PROD_045,Basic Item 045,Beauty,1,546.82,546.82,2024-06-22,Karachi,0.0,Email
ORD_02285,CUST_0026,PROD_015,Pro Widget 015,Toys,1,115.14,115.14,2024-06-22,Karachi,0.0,Email
ORD_02285,CUST_0026,PROD_001,Premium Widget 001,Books,4,143.98,575.91,2024-06-22,Karachi,0.0,Email
ORD_02285,CUST_0026,PROD_034,Premium Item 034,Sports,3,383.29,1149.87,2024-06-22,Karachi,0.0,Email
ORD_02286,CUST_0109,PROD_071,Premium Device 071,Electronics,4,406.13,1241.56,2024-04-02,Peshawar,382.97,Referral
ORD_02286,CUST_0109,PROD_038,Premium Device 038,Home & Kitchen,4,275.64,1102.55,2024-04-02,Peshawar,0.0,Referral
ORD_02286,CUST_0109,PROD_029,Elite Device 029,Electronics,2,182.68,365.37,2024-04-02,Peshawar,0.0,Referral
ORD_02286,CUST_0109,PROD_036,Smart Device 036,Clothing,4,100.99,403.95,2024-04-02,Peshawar,0.0,Referral
ORD_02286,CUST_0109,PROD_062,Smart Widget 062,Electronics,2,400.12,634.02,2024-04-02,Peshawar,166.23,Referral
ORD_02287,CUST_0471,PROD_010,Pro Item 010,Sports,3,111.72,335.17,2023-06-24,Karachi,0.0,Email
ORD_02287,CUST_0471,PROD_038,Premium Device 038,Home & Kitchen,2,254.35,471.33,2023-06-24,Karachi,37.37,Email
ORD_02287,CUST_0471,PROD_041,Premium Widget 041,Books,1,230.58,230.58,2023-06-24,Karachi,0.0,Email
ORD_02287,CUST_0471,PROD_077,Basic Item 077,Clothing,3,112.61,337.42,2023-06-24,Karachi,0.4,Email
ORD_02287,CUST_0471,PROD_061,Smart Widget 061,Electronics,2,362.71,725.42,2023-06-24,Karachi,0.0,Email
ORD_02288,CUST_0245,PROD_077,Basic Item 077,Clothing,1,127.24,108.66,2025-06-04,Rawalpindi,18.58,Google Ads
ORD_02288,CUST_0245,PROD_031,Smart Widget 031,Books,4,345.38,1381.51,2025-06-04,Rawalpindi,0.0,Google Ads
ORD_02288,CUST_0245,PROD_041,Premium Widget 041,Books,1,258.71,258.71,2025-06-04,Rawalpindi,0.0,Google Ads
ORD_02288,CUST_0245,PROD_039,Premium Item 039,Toys,4,482.65,1930.61,2025-06-04,Rawalpindi,0.0,Google Ads
ORD_02288,CUST_0245,PROD_056,Premium Widget 056,Electronics,3,182.82,548.46,2025-06-04,Rawalpindi,0.0,Google Ads
ORD_02289,CUST_0271,PROD_039,Premium Item 039,Toys,3,470.68,1220.29,2024-06-23,Faisalabad,191.76,Instagram
ORD_02289,CUST_0271,PROD_032,Smart Item 032,Toys,1,362.93,335.37,2024-06-23,Faisalabad,27.56,Instagram
ORD_02289,CUST_0271,PROD_034,Premium Item 034,Sports,3,453.61,980.05,2024-06-23,Faisalabad,380.77,Instagram
ORD_02290,CUST_0034,PROD_041,Premium Widget 041,Books,2,232.15,464.31,2024-03-21,Peshawar,0.0,Email
ORD_02290,CUST_0034,PROD_062,Smart Widget 062,Electronics,4,422.66,1690.65,2024-03-21,Peshawar,0.0,Email
ORD_02291,CUST_0081,PROD_036,Smart Device 036,Clothing,4,83.0,332.0,2023-03-23,Lahore,0.0,Email
ORD_02291,CUST_0081,PROD_010,Pro Item 010,Sports,1,163.51,122.67,2023-03-23,Lahore,40.84,Email
ORD_02292,CUST_0241,PROD_069,Premium Item 069,Electronics,2,29.41,58.82,2023-12-07,Rawalpindi,0.0,Email
ORD_02292,CUST_0241,PROD_077,Basic Item 077,Clothing,1,147.96,147.96,2023-12-07,Rawalpindi,0.0,Email
ORD_02292,CUST_0241,PROD_008,Elite Item 008,Home & Kitchen,3,89.25,267.76,2023-12-07,Rawalpindi,0.0,Email
ORD_02293,CUST_0180,PROD_049,Premium Widget 049,Books,3,325.69,977.08,2025-01-27,Rawalpindi,0.0,Google Ads
ORD_02294,CUST_0166,PROD_029,Elite Device 029,Electronics,3,182.89,548.67,2025-01-16,Karachi,0.0,Email
ORD_02294,CUST_0166,PROD_053,Smart Device 053,Beauty,2,147.64,253.7,2025-01-16,Karachi,41.58,Email
ORD_02294,CUST_0166,PROD_018,Pro Widget 018,Sports,2,335.28,670.56,2025-01-16,Karachi,0.0,Email
ORD_02294,CUST_0166,PROD_008,Elite Item 008,Home & Kitchen,4,80.53,322.14,2025-01-16,Karachi,0.0,Email
ORD_02294,CUST_0166,PROD_025,Basic Device 025,Sports,3,144.99,434.96,2025-01-16,Karachi,0.0,Email
ORD_02295,CUST_0478,PROD_003,Smart Widget 003,Sports,4,259.87,1039.5,2025-04-20,Multan,0.0,Email
ORD_02295,CUST_0478,PROD_024,Elite Tool 024,Clothing,1,145.07,122.21,2025-04-20,Multan,22.86,Email
ORD_02295,CUST_0478,PROD_072,Premium Device 072,Electronics,4,376.83,1507.32,2025-04-20,Multan,0.0,Email
ORD_02295,CUST_0478,PROD_061,Smart Widget 061,Electronics,2,366.23,516.19,2025-04-20,Multan,216.27,Email
ORD_02295,CUST_0478,PROD_060,Premium Tool 060,Toys,4,388.43,1553.72,2025-04-20,Multan,0.0,Email
ORD_02296,CUST_0241,PROD_066,Elite Item 066,Beauty,2,403.0,706.39,2024-04-11,Faisalabad,99.6,Referral
ORD_02296,CUST_0241,PROD_073,Basic Tool 073,Electronics,4,501.05,1701.61,2024-04-11,Faisalabad,302.58,Referral
ORD_02297,CUST_0167,PROD_038,Premium Device 038,Home & Kitchen,3,298.9,777.34,2023-12-10,Peshawar,119.36,Organic
ORD_02298,CUST_0072,PROD_004,Premium Widget 004,Clothing,1,100.05,100.05,2024-09-07,Lahore,0.0,Email
ORD_02298,CUST_0072,PROD_030,Smart Tool 030,Sports,2,143.3,286.6,2024-09-07,Lahore,0.0,Email
ORD_02298,CUST_0072,PROD_046,Pro Tool 046,Sports,2,226.48,452.96,2024-09-07,Lahore,0.0,Email
ORD_02298,CUST_0072,PROD_038,Premium Device 038,Home & Kitchen,4,223.24,892.96,2024-09-07,Lahore,0.0,Email
ORD_02299,CUST_0156,PROD_055,Elite Item 055,Beauty,4,179.39,717.57,2024-11-17,Multan,0.0,Facebook
ORD_02300,CUST_0164,PROD_057,Pro Widget 057,Clothing,2,94.65,157.87,2023-07-28,Faisalabad,31.44,Referral
ORD_02300,CUST_0164,PROD_076,Smart Device 076,Home & Kitchen,4,499.95,1597.08,2023-07-28,Faisalabad,402.71,Referral
ORD_02300,CUST_0164,PROD_039,Premium Item 039,Toys,1,404.48,311.67,2023-07-28,Faisalabad,92.81,Referral
ORD_02300,CUST_0164,PROD_071,Premium Device 071,Electronics,1,404.02,362.96,2023-07-28,Faisalabad,41.06,Referral
ORD_02300,CUST_0164,PROD_062,Smart Widget 062,Electronics,2,452.3,904.6,2023-07-28,Faisalabad,0.0,Referral
ORD_02301,CUST_0318,PROD_004,Premium Widget 004,Clothing,3,103.27,309.81,2024-01-15,Peshawar,0.0,Instagram
ORD_02302,CUST_0024,PROD_024,Elite Tool 024,Clothing,1,155.42,155.42,2024-02-23,Rawalpindi,0.0,Instagram
ORD_02302,CUST_0024,PROD_041,Premium Widget 041,Books,4,252.86,1011.42,2024-02-23,Rawalpindi,0.0,Instagram
ORD_02302,CUST_0024,PROD_004,Premium Widget 004,Clothing,2,123.18,177.12,2024-02-23,Rawalpindi,69.24,Instagram
ORD_02302,CUST_0024,PROD_029,Elite Device 029,Electronics,4,204.03,627.38,2024-02-23,Rawalpindi,188.75,Instagram
ORD_02302,CUST_0024,PROD_015,Pro Widget 015,Toys,3,147.82,420.75,2024-02-23,Rawalpindi,22.7,Instagram
ORD_02303,CUST_0044,PROD_031,Smart Widget 031,Books,1,417.01,417.01,2023-08-17,Karachi,0.0,Instagram
ORD_02303,CUST_0044,PROD_025,Basic Device 025,Sports,1,156.99,156.99,2023-08-17,Karachi,0.0,Instagram
ORD_02303,CUST_0044,PROD_068,Basic Widget 068,Sports,2,301.35,602.7,2023-08-17,Karachi,0.0,Instagram
ORD_02303,CUST_0044,PROD_065,Premium Tool 065,Home & Kitchen,2,552.66,1105.33,2023-08-17,Karachi,0.0,Instagram
ORD_02304,CUST_0478,PROD_057,Pro Widget 057,Clothing,2,91.37,182.74,2025-02-20,Karachi,0.0,Instagram
ORD_02304,CUST_0478,PROD_044,Smart Tool 044,Clothing,4,380.68,1522.73,2025-02-20,Karachi,0.0,Instagram
ORD_02304,CUST_0478,PROD_062,Smart Widget 062,Electronics,3,555.9,1667.71,2025-02-20,Karachi,0.0,Instagram
ORD_02304,CUST_0478,PROD_046,Pro Tool 046,Sports,4,257.56,797.38,2025-02-20,Karachi,232.86,Instagram
ORD_02304,CUST_0478,PROD_042,Premium Device 042,Toys,3,60.17,180.52,2025-02-20,Karachi,0.0,Instagram
ORD_02305,CUST_0484,PROD_017,Pro Gadget 017,Home & Kitchen,3,219.22,657.66,2025-02-01,Rawalpindi,0.0,Referral
ORD_02305,CUST_0484,PROD_023,Smart Item 023,Clothing,3,356.12,897.48,2025-02-01,Rawalpindi,170.89,Referral
ORD_02305,CUST_0484,PROD_079,Premium Widget 079,Beauty,1,254.74,254.74,2025-02-01,Rawalpindi,0.0,Referral
ORD_02305,CUST_0484,PROD_041,Premium Widget 041,Books,3,250.98,752.94,2025-02-01,Rawalpindi,0.0,Referral
ORD_02306,CUST_0176,PROD_061,Smart Widget 061,Electronics,2,269.77,539.53,2024-05-11,Islamabad,0.0,Facebook
ORD_02306,CUST_0176,PROD_037,Basic Device 037,Toys,1,372.63,372.63,2024-05-11,Islamabad,0.0,Facebook
ORD_02306,CUST_0176,PROD_048,Smart Device 048,Clothing,1,332.85,239.35,2024-05-11,Islamabad,93.5,Facebook
ORD_02306,CUST_0176,PROD_039,Premium Item 039,Toys,2,343.22,686.43,2024-05-11,Islamabad,0.0,Facebook
ORD_02306,CUST_0176,PROD_067,Smart Tool 067,Clothing,1,100.09,96.65,2024-05-11,Islamabad,3.44,Facebook
ORD_02307,CUST_0176,PROD_056,Premium Widget 056,Electronics,1,184.97,184.97,2024-10-12,Multan,0.0,Instagram
ORD_02307,CUST_0176,PROD_036,Smart Device 036,Clothing,4,90.44,361.78,2024-10-12,Multan,0.0,Instagram
ORD_02307,CUST_0176,PROD_006,Smart Tool 006,Clothing,1,264.32,264.32,2024-10-12,Multan,0.0,Instagram
ORD_02308,CUST_0283,PROD_076,Smart Device 076,Home & Kitchen,2,398.77,797.54,2023-11-05,Multan,0.0,Email
ORD_02309,CUST_0208,PROD_005,Smart Widget 005,Sports,4,99.27,322.78,2025-06-14,Faisalabad,74.31,Referral
ORD_02309,CUST_0208,PROD_043,Elite Device 043,Clothing,4,148.22,441.3,2025-06-14,Faisalabad,151.6,Referral
ORD_02309,CUST_0208,PROD_065,Premium Tool 065,Home & Kitchen,1,542.0,542.0,2025-06-14,Faisalabad,0.0,Referral
ORD_02309,CUST_0208,PROD_051,Premium Device 051,Clothing,2,150.11,300.21,2025-06-14,Faisalabad,0.0,Referral
ORD_02309,CUST_0208,PROD_063,Basic Gadget 063,Beauty,2,284.74,569.48,2025-06-14,Faisalabad,0.0,Referral
ORD_02310,CUST_0167,PROD_063,Basic Gadget 063,Beauty,1,250.34,250.34,2025-02-28,Multan,0.0,Organic
ORD_02310,CUST_0167,PROD_045,Basic Item 045,Beauty,1,553.82,409.08,2025-02-28,Multan,144.74,Organic
ORD_02310,CUST_0167,PROD_024,Elite Tool 024,Clothing,3,127.05,291.57,2025-02-28,Multan,89.58,Organic
ORD_02310,CUST_0167,PROD_053,Smart Device 053,Beauty,4,139.52,552.17,2025-02-28,Multan,5.9,Organic
ORD_02310,CUST_0167,PROD_006,Smart Tool 006,Clothing,1,208.01,208.01,2025-02-28,Multan,0.0,Organic
ORD_02311,CUST_0465,PROD_071,Premium Device 071,Electronics,4,426.44,1705.78,2024-12-28,Karachi,0.0,Facebook
ORD_02311,CUST_0465,PROD_041,Premium Widget 041,Books,1,228.45,202.65,2024-12-28,Karachi,25.8,Facebook
ORD_02311,CUST_0465,PROD_057,Pro Widget 057,Clothing,1,106.57,106.57,2024-12-28,Karachi,0.0,Facebook
ORD_02311,CUST_0465,PROD_058,Smart Tool 058,Clothing,2,179.75,256.78,2024-12-28,Karachi,102.72,Facebook
ORD_02311,CUST_0465,PROD_065,Premium Tool 065,Home & Kitchen,1,535.92,381.7,2024-12-28,Karachi,154.22,Facebook
ORD_02312,CUST_0467,PROD_030,Smart Tool 030,Sports,3,126.78,380.35,2024-07-28,Lahore,0.0,Organic
ORD_02313,CUST_0093,PROD_013,Smart Item 013,Sports,4,93.9,375.59,2024-07-16,Islamabad,0.0,Organic
ORD_02314,CUST_0210,PROD_030,Smart Tool 030,Sports,1,114.8,114.8,2024-01-30,Islamabad,0.0,Instagram
ORD_02314,CUST_0210,PROD_054,Elite Tool 054,Clothing,1,47.84,47.84,2024-01-30,Islamabad,0.0,Instagram
ORD_02315,CUST_0257,PROD_075,Smart Widget 075,Beauty,3,388.95,943.21,2024-04-08,Lahore,223.64,Google Ads
ORD_02315,CUST_0257,PROD_040,Basic Widget 040,Clothing,4,401.5,1605.99,2024-04-08,Lahore,0.0,Google Ads
ORD_02315,CUST_0257,PROD_008,Elite Item 008,Home & Kitchen,4,73.07,235.12,2024-04-08,Lahore,57.17,Google Ads
ORD_02315,CUST_0257,PROD_012,Elite Widget 012,Sports,3,170.5,511.5,2024-04-08,Lahore,0.0,Google Ads
ORD_02316,CUST_0218,PROD_011,Premium Tool 011,Sports,3,80.67,209.51,2023-02-07,Lahore,32.51,Instagram
ORD_02316,CUST_0218,PROD_054,Elite Tool 054,Clothing,3,45.81,137.42,2023-02-07,Lahore,0.0,Instagram
ORD_02316,CUST_0218,PROD_014,Premium Widget 014,Books,3,106.36,319.07,2023-02-07,Lahore,0.0,Instagram
ORD_02317,CUST_0496,PROD_019,Smart Gadget 019,Clothing,4,259.08,1036.31,2023-12-20,Multan,0.0,Referral
ORD_02317,CUST_0496,PROD_048,Smart Device 048,Clothing,3,248.97,618.45,2023-12-20,Multan,128.47,Referral
ORD_02317,CUST_0496,PROD_015,Pro Widget 015,Toys,2,145.51,242.33,2023-12-20,Multan,48.69,Referral
ORD_02317,CUST_0496,PROD_033,Premium Item 033,Beauty,4,99.0,395.99,2023-12-20,Multan,0.0,Referral
ORD_02317,CUST_0496,PROD_078,Basic Item 078,Beauty,2,185.42,321.42,2023-12-20,Multan,49.42,Referral
ORD_02318,CUST_0305,PROD_040,Basic Widget 040,Clothing,2,496.0,991.27,2024-02-06,Multan,0.72,Google Ads
ORD_02318,CUST_0305,PROD_063,Basic Gadget 063,Beauty,3,263.82,791.46,2024-02-06,Multan,0.0,Google Ads
ORD_02318,CUST_0305,PROD_056,Premium Widget 056,Electronics,3,235.87,706.9,2024-02-06,Multan,0.72,Google Ads
ORD_02319,CUST_0088,PROD_025,Basic Device 025,Sports,3,119.59,358.77,2024-03-21,Lahore,0.0,Facebook
ORD_02320,CUST_0198,PROD_056,Premium Widget 056,Electronics,2,234.73,469.47,2023-03-30,Lahore,0.0,Google Ads
ORD_02320,CUST_0198,PROD_033,Premium Item 033,Beauty,1,100.21,100.21,2023-03-30,Lahore,0.0,Google Ads
ORD_02320,CUST_0198,PROD_010,Pro Item 010,Sports,1,143.84,143.84,2023-03-30,Lahore,0.0,Google Ads
ORD_02320,CUST_0198,PROD_017,Pro Gadget 017,Home & Kitchen,3,204.16,550.15,2023-03-30,Lahore,62.34,Google Ads
ORD_02320,CUST_0198,PROD_048,Smart Device 048,Clothing,4,346.39,1385.55,2023-03-30,Lahore,0.0,Google Ads
ORD_02321,CUST_0032,PROD_023,Smart Item 023,Clothing,1,323.03,323.03,2024-06-06,Multan,0.0,Email
ORD_02321,CUST_0032,PROD_020,Pro Device 020,Clothing,4,302.37,1209.47,2024-06-06,Multan,0.0,Email
ORD_02321,CUST_0032,PROD_024,Elite Tool 024,Clothing,2,139.16,217.09,2024-06-06,Multan,61.23,Email
ORD_02322,CUST_0128,PROD_058,Smart Tool 058,Clothing,2,194.51,374.4,2023-06-05,Rawalpindi,14.63,Google Ads
ORD_02322,CUST_0128,PROD_058,Smart Tool 058,Clothing,4,211.43,845.72,2023-06-05,Rawalpindi,0.0,Google Ads
ORD_02322,CUST_0128,PROD_079,Premium Widget 079,Beauty,3,366.12,815.0,2023-06-05,Rawalpindi,283.35,Google Ads
ORD_02322,CUST_0128,PROD_075,Smart Widget 075,Beauty,3,366.96,1100.87,2023-06-05,Rawalpindi,0.0,Google Ads
ORD_02323,CUST_0229,PROD_075,Smart Widget 075,Beauty,2,395.29,790.59,2024-10-17,Peshawar,0.0,Facebook
ORD_02323,CUST_0229,PROD_078,Basic Item 078,Beauty,2,183.89,367.78,2024-10-17,Peshawar,0.0,Facebook
ORD_02323,CUST_0229,PROD_063,Basic Gadget 063,Beauty,3,261.57,784.71,2024-10-17,Peshawar,0.0,Facebook
ORD_02323,CUST_0229,PROD_052,Elite Gadget 052,Sports,4,74.97,245.57,2024-10-17,Peshawar,54.3,Facebook
ORD_02324,CUST_0449,PROD_055,Elite Item 055,Beauty,4,223.8,895.21,2023-01-05,Lahore,0.0,Instagram
ORD_02324,CUST_0449,PROD_024,Elite Tool 024,Clothing,1,122.53,122.53,2023-01-05,Lahore,0.0,Instagram
ORD_02324,CUST_0449,PROD_027,Basic Gadget 027,Sports,1,250.17,250.17,2023-01-05,Lahore,0.0,Instagram
ORD_02325,CUST_0175,PROD_071,Premium Device 071,Electronics,2,374.09,748.18,2023-09-07,Karachi,0.0,Google Ads
ORD_02325,CUST_0175,PROD_041,Premium Widget 041,Books,1,249.34,249.34,2023-09-07,Karachi,0.0,Google Ads
ORD_02325,CUST_0175,PROD_052,Elite Gadget 052,Sports,3,76.04,228.13,2023-09-07,Karachi,0.0,Google Ads
ORD_02326,CUST_0128,PROD_016,Premium Tool 016,Home & Kitchen,2,232.24,361.7,2024-03-09,Faisalabad,102.78,Organic
ORD_02326,CUST_0128,PROD_079,Premium Widget 079,Beauty,3,371.59,1114.77,2024-03-09,Faisalabad,0.0,Organic
ORD_02327,CUST_0182,PROD_070,Elite Device 070,Toys,1,255.06,255.06,2023-10-10,Faisalabad,0.0,Instagram
ORD_02327,CUST_0182,PROD_012,Elite Widget 012,Sports,3,158.56,475.69,2023-10-10,Faisalabad,0.0,Instagram
ORD_02328,CUST_0345,PROD_054,Elite Tool 054,Clothing,2,50.28,100.55,2024-01-22,Karachi,0.0,Email
ORD_02328,CUST_0345,PROD_008,Elite Item 008,Home & Kitchen,3,82.64,217.39,2024-01-22,Karachi,30.52,Email
ORD_02328,CUST_0345,PROD_023,Smart Item 023,Clothing,2,306.12,510.81,2024-01-22,Karachi,101.42,Email
ORD_02328,CUST_0345,PROD_078,Basic Item 078,Beauty,2,141.48,254.37,2024-01-22,Karachi,28.6,Email
ORD_02329,CUST_0327,PROD_055,Elite Item 055,Beauty,1,248.89,223.7,2025-03-11,Multan,25.19,Google Ads
ORD_02329,CUST_0327,PROD_054,Elite Tool 054,Clothing,2,46.44,92.88,2025-03-11,Multan,0.0,Google Ads
ORD_02329,CUST_0327,PROD_005,Smart Widget 005,Sports,1,99.83,99.83,2025-03-11,Multan,0.0,Google Ads
ORD_02329,CUST_0327,PROD_079,Premium Widget 079,Beauty,4,367.59,1470.36,2025-03-11,Multan,0.0,Google Ads
ORD_02329,CUST_0327,PROD_018,Pro Widget 018,Sports,1,261.69,224.19,2025-03-11,Multan,37.5,Google Ads
ORD_02330,CUST_0182,PROD_054,Elite Tool 054,Clothing,3,46.09,138.28,2023-07-08,Faisalabad,0.0,Instagram
ORD_02330,CUST_0182,PROD_054,Elite Tool 054,Clothing,1,62.13,62.13,2023-07-08,Faisalabad,0.0,Instagram
ORD_02330,CUST_0182,PROD_021,Premium Gadget 021,Toys,1,23.58,23.58,2023-07-08,Faisalabad,0.0,Instagram
ORD_02330,CUST_0182,PROD_029,Elite Device 029,Electronics,4,237.11,948.43,2023-07-08,Faisalabad,0.0,Instagram
ORD_02331,CUST_0352,PROD_075,Smart Widget 075,Beauty,1,291.59,291.59,2024-04-09,Islamabad,0.0,Google Ads
ORD_02332,CUST_0458,PROD_051,Premium Device 051,Clothing,2,140.46,280.93,2023-06-08,Karachi,0.0,Facebook
ORD_02333,CUST_0004,PROD_064,Basic Tool 064,Electronics,3,91.17,273.5,2024-10-09,Multan,0.0,Facebook
ORD_02333,CUST_0004,PROD_058,Smart Tool 058,Clothing,2,178.85,357.69,2024-10-09,Multan,0.0,Facebook
ORD_02334,CUST_0117,PROD_020,Pro Device 020,Clothing,2,300.26,600.53,2024-06-29,Islamabad,0.0,Google Ads
ORD_02335,CUST_0344,PROD_033,Premium Item 033,Beauty,1,73.92,73.92,2024-11-26,Peshawar,0.0,Facebook
ORD_02335,CUST_0344,PROD_032,Smart Item 032,Toys,3,322.68,883.35,2024-11-26,Peshawar,84.7,Facebook
ORD_02336,CUST_0329,PROD_040,Basic Widget 040,Clothing,3,457.86,1373.57,2023-03-29,Faisalabad,0.0,Instagram
ORD_02336,CUST_0329,PROD_007,Pro Widget 007,Toys,1,400.89,301.05,2023-03-29,Faisalabad,99.84,Instagram
ORD_02336,CUST_0329,PROD_023,Smart Item 023,Clothing,3,364.74,1094.23,2023-03-29,Faisalabad,0.0,Instagram
ORD_02336,CUST_0329,PROD_053,Smart Device 053,Beauty,2,127.94,255.87,2023-03-29,Faisalabad,0.0,Instagram
ORD_02336,CUST_0329,PROD_047,Basic Gadget 047,Electronics,1,160.21,134.06,2023-03-29,Faisalabad,26.15,Instagram
ORD_02337,CUST_0277,PROD_064,Basic Tool 064,Electronics,4,107.69,423.75,2024-05-19,Karachi,7.01,Organic
ORD_02337,CUST_0277,PROD_025,Basic Device 025,Sports,1,135.62,135.62,2024-05-19,Karachi,0.0,Organic
ORD_02337,CUST_0277,PROD_010,Pro Item 010,Sports,2,154.47,243.45,2024-05-19,Karachi,65.49,Organic
ORD_02338,CUST_0002,PROD_015,Pro Widget 015,Toys,3,132.67,398.02,2023-10-17,Lahore,0.0,Google Ads
ORD_02338,CUST_0002,PROD_034,Premium Item 034,Sports,1,324.4,324.4,2023-10-17,Lahore,0.0,Google Ads
ORD_02339,CUST_0208,PROD_026,Smart Tool 026,Sports,2,191.46,382.93,2023-02-01,Faisalabad,0.0,Referral
ORD_02340,CUST_0480,PROD_007,Pro Widget 007,Toys,2,336.39,672.78,2024-03-21,Lahore,0.0,Instagram
ORD_02340,CUST_0480,PROD_036,Smart Device 036,Clothing,2,93.74,187.47,2024-03-21,Lahore,0.0,Instagram
ORD_02341,CUST_0480,PROD_013,Smart Item 013,Sports,3,85.56,256.69,2023-08-21,Karachi,0.0,Instagram
ORD_02341,CUST_0480,PROD_020,Pro Device 020,Clothing,2,290.93,581.87,2023-08-21,Karachi,0.0,Instagram
ORD_02342,CUST_0044,PROD_075,Smart Widget 075,Beauty,3,307.72,853.92,2024-12-08,Karachi,69.25,Email
ORD_02342,CUST_0044,PROD_043,Elite Device 043,Clothing,1,145.68,129.86,2024-12-08,Karachi,15.82,Email
ORD_02342,CUST_0044,PROD_071,Premium Device 071,Electronics,1,443.91,443.15,2024-12-08,Karachi,0.76,Email
ORD_02342,CUST_0044,PROD_043,Elite Device 043,Clothing,4,155.06,576.94,2024-12-08,Karachi,43.31,Email
ORD_02343,CUST_0184,PROD_077,Basic Item 077,Clothing,3,117.0,325.87,2023-06-11,Lahore,25.13,Facebook
ORD_02343,CUST_0184,PROD_024,Elite Tool 024,Clothing,3,117.95,350.86,2023-06-11,Lahore,2.99,Facebook
ORD_02343,CUST_0184,PROD_024,Elite Tool 024,Clothing,4,138.61,554.45,2023-06-11,Lahore,0.0,Facebook
ORD_02343,CUST_0184,PROD_051,Premium Device 051,Clothing,4,136.29,545.15,2023-06-11,Lahore,0.0,Facebook
ORD_02344,CUST_0087,PROD_047,Basic Gadget 047,Electronics,4,171.47,685.86,2023-10-29,Lahore,0.0,Google Ads
ORD_02344,CUST_0087,PROD_039,Premium Item 039,Toys,1,383.79,383.79,2023-10-29,Lahore,0.0,Google Ads
ORD_02344,CUST_0087,PROD_044,Smart Tool 044,Clothing,2,400.26,593.09,2023-10-29,Lahore,207.43,Google Ads
ORD_02344,CUST_0087,PROD_080,Smart Widget 080,Electronics,4,294.67,1055.67,2023-10-29,Lahore,123.01,Google Ads
ORD_02344,CUST_0087,PROD_051,Premium Device 051,Clothing,1,135.67,135.67,2023-10-29,Lahore,0.0,Google Ads
ORD_02345,CUST_0468,PROD_077,Basic Item 077,Clothing,1,134.6,99.8,2024-06-19,Multan,34.8,Email
ORD_02345,CUST_0468,PROD_013,Smart Item 013,Sports,4,123.85,495.39,2024-06-19,Multan,0.0,Email
ORD_02345,CUST_0468,PROD_015,Pro Widget 015,Toys,1,102.57,102.57,2024-06-19,Multan,0.0,Email
ORD_02345,CUST_0468,PROD_034,Premium Item 034,Sports,1,330.8,281.11,2024-06-19,Multan,49.69,Email
ORD_02345,CUST_0468,PROD_047,Basic Gadget 047,Electronics,3,208.41,625.24,2024-06-19,Multan,0.0,Email
ORD_02346,CUST_0039,PROD_061,Smart Widget 061,Electronics,3,275.82,827.32,2024-11-19,Rawalpindi,0.14,Organic
ORD_02346,CUST_0039,PROD_053,Smart Device 053,Beauty,4,134.08,536.33,2024-11-19,Rawalpindi,0.0,Organic
ORD_02347,CUST_0484,PROD_061,Smart Widget 061,Electronics,1,288.96,288.96,2023-11-22,Faisalabad,0.0,Facebook
ORD_02348,CUST_0063,PROD_012,Elite Widget 012,Sports,4,124.71,498.82,2024-10-27,Rawalpindi,0.0,Instagram
ORD_02349,CUST_0333,PROD_017,Pro Gadget 017,Home & Kitchen,4,162.96,651.85,2025-06-16,Karachi,0.0,Organic
ORD_02350,CUST_0047,PROD_012,Elite Widget 012,Sports,4,132.91,377.75,2024-11-11,Multan,153.87,Referral
ORD_02350,CUST_0047,PROD_061,Smart Widget 061,Electronics,4,310.79,1146.35,2024-11-11,Multan,96.79,Referral
ORD_02350,CUST_0047,PROD_004,Premium Widget 004,Clothing,1,127.46,94.88,2024-11-11,Multan,32.58,Referral
ORD_02350,CUST_0047,PROD_041,Premium Widget 041,Books,3,283.45,665.97,2024-11-11,Multan,184.39,Referral
ORD_02350,CUST_0047,PROD_057,Pro Widget 057,Clothing,2,118.5,237.0,2024-11-11,Multan,0.0,Referral
ORD_02351,CUST_0216,PROD_023,Smart Item 023,Clothing,3,392.15,879.14,2025-06-09,Lahore,297.3,Facebook
ORD_02351,CUST_0216,PROD_016,Premium Tool 016,Home & Kitchen,3,267.32,801.97,2025-06-09,Lahore,0.0,Facebook
ORD_02351,CUST_0216,PROD_038,Premium Device 038,Home & Kitchen,4,293.58,1174.32,2025-06-09,Lahore,0.0,Facebook
ORD_02352,CUST_0466,PROD_030,Smart Tool 030,Sports,1,140.87,103.58,2025-02-09,Lahore,37.29,Google Ads
ORD_02352,CUST_0466,PROD_017,Pro Gadget 017,Home & Kitchen,1,205.92,205.92,2025-02-09,Lahore,0.0,Google Ads
ORD_02352,CUST_0466,PROD_066,Elite Item 066,Beauty,3,337.32,1011.97,2025-02-09,Lahore,0.0,Google Ads
ORD_02352,CUST_0466,PROD_077,Basic Item 077,Clothing,3,117.6,287.89,2025-02-09,Lahore,64.92,Google Ads
ORD_02352,CUST_0466,PROD_031,Smart Widget 031,Books,3,424.06,1272.19,2025-02-09,Lahore,0.0,Google Ads
ORD_02353,CUST_0164,PROD_037,Basic Device 037,Toys,4,417.11,1668.43,2023-05-31,Peshawar,0.0,Instagram
ORD_02354,CUST_0474,PROD_075,Smart Widget 075,Beauty,3,266.96,800.87,2023-08-28,Rawalpindi,0.0,Facebook
ORD_02355,CUST_0166,PROD_028,Premium Widget 028,Clothing,4,378.45,1466.47,2024-10-23,Karachi,47.33,Organic
ORD_02355,CUST_0166,PROD_029,Elite Device 029,Electronics,3,209.72,480.1,2024-10-23,Karachi,149.06,Organic
ORD_02355,CUST_0166,PROD_014,Premium Widget 014,Books,1,143.4,143.4,2024-10-23,Karachi,0.0,Organic
ORD_02356,CUST_0435,PROD_069,Premium Item 069,Electronics,4,35.63,128.79,2024-12-01,Multan,13.73,Instagram
ORD_02357,CUST_0383,PROD_068,Basic Widget 068,Sports,2,442.23,884.46,2024-01-20,Karachi,0.0,Email
ORD_02358,CUST_0357,PROD_037,Basic Device 037,Toys,4,426.22,1704.88,2024-11-20,Multan,0.0,Facebook
ORD_02358,CUST_0357,PROD_031,Smart Widget 031,Books,3,392.51,1177.54,2024-11-20,Multan,0.0,Facebook
ORD_02358,CUST_0357,PROD_078,Basic Item 078,Beauty,4,148.35,508.32,2024-11-20,Multan,85.06,Facebook
ORD_02359,CUST_0049,PROD_020,Pro Device 020,Clothing,3,391.98,1175.95,2024-11-11,Faisalabad,0.0,Facebook
ORD_02359,CUST_0049,PROD_062,Smart Widget 062,Electronics,3,380.19,868.48,2024-11-11,Faisalabad,272.08,Facebook
ORD_02359,CUST_0049,PROD_028,Premium Widget 028,Clothing,4,256.31,989.71,2024-11-11,Faisalabad,35.55,Facebook
ORD_02359,CUST_0049,PROD_042,Premium Device 042,Toys,4,73.25,269.39,2024-11-11,Faisalabad,23.62,Facebook
ORD_02360,CUST_0010,PROD_073,Basic Tool 073,Electronics,1,438.86,315.35,2025-01-25,Islamabad,123.51,Google Ads
ORD_02360,CUST_0010,PROD_005,Smart Widget 005,Sports,3,106.7,320.11,2025-01-25,Islamabad,0.0,Google Ads
ORD_02360,CUST_0010,PROD_065,Premium Tool 065,Home & Kitchen,1,469.68,469.68,2025-01-25,Islamabad,0.0,Google Ads
ORD_02360,CUST_0010,PROD_020,Pro Device 020,Clothing,4,331.4,1325.58,2025-01-25,Islamabad,0.0,Google Ads
ORD_02360,CUST_0010,PROD_027,Basic Gadget 027,Sports,2,230.47,460.94,2025-01-25,Islamabad,0.0,Google Ads
ORD_02361,CUST_0326,PROD_035,Smart Widget 035,Toys,1,355.95,257.47,2023-04-08,Faisalabad,98.48,Facebook
ORD_02362,CUST_0326,PROD_063,Basic Gadget 063,Beauty,1,249.0,249.0,2025-04-29,Lahore,0.0,Referral
ORD_02362,CUST_0326,PROD_007,Pro Widget 007,Toys,4,405.22,1620.89,2025-04-29,Lahore,0.0,Referral
ORD_02362,CUST_0326,PROD_016,Premium Tool 016,Home & Kitchen,2,274.89,473.85,2025-04-29,Lahore,75.93,Referral
ORD_02362,CUST_0326,PROD_075,Smart Widget 075,Beauty,3,345.75,991.03,2025-04-29,Lahore,46.22,Referral
ORD_02363,CUST_0423,PROD_011,Premium Tool 011,Sports,2,66.3,132.6,2025-06-20,Lahore,0.0,Google Ads
ORD_02363,CUST_0423,PROD_018,Pro Widget 018,Sports,3,257.21,578.75,2025-06-20,Lahore,192.88,Google Ads
ORD_02364,CUST_0266,PROD_016,Premium Tool 016,Home & Kitchen,4,201.98,807.9,2025-05-21,Peshawar,0.0,Instagram
ORD_02364,CUST_0266,PROD_015,Pro Widget 015,Toys,3,103.82,311.45,2025-05-21,Peshawar,0.0,Instagram
ORD_02364,CUST_0266,PROD_023,Smart Item 023,Clothing,4,351.39,1405.55,2025-05-21,Peshawar,0.0,Instagram
ORD_02365,CUST_0074,PROD_030,Smart Tool 030,Sports,4,152.52,610.1,2023-07-26,Multan,0.0,Instagram
ORD_02365,CUST_0074,PROD_013,Smart Item 013,Sports,3,113.49,340.48,2023-07-26,Multan,0.0,Instagram
ORD_02365,CUST_0074,PROD_033,Premium Item 033,Beauty,2,71.21,142.43,2023-07-26,Multan,0.0,Instagram
ORD_02366,CUST_0459,PROD_066,Elite Item 066,Beauty,4,290.27,1060.94,2024-05-07,Karachi,100.14,Facebook
ORD_02366,CUST_0459,PROD_044,Smart Tool 044,Clothing,1,554.02,388.42,2024-05-07,Karachi,165.6,Facebook
ORD_02366,CUST_0459,PROD_018,Pro Widget 018,Sports,3,285.97,692.94,2024-05-07,Karachi,164.98,Facebook
ORD_02367,CUST_0465,PROD_071,Premium Device 071,Electronics,4,426.2,1343.65,2023-01-03,Islamabad,361.14,Facebook
ORD_02367,CUST_0465,PROD_029,Elite Device 029,Electronics,4,182.29,622.29,2023-01-03,Islamabad,106.87,Facebook
ORD_02367,CUST_0465,PROD_059,Pro Tool 059,Clothing,3,430.4,1291.21,2023-01-03,Islamabad,0.0,Facebook
ORD_02367,CUST_0465,PROD_013,Smart Item 013,Sports,4,123.43,483.16,2023-01-03,Islamabad,10.58,Facebook
ORD_02367,CUST_0465,PROD_075,Smart Widget 075,Beauty,2,276.99,553.98,2023-01-03,Islamabad,0.0,Facebook
ORD_02368,CUST_0053,PROD_027,Basic Gadget 027,Sports,1,212.22,212.22,2024-11-06,Lahore,0.0,Referral
ORD_02369,CUST_0097,PROD_052,Elite Gadget 052,Sports,3,88.44,200.65,2024-01-17,Lahore,64.67,Facebook
ORD_02370,CUST_0365,PROD_018,Pro Widget 018,Sports,2,280.21,408.04,2025-01-19,Lahore,152.38,Google Ads
ORD_02371,CUST_0286,PROD_061,Smart Widget 061,Electronics,1,387.7,304.01,2024-05-10,Faisalabad,83.69,Facebook
ORD_02371,CUST_0286,PROD_039,Premium Item 039,Toys,2,419.06,775.63,2024-05-10,Faisalabad,62.5,Facebook
ORD_02372,CUST_0007,PROD_067,Smart Tool 067,Clothing,2,102.21,204.43,2024-06-23,Faisalabad,0.0,Instagram
ORD_02372,CUST_0007,PROD_029,Elite Device 029,Electronics,1,192.52,160.53,2024-06-23,Faisalabad,31.99,Instagram
ORD_02372,CUST_0007,PROD_018,Pro Widget 018,Sports,4,340.34,1361.38,2024-06-23,Faisalabad,0.0,Instagram
ORD_02373,CUST_0317,PROD_009,Pro Widget 009,Electronics,3,165.3,495.9,2025-04-09,Lahore,0.0,Instagram
ORD_02373,CUST_0317,PROD_058,Smart Tool 058,Clothing,3,196.78,590.33,2025-04-09,Lahore,0.0,Instagram
ORD_02373,CUST_0317,PROD_072,Premium Device 072,Electronics,2,346.35,692.69,2025-04-09,Lahore,0.0,Instagram
ORD_02373,CUST_0317,PROD_036,Smart Device 036,Clothing,4,98.06,328.27,2025-04-09,Lahore,63.98,Instagram
ORD_02373,CUST_0317,PROD_013,Smart Item 013,Sports,2,116.43,232.87,2025-04-09,Lahore,0.0,Instagram
ORD_02374,CUST_0344,PROD_022,Pro Tool 022,Home & Kitchen,3,48.24,144.72,2023-09-14,Islamabad,0.0,Instagram
ORD_02374,CUST_0344,PROD_004,Premium Widget 004,Clothing,4,141.67,564.1,2023-09-14,Islamabad,2.59,Instagram
ORD_02374,CUST_0344,PROD_042,Premium Device 042,Toys,2,83.6,167.2,2023-09-14,Islamabad,0.0,Instagram
ORD_02374,CUST_0344,PROD_065,Premium Tool 065,Home & Kitchen,2,529.7,884.04,2023-09-14,Islamabad,175.36,Instagram
ORD_02374,CUST_0344,PROD_013,Smart Item 013,Sports,1,115.85,115.85,2023-09-14,Islamabad,0.0,Instagram
ORD_02375,CUST_0285,PROD_030,Smart Tool 030,Sports,3,109.64,256.97,2025-04-10,Faisalabad,71.95,Referral
ORD_02375,CUST_0285,PROD_069,Premium Item 069,Electronics,3,34.46,103.38,2025-04-10,Faisalabad,0.0,Referral
ORD_02376,CUST_0284,PROD_063,Basic Gadget 063,Beauty,3,220.11,660.32,2025-02-21,Islamabad,0.0,Email
ORD_02376,CUST_0284,PROD_048,Smart Device 048,Clothing,4,330.58,1322.31,2025-02-21,Islamabad,0.0,Email
ORD_02377,CUST_0453,PROD_005,Smart Widget 005,Sports,4,119.11,476.44,2025-05-20,Lahore,0.0,Referral
ORD_02377,CUST_0453,PROD_054,Elite Tool 054,Clothing,4,46.34,146.56,2025-05-20,Lahore,38.82,Referral
ORD_02378,CUST_0110,PROD_074,Smart Gadget 074,Sports,1,327.66,229.47,2025-02-22,Karachi,98.19,Organic
ORD_02378,CUST_0110,PROD_076,Smart Device 076,Home & Kitchen,3,437.49,1312.46,2025-02-22,Karachi,0.0,Organic
ORD_02379,CUST_0305,PROD_015,Pro Widget 015,Toys,2,111.94,223.89,2023-09-08,Lahore,0.0,Referral
ORD_02379,CUST_0305,PROD_063,Basic Gadget 063,Beauty,4,260.14,1037.92,2023-09-08,Lahore,2.63,Referral
ORD_02379,CUST_0305,PROD_028,Premium Widget 028,Clothing,4,326.62,1295.72,2023-09-08,Lahore,10.77,Referral
ORD_02379,CUST_0305,PROD_013,Smart Item 013,Sports,2,120.02,219.4,2023-09-08,Lahore,20.65,Referral
ORD_02380,CUST_0471,PROD_062,Smart Widget 062,Electronics,2,520.79,1041.57,2024-01-15,Lahore,0.0,Organic
ORD_02380,CUST_0471,PROD_035,Smart Widget 035,Toys,4,376.36,1505.44,2024-01-15,Lahore,0.0,Organic
ORD_02380,CUST_0471,PROD_039,Premium Item 039,Toys,4,414.87,1538.07,2024-01-15,Lahore,121.39,Organic
ORD_02380,CUST_0471,PROD_047,Basic Gadget 047,Electronics,3,144.79,434.36,2024-01-15,Lahore,0.0,Organic
ORD_02380,CUST_0471,PROD_043,Elite Device 043,Clothing,2,144.11,259.22,2024-01-15,Lahore,28.99,Organic
ORD_02381,CUST_0457,PROD_080,Smart Widget 080,Electronics,1,232.9,163.96,2023-08-13,Peshawar,68.94,Instagram
ORD_02381,CUST_0457,PROD_005,Smart Widget 005,Sports,3,106.43,226.4,2023-08-13,Peshawar,92.88,Instagram
ORD_02381,CUST_0457,PROD_003,Smart Widget 003,Sports,2,200.6,362.58,2023-08-13,Peshawar,38.61,Instagram
ORD_02381,CUST_0457,PROD_069,Premium Item 069,Electronics,1,35.52,27.11,2023-08-13,Peshawar,8.41,Instagram
ORD_02382,CUST_0436,PROD_034,Premium Item 034,Sports,3,356.04,1068.12,2024-02-29,Peshawar,0.0,Referral
ORD_02382,CUST_0436,PROD_058,Smart Tool 058,Clothing,1,244.84,244.84,2024-02-29,Peshawar,0.0,Referral
ORD_02382,CUST_0436,PROD_038,Premium Device 038,Home & Kitchen,2,202.89,405.78,2024-02-29,Peshawar,0.0,Referral
ORD_02382,CUST_0436,PROD_008,Elite Item 008,Home & Kitchen,3,100.11,217.34,2024-02-29,Peshawar,83.0,Referral
ORD_02382,CUST_0436,PROD_042,Premium Device 042,Toys,4,71.17,283.87,2024-02-29,Peshawar,0.82,Referral
ORD_02383,CUST_0403,PROD_051,Premium Device 051,Clothing,4,163.96,538.43,2023-06-28,Karachi,117.41,Referral
ORD_02384,CUST_0125,PROD_033,Premium Item 033,Beauty,1,80.61,80.61,2023-02-06,Karachi,0.0,Google Ads
ORD_02385,CUST_0378,PROD_062,Smart Widget 062,Electronics,1,477.08,364.95,2024-10-06,Karachi,112.13,Instagram
ORD_02385,CUST_0378,PROD_035,Smart Widget 035,Toys,4,298.6,1194.4,2024-10-06,Karachi,0.0,Instagram
ORD_02385,CUST_0378,PROD_001,Premium Widget 001,Books,1,116.59,115.28,2024-10-06,Karachi,1.31,Instagram
ORD_02385,CUST_0378,PROD_038,Premium Device 038,Home & Kitchen,4,224.96,899.86,2024-10-06,Karachi,0.0,Instagram
ORD_02385,CUST_0378,PROD_080,Smart Widget 080,Electronics,4,260.87,950.91,2024-10-06,Karachi,92.56,Instagram
ORD_02386,CUST_0496,PROD_047,Basic Gadget 047,Electronics,4,141.86,473.53,2024-07-02,Islamabad,93.9,Google Ads
ORD_02386,CUST_0496,PROD_078,Basic Item 078,Beauty,2,188.66,377.32,2024-07-02,Islamabad,0.0,Google Ads
ORD_02386,CUST_0496,PROD_018,Pro Widget 018,Sports,3,313.88,941.64,2024-07-02,Islamabad,0.0,Google Ads
ORD_02386,CUST_0496,PROD_025,Basic Device 025,Sports,1,149.65,116.49,2024-07-02,Islamabad,33.16,Google Ads
ORD_02387,CUST_0046,PROD_014,Premium Widget 014,Books,4,114.51,406.8,2024-06-03,Lahore,51.24,Referral
ORD_02388,CUST_0286,PROD_043,Elite Device 043,Clothing,1,129.15,129.15,2024-11-22,Islamabad,0.0,Email
ORD_02389,CUST_0482,PROD_064,Basic Tool 064,Electronics,3,75.12,225.35,2023-01-23,Peshawar,0.0,Organic
ORD_02389,CUST_0482,PROD_036,Smart Device 036,Clothing,4,100.15,400.6,2023-01-23,Peshawar,0.0,Organic
ORD_02389,CUST_0482,PROD_050,Basic Widget 050,Electronics,2,486.17,942.73,2023-01-23,Peshawar,29.61,Organic
ORD_02389,CUST_0482,PROD_006,Smart Tool 006,Clothing,2,255.6,511.19,2023-01-23,Peshawar,0.0,Organic
ORD_02390,CUST_0127,PROD_061,Smart Widget 061,Electronics,1,285.02,285.02,2023-05-05,Rawalpindi,0.0,Instagram
ORD_02390,CUST_0127,PROD_049,Premium Widget 049,Books,1,308.17,308.17,2023-05-05,Rawalpindi,0.0,Instagram
ORD_02390,CUST_0127,PROD_038,Premium Device 038,Home & Kitchen,3,237.42,712.26,2023-05-05,Rawalpindi,0.0,Instagram
ORD_02390,CUST_0127,PROD_047,Basic Gadget 047,Electronics,2,158.19,316.37,2023-05-05,Rawalpindi,0.0,Instagram
ORD_02390,CUST_0127,PROD_070,Elite Device 070,Toys,2,236.22,462.9,2023-05-05,Rawalpindi,9.54,Instagram
ORD_02391,CUST_0046,PROD_017,Pro Gadget 017,Home & Kitchen,3,216.61,595.42,2025-05-26,Peshawar,54.4,Instagram
ORD_02391,CUST_0046,PROD_064,Basic Tool 064,Electronics,2,100.87,201.73,2025-05-26,Peshawar,0.0,Instagram
ORD_02392,CUST_0368,PROD_035,Smart Widget 035,Toys,3,376.06,933.48,2023-11-29,Karachi,194.7,Referral
ORD_02392,CUST_0368,PROD_040,Basic Widget 040,Clothing,1,508.73,508.73,2023-11-29,Karachi,0.0,Referral
ORD_02392,CUST_0368,PROD_040,Basic Widget 040,Clothing,4,412.0,1378.85,2023-11-29,Karachi,269.16,Referral
ORD_02392,CUST_0368,PROD_052,Elite Gadget 052,Sports,2,86.26,164.52,2023-11-29,Karachi,8.01,Referral
ORD_02392,CUST_0368,PROD_038,Premium Device 038,Home & Kitchen,4,255.42,875.6,2023-11-29,Karachi,146.08,Referral
ORD_02393,CUST_0125,PROD_062,Smart Widget 062,Electronics,4,520.11,1787.08,2024-05-04,Multan,293.36,Referral
ORD_02393,CUST_0125,PROD_027,Basic Gadget 027,Sports,4,254.96,1019.82,2024-05-04,Multan,0.0,Referral
ORD_02393,CUST_0125,PROD_036,Smart Device 036,Clothing,2,79.82,159.63,2024-05-04,Multan,0.0,Referral
ORD_02393,CUST_0125,PROD_069,Premium Item 069,Electronics,4,29.35,117.41,2024-05-04,Multan,0.0,Referral
ORD_02394,CUST_0276,PROD_056,Premium Widget 056,Electronics,4,201.69,709.86,2024-08-08,Islamabad,96.88,Instagram
ORD_02394,CUST_0276,PROD_008,Elite Item 008,Home & Kitchen,1,89.22,65.29,2024-08-08,Islamabad,23.93,Instagram
ORD_02394,CUST_0276,PROD_021,Premium Gadget 021,Toys,4,29.21,116.86,2024-08-08,Islamabad,0.0,Instagram
ORD_02394,CUST_0276,PROD_074,Smart Gadget 074,Sports,2,254.69,509.39,2024-08-08,Islamabad,0.0,Instagram
ORD_02395,CUST_0297,PROD_054,Elite Tool 054,Clothing,4,52.14,208.56,2024-05-23,Faisalabad,0.0,Facebook
ORD_02396,CUST_0322,PROD_076,Smart Device 076,Home & Kitchen,4,465.19,1383.07,2024-01-19,Multan,477.69,Google Ads
ORD_02396,CUST_0322,PROD_058,Smart Tool 058,Clothing,4,257.11,721.66,2024-01-19,Multan,306.8,Google Ads
ORD_02396,CUST_0322,PROD_035,Smart Widget 035,Toys,1,298.1,298.1,2024-01-19,Multan,0.0,Google Ads
ORD_02396,CUST_0322,PROD_060,Premium Tool 060,Toys,1,368.94,368.94,2024-01-19,Multan,0.0,Google Ads
ORD_02397,CUST_0488,PROD_047,Basic Gadget 047,Electronics,3,208.17,624.52,2025-02-06,Multan,0.0,Organic
ORD_02398,CUST_0145,PROD_069,Premium Item 069,Electronics,3,33.99,101.98,2023-02-06,Multan,0.0,Email
ORD_02398,CUST_0145,PROD_048,Smart Device 048,Clothing,4,357.22,1428.86,2023-02-06,Multan,0.0,Email
ORD_02398,CUST_0145,PROD_034,Premium Item 034,Sports,3,449.88,1349.64,2023-02-06,Multan,0.0,Email
ORD_02398,CUST_0145,PROD_046,Pro Tool 046,Sports,3,252.74,609.34,2023-02-06,Multan,148.88,Email
ORD_02398,CUST_0145,PROD_050,Basic Widget 050,Electronics,4,381.29,1209.51,2023-02-06,Multan,315.64,Email
ORD_02399,CUST_0498,PROD_004,Premium Widget 004,Clothing,3,146.42,348.88,2023-07-08,Multan,90.38,Facebook
ORD_02400,CUST_0083,PROD_019,Smart Gadget 019,Clothing,4,226.02,904.06,2024-04-26,Lahore,0.0,Email
ORD_02400,CUST_0083,PROD_065,Premium Tool 065,Home & Kitchen,4,382.36,1262.83,2024-04-26,Lahore,266.62,Email
ORD_02400,CUST_0083,PROD_035,Smart Widget 035,Toys,2,346.19,603.82,2024-04-26,Lahore,88.56,Email
ORD_02400,CUST_0083,PROD_052,Elite Gadget 052,Sports,1,66.89,50.62,2024-04-26,Lahore,16.27,Email
ORD_02401,CUST_0277,PROD_056,Premium Widget 056,Electronics,3,187.73,563.19,2023-02-01,Peshawar,0.0,Instagram
ORD_02401,CUST_0277,PROD_077,Basic Item 077,Clothing,3,123.14,369.42,2023-02-01,Peshawar,0.0,Instagram
ORD_02402,CUST_0029,PROD_014,Premium Widget 014,Books,4,114.61,458.43,2024-05-08,Peshawar,0.0,Instagram
ORD_02402,CUST_0029,PROD_060,Premium Tool 060,Toys,3,369.77,1109.31,2024-05-08,Peshawar,0.0,Instagram
ORD_02402,CUST_0029,PROD_054,Elite Tool 054,Clothing,3,57.66,172.99,2024-05-08,Peshawar,0.0,Instagram
ORD_02402,CUST_0029,PROD_015,Pro Widget 015,Toys,4,108.84,359.35,2024-05-08,Peshawar,76.0,Instagram
ORD_02402,CUST_0029,PROD_003,Smart Widget 003,Sports,4,242.99,971.97,2024-05-08,Peshawar,0.0,Instagram
ORD_02403,CUST_0091,PROD_078,Basic Item 078,Beauty,1,154.95,130.31,2023-12-19,Karachi,24.64,Instagram
ORD_02404,CUST_0246,PROD_007,Pro Widget 007,Toys,4,432.36,1729.45,2024-10-01,Lahore,0.0,Google Ads
ORD_02404,CUST_0246,PROD_009,Pro Widget 009,Electronics,2,173.86,315.59,2024-10-01,Lahore,32.12,Google Ads
ORD_02404,CUST_0246,PROD_075,Smart Widget 075,Beauty,1,284.47,243.48,2024-10-01,Lahore,40.99,Google Ads
ORD_02404,CUST_0246,PROD_030,Smart Tool 030,Sports,2,150.84,301.67,2024-10-01,Lahore,0.0,Google Ads
ORD_02404,CUST_0246,PROD_023,Smart Item 023,Clothing,3,347.52,1042.56,2024-10-01,Lahore,0.0,Google Ads
ORD_02405,CUST_0002,PROD_046,Pro Tool 046,Sports,1,195.9,162.26,2023-04-03,Multan,33.64,Email
ORD_02405,CUST_0002,PROD_039,Premium Item 039,Toys,4,470.35,1881.41,2023-04-03,Multan,0.0,Email
ORD_02405,CUST_0002,PROD_009,Pro Widget 009,Electronics,1,199.49,199.49,2023-04-03,Multan,0.0,Email
ORD_02405,CUST_0002,PROD_077,Basic Item 077,Clothing,1,126.87,104.41,2023-04-03,Multan,22.46,Email
ORD_02406,CUST_0050,PROD_030,Smart Tool 030,Sports,1,159.44,141.04,2023-03-26,Karachi,18.4,Google Ads
ORD_02406,CUST_0050,PROD_056,Premium Widget 056,Electronics,4,219.41,877.64,2023-03-26,Karachi,0.0,Google Ads
ORD_02407,CUST_0112,PROD_072,Premium Device 072,Electronics,2,370.98,741.97,2024-08-10,Peshawar,0.0,Google Ads
ORD_02407,CUST_0112,PROD_037,Basic Device 037,Toys,2,467.52,935.03,2024-08-10,Peshawar,0.0,Google Ads
ORD_02407,CUST_0112,PROD_032,Smart Item 032,Toys,4,352.52,1410.1,2024-08-10,Peshawar,0.0,Google Ads
ORD_02408,CUST_0322,PROD_032,Smart Item 032,Toys,1,365.07,269.33,2024-07-17,Karachi,95.74,Referral
ORD_02408,CUST_0322,PROD_061,Smart Widget 061,Electronics,2,353.78,707.55,2024-07-17,Karachi,0.0,Referral
ORD_02408,CUST_0322,PROD_059,Pro Tool 059,Clothing,2,493.58,987.16,2024-07-17,Karachi,0.0,Referral
ORD_02409,CUST_0184,PROD_021,Premium Gadget 021,Toys,4,25.15,92.2,2023-02-17,Islamabad,8.39,Google Ads
ORD_02409,CUST_0184,PROD_040,Basic Widget 040,Clothing,2,473.85,947.7,2023-02-17,Islamabad,0.0,Google Ads
ORD_02409,CUST_0184,PROD_072,Premium Device 072,Electronics,4,376.61,1506.45,2023-02-17,Islamabad,0.0,Google Ads
ORD_02410,CUST_0454,PROD_073,Basic Tool 073,Electronics,3,539.37,1618.12,2023-09-04,Multan,0.0,Email
ORD_02410,CUST_0454,PROD_022,Pro Tool 022,Home & Kitchen,4,41.45,165.81,2023-09-04,Multan,0.0,Email
ORD_02410,CUST_0454,PROD_062,Smart Widget 062,Electronics,3,463.52,1390.57,2023-09-04,Multan,0.0,Email
ORD_02410,CUST_0454,PROD_079,Premium Widget 079,Beauty,1,258.04,258.04,2023-09-04,Multan,0.0,Email
ORD_02410,CUST_0454,PROD_049,Premium Widget 049,Books,2,331.6,472.75,2023-09-04,Multan,190.45,Email
ORD_02411,CUST_0196,PROD_037,Basic Device 037,Toys,1,507.02,507.02,2023-11-18,Peshawar,0.0,Referral
ORD_02411,CUST_0196,PROD_010,Pro Item 010,Sports,1,119.56,119.56,2023-11-18,Peshawar,0.0,Referral
ORD_02412,CUST_0136,PROD_073,Basic Tool 073,Electronics,1,402.49,368.7,2023-03-21,Rawalpindi,33.79,Organic
ORD_02413,CUST_0403,PROD_024,Elite Tool 024,Clothing,4,132.21,528.83,2024-12-05,Rawalpindi,0.0,Organic
ORD_02413,CUST_0403,PROD_013,Smart Item 013,Sports,3,109.24,327.71,2024-12-05,Rawalpindi,0.0,Organic
ORD_02414,CUST_0184,PROD_027,Basic Gadget 027,Sports,3,222.51,667.53,2023-11-22,Karachi,0.0,Email
ORD_02415,CUST_0041,PROD_066,Elite Item 066,Beauty,3,332.97,998.92,2023-02-01,Multan,0.0,Facebook
ORD_02416,CUST_0116,PROD_062,Smart Widget 062,Electronics,1,500.0,392.63,2025-06-15,Peshawar,107.37,Google Ads
ORD_02417,CUST_0341,PROD_025,Basic Device 025,Sports,1,161.23,161.23,2024-12-10,Islamabad,0.0,Email
ORD_02417,CUST_0341,PROD_054,Elite Tool 054,Clothing,1,63.01,62.88,2024-12-10,Islamabad,0.13,Email
ORD_02417,CUST_0341,PROD_014,Premium Widget 014,Books,4,107.71,430.83,2024-12-10,Islamabad,0.0,Email
ORD_02417,CUST_0341,PROD_077,Basic Item 077,Clothing,4,157.6,614.62,2024-12-10,Islamabad,15.78,Email
ORD_02418,CUST_0454,PROD_038,Premium Device 038,Home & Kitchen,2,240.81,481.63,2025-06-14,Karachi,0.0,Referral
ORD_02419,CUST_0410,PROD_021,Premium Gadget 021,Toys,3,20.74,62.23,2024-07-18,Peshawar,0.0,Google Ads
ORD_02419,CUST_0410,PROD_010,Pro Item 010,Sports,2,140.97,281.95,2024-07-18,Peshawar,0.0,Google Ads
ORD_02419,CUST_0410,PROD_076,Smart Device 076,Home & Kitchen,4,547.86,2191.44,2024-07-18,Peshawar,0.0,Google Ads
ORD_02419,CUST_0410,PROD_041,Premium Widget 041,Books,1,295.37,295.37,2024-07-18,Peshawar,0.0,Google Ads
ORD_02419,CUST_0410,PROD_044,Smart Tool 044,Clothing,1,527.42,514.21,2024-07-18,Peshawar,13.21,Google Ads
ORD_02420,CUST_0425,PROD_039,Premium Item 039,Toys,3,332.78,774.81,2024-07-24,Peshawar,223.54,Organic
ORD_02421,CUST_0473,PROD_079,Premium Widget 079,Beauty,4,258.8,885.55,2023-03-13,Faisalabad,149.67,Facebook
ORD_02422,CUST_0308,PROD_036,Smart Device 036,Clothing,4,101.76,356.08,2025-03-10,Peshawar,50.94,Referral
ORD_02422,CUST_0308,PROD_042,Premium Device 042,Toys,3,83.44,225.38,2025-03-10,Peshawar,24.95,Referral
ORD_02423,CUST_0077,PROD_035,Smart Widget 035,Toys,2,275.83,551.67,2023-11-21,Islamabad,0.0,Organic
ORD_02423,CUST_0077,PROD_034,Premium Item 034,Sports,1,366.0,293.21,2023-11-21,Islamabad,72.79,Organic
ORD_02423,CUST_0077,PROD_065,Premium Tool 065,Home & Kitchen,4,511.66,1579.97,2023-11-21,Islamabad,466.69,Organic
ORD_02423,CUST_0077,PROD_044,Smart Tool 044,Clothing,3,535.84,1530.67,2023-11-21,Islamabad,76.85,Organic
ORD_02424,CUST_0398,PROD_039,Premium Item 039,Toys,1,386.3,386.3,2024-05-25,Peshawar,0.0,Organic
ORD_02425,CUST_0285,PROD_043,Elite Device 043,Clothing,3,162.85,488.54,2023-01-22,Faisalabad,0.0,Instagram
ORD_02426,CUST_0088,PROD_049,Premium Widget 049,Books,3,368.73,1106.2,2024-02-16,Multan,0.0,Email
ORD_02426,CUST_0088,PROD_038,Premium Device 038,Home & Kitchen,1,289.56,265.32,2024-02-16,Multan,24.24,Email
ORD_02426,CUST_0088,PROD_018,Pro Widget 018,Sports,3,355.28,907.97,2024-02-16,Multan,157.86,Email
ORD_02426,CUST_0088,PROD_003,Smart Widget 003,Sports,1,234.08,229.53,2024-02-16,Multan,4.55,Email
ORD_02427,CUST_0420,PROD_066,Elite Item 066,Beauty,4,418.71,1468.47,2023-05-07,Rawalpindi,206.36,Referral
ORD_02427,CUST_0420,PROD_033,Premium Item 033,Beauty,4,71.51,286.02,2023-05-07,Rawalpindi,0.0,Referral
ORD_02428,CUST_0033,PROD_015,Pro Widget 015,Toys,3,106.69,319.54,2024-02-25,Multan,0.54,Email
ORD_02428,CUST_0033,PROD_049,Premium Widget 049,Books,1,311.47,311.47,2024-02-25,Multan,0.0,Email
ORD_02428,CUST_0033,PROD_055,Elite Item 055,Beauty,1,245.41,245.41,2024-02-25,Multan,0.0,Email
ORD_02428,CUST_0033,PROD_047,Basic Gadget 047,Electronics,4,151.36,497.19,2024-02-25,Multan,108.25,Email
ORD_02428,CUST_0033,PROD_060,Premium Tool 060,Toys,4,416.7,1666.8,2024-02-25,Multan,0.0,Email
ORD_02429,CUST_0025,PROD_011,Premium Tool 011,Sports,3,58.0,151.44,2023-11-17,Karachi,22.57,Instagram
ORD_02429,CUST_0025,PROD_011,Premium Tool 011,Sports,4,66.83,210.35,2023-11-17,Karachi,56.97,Instagram
ORD_02429,CUST_0025,PROD_069,Premium Item 069,Electronics,1,27.73,27.73,2023-11-17,Karachi,0.0,Instagram
ORD_02430,CUST_0243,PROD_037,Basic Device 037,Toys,3,436.6,1309.79,2024-07-20,Lahore,0.0,Email
ORD_02430,CUST_0243,PROD_068,Basic Widget 068,Sports,4,432.9,1731.6,2024-07-20,Lahore,0.0,Email
ORD_02430,CUST_0243,PROD_006,Smart Tool 006,Clothing,4,223.47,893.88,2024-07-20,Lahore,0.0,Email
ORD_02431,CUST_0048,PROD_071,Premium Device 071,Electronics,2,392.88,724.73,2024-09-10,Peshawar,61.04,Google Ads
ORD_02431,CUST_0048,PROD_002,Basic Gadget 002,Books,2,50.84,101.69,2024-09-10,Peshawar,0.0,Google Ads
ORD_02432,CUST_0488,PROD_069,Premium Item 069,Electronics,2,30.37,52.29,2023-06-30,Faisalabad,8.45,Instagram
ORD_02432,CUST_0488,PROD_036,Smart Device 036,Clothing,1,98.31,95.29,2023-06-30,Faisalabad,3.02,Instagram
ORD_02432,CUST_0488,PROD_006,Smart Tool 006,Clothing,3,238.67,542.42,2023-06-30,Faisalabad,173.59,Instagram
ORD_02433,CUST_0353,PROD_069,Premium Item 069,Electronics,1,28.91,27.48,2024-04-21,Faisalabad,1.43,Referral
ORD_02433,CUST_0353,PROD_052,Elite Gadget 052,Sports,2,61.68,123.37,2024-04-21,Faisalabad,0.0,Referral
ORD_02433,CUST_0353,PROD_013,Smart Item 013,Sports,1,119.22,119.22,2024-04-21,Faisalabad,0.0,Referral
ORD_02433,CUST_0353,PROD_020,Pro Device 020,Clothing,3,344.2,787.21,2024-04-21,Faisalabad,245.39,Referral
ORD_02434,CUST_0436,PROD_051,Premium Device 051,Clothing,2,143.97,287.94,2024-02-18,Multan,0.0,Organic
ORD_02434,CUST_0436,PROD_048,Smart Device 048,Clothing,3,312.55,762.47,2024-02-18,Multan,175.17,Organic
ORD_02435,CUST_0163,PROD_010,Pro Item 010,Sports,4,151.08,604.34,2023-05-07,Rawalpindi,0.0,Instagram
ORD_02435,CUST_0163,PROD_074,Smart Gadget 074,Sports,4,346.62,1161.18,2023-05-07,Rawalpindi,225.31,Instagram
ORD_02435,CUST_0163,PROD_051,Premium Device 051,Clothing,2,139.76,268.39,2023-05-07,Rawalpindi,11.13,Instagram
ORD_02435,CUST_0163,PROD_047,Basic Gadget 047,Electronics,2,209.44,418.89,2023-05-07,Rawalpindi,0.0,Instagram
ORD_02436,CUST_0250,PROD_080,Smart Widget 080,Electronics,2,238.2,425.01,2023-07-12,Peshawar,51.39,Organic
ORD_02436,CUST_0250,PROD_071,Premium Device 071,Electronics,1,407.89,407.89,2023-07-12,Peshawar,0.0,Organic
ORD_02437,CUST_0314,PROD_027,Basic Gadget 027,Sports,4,293.26,984.46,2024-03-25,Peshawar,188.56,Instagram
ORD_02437,CUST_0314,PROD_026,Smart Tool 026,Sports,3,237.97,503.53,2024-03-25,Peshawar,210.37,Instagram
ORD_02437,CUST_0314,PROD_001,Premium Widget 001,Books,4,138.36,553.45,2024-03-25,Peshawar,0.0,Instagram
ORD_02437,CUST_0314,PROD_066,Elite Item 066,Beauty,3,420.51,1170.39,2024-03-25,Peshawar,91.15,Instagram
ORD_02437,CUST_0314,PROD_073,Basic Tool 073,Electronics,2,557.11,1021.73,2024-03-25,Peshawar,92.48,Instagram
ORD_02438,CUST_0032,PROD_054,Elite Tool 054,Clothing,1,60.92,45.34,2023-08-19,Peshawar,15.58,Referral
ORD_02438,CUST_0032,PROD_064,Basic Tool 064,Electronics,1,86.46,86.46,2023-08-19,Peshawar,0.0,Referral
ORD_02438,CUST_0032,PROD_032,Smart Item 032,Toys,4,307.6,1125.35,2023-08-19,Peshawar,105.06,Referral
ORD_02439,CUST_0240,PROD_041,Premium Widget 041,Books,2,204.24,408.48,2025-06-23,Karachi,0.0,Referral
ORD_02439,CUST_0240,PROD_017,Pro Gadget 017,Home & Kitchen,4,195.48,781.93,2025-06-23,Karachi,0.0,Referral
ORD_02439,CUST_0240,PROD_021,Premium Gadget 021,Toys,4,24.96,99.85,2025-06-23,Karachi,0.0,Referral
ORD_02439,CUST_0240,PROD_025,Basic Device 025,Sports,1,149.04,134.7,2025-06-23,Karachi,14.34,Referral
ORD_02439,CUST_0240,PROD_007,Pro Widget 007,Toys,1,468.82,468.82,2025-06-23,Karachi,0.0,Referral
ORD_02440,CUST_0487,PROD_062,Smart Widget 062,Electronics,2,538.69,1077.37,2023-12-02,Islamabad,0.0,Facebook
ORD_02440,CUST_0487,PROD_001,Premium Widget 001,Books,3,126.23,378.68,2023-12-02,Islamabad,0.0,Facebook
ORD_02440,CUST_0487,PROD_049,Premium Widget 049,Books,2,320.58,641.17,2023-12-02,Islamabad,0.0,Facebook
ORD_02440,CUST_0487,PROD_001,Premium Widget 001,Books,4,125.29,501.17,2023-12-02,Islamabad,0.0,Facebook
ORD_02441,CUST_0095,PROD_069,Premium Item 069,Electronics,3,28.66,62.81,2023-01-14,Multan,23.18,Google Ads
ORD_02441,CUST_0095,PROD_015,Pro Widget 015,Toys,2,115.61,231.21,2023-01-14,Multan,0.0,Google Ads
ORD_02441,CUST_0095,PROD_011,Premium Tool 011,Sports,1,79.73,79.73,2023-01-14,Multan,0.0,Google Ads
ORD_02442,CUST_0243,PROD_047,Basic Gadget 047,Electronics,1,155.16,120.43,2024-11-19,Karachi,34.73,Referral
ORD_02442,CUST_0243,PROD_016,Premium Tool 016,Home & Kitchen,3,193.89,581.67,2024-11-19,Karachi,0.0,Referral
ORD_02442,CUST_0243,PROD_012,Elite Widget 012,Sports,3,129.19,387.56,2024-11-19,Karachi,0.0,Referral
ORD_02443,CUST_0366,PROD_006,Smart Tool 006,Clothing,3,251.74,755.21,2025-04-24,Rawalpindi,0.0,Facebook
ORD_02444,CUST_0170,PROD_028,Premium Widget 028,Clothing,2,314.0,600.61,2024-03-14,Faisalabad,27.39,Google Ads
ORD_02444,CUST_0170,PROD_049,Premium Widget 049,Books,3,312.61,937.83,2024-03-14,Faisalabad,0.0,Google Ads
ORD_02444,CUST_0170,PROD_079,Premium Widget 079,Beauty,2,256.78,409.67,2024-03-14,Faisalabad,103.9,Google Ads
ORD_02444,CUST_0170,PROD_023,Smart Item 023,Clothing,2,344.77,689.54,2024-03-14,Faisalabad,0.0,Google Ads
ORD_02444,CUST_0170,PROD_007,Pro Widget 007,Toys,3,390.72,1172.17,2024-03-14,Faisalabad,0.0,Google Ads
ORD_02445,CUST_0024,PROD_016,Premium Tool 016,Home & Kitchen,2,230.05,419.09,2024-03-25,Lahore,41.01,Facebook
ORD_02446,CUST_0045,PROD_073,Basic Tool 073,Electronics,2,545.59,1091.18,2023-05-21,Faisalabad,0.0,Organic
ORD_02446,CUST_0045,PROD_037,Basic Device 037,Toys,2,449.18,898.36,2023-05-21,Faisalabad,0.0,Organic
ORD_02446,CUST_0045,PROD_055,Elite Item 055,Beauty,3,226.49,679.48,2023-05-21,Faisalabad,0.0,Organic
ORD_02447,CUST_0337,PROD_036,Smart Device 036,Clothing,3,100.25,300.75,2023-11-10,Multan,0.0,Email
ORD_02447,CUST_0337,PROD_016,Premium Tool 016,Home & Kitchen,3,188.68,566.05,2023-11-10,Multan,0.0,Email
ORD_02447,CUST_0337,PROD_041,Premium Widget 041,Books,1,289.45,289.45,2023-11-10,Multan,0.0,Email
ORD_02448,CUST_0120,PROD_080,Smart Widget 080,Electronics,4,314.72,1168.3,2025-03-19,Faisalabad,90.58,Instagram
ORD_02449,CUST_0345,PROD_002,Basic Gadget 002,Books,3,51.93,144.53,2025-02-16,Lahore,11.25,Google Ads
ORD_02450,CUST_0114,PROD_031,Smart Widget 031,Books,1,386.6,386.6,2024-12-09,Faisalabad,0.0,Referral
ORD_02450,CUST_0114,PROD_019,Smart Gadget 019,Clothing,3,191.77,461.58,2024-12-09,Faisalabad,113.73,Referral
ORD_02450,CUST_0114,PROD_064,Basic Tool 064,Electronics,1,81.91,81.91,2024-12-09,Faisalabad,0.0,Referral
ORD_02450,CUST_0114,PROD_040,Basic Widget 040,Clothing,2,488.61,977.21,2024-12-09,Faisalabad,0.0,Referral
ORD_02450,CUST_0114,PROD_056,Premium Widget 056,Electronics,4,201.37,805.49,2024-12-09,Faisalabad,0.0,Referral
ORD_02451,CUST_0021,PROD_050,Basic Widget 050,Electronics,1,472.31,472.31,2025-04-11,Multan,0.0,Google Ads
ORD_02451,CUST_0021,PROD_062,Smart Widget 062,Electronics,4,547.86,2191.46,2025-04-11,Multan,0.0,Google Ads
ORD_02451,CUST_0021,PROD_065,Premium Tool 065,Home & Kitchen,1,437.44,373.72,2025-04-11,Multan,63.72,Google Ads
ORD_02451,CUST_0021,PROD_068,Basic Widget 068,Sports,1,421.36,297.97,2025-04-11,Multan,123.39,Google Ads
ORD_02452,CUST_0076,PROD_073,Basic Tool 073,Electronics,4,382.67,1074.63,2023-07-26,Peshawar,456.07,Organic
ORD_02452,CUST_0076,PROD_070,Elite Device 070,Toys,2,248.05,496.09,2023-07-26,Peshawar,0.0,Organic
ORD_02453,CUST_0324,PROD_068,Basic Widget 068,Sports,4,316.95,1267.8,2024-12-04,Islamabad,0.0,Organic
ORD_02453,CUST_0324,PROD_065,Premium Tool 065,Home & Kitchen,4,527.0,2108.0,2024-12-04,Islamabad,0.0,Organic
ORD_02453,CUST_0324,PROD_068,Basic Widget 068,Sports,2,371.32,546.73,2024-12-04,Islamabad,195.92,Organic
ORD_02453,CUST_0324,PROD_070,Elite Device 070,Toys,4,217.42,869.67,2024-12-04,Islamabad,0.0,Organic
ORD_02454,CUST_0453,PROD_009,Pro Widget 009,Electronics,2,195.09,390.18,2024-02-13,Multan,0.0,Email
ORD_02454,CUST_0453,PROD_021,Premium Gadget 021,Toys,3,22.35,59.47,2024-02-13,Multan,7.59,Email
ORD_02454,CUST_0453,PROD_065,Premium Tool 065,Home & Kitchen,1,449.57,358.18,2024-02-13,Multan,91.39,Email
ORD_02454,CUST_0453,PROD_077,Basic Item 077,Clothing,2,120.91,241.82,2024-02-13,Multan,0.0,Email
ORD_02454,CUST_0453,PROD_079,Premium Widget 079,Beauty,4,376.41,1505.66,2024-02-13,Multan,0.0,Email
ORD_02455,CUST_0112,PROD_068,Basic Widget 068,Sports,2,335.59,546.79,2023-05-07,Faisalabad,124.4,Organic
ORD_02456,CUST_0469,PROD_033,Premium Item 033,Beauty,4,89.28,357.14,2025-05-20,Multan,0.0,Facebook
ORD_02456,CUST_0469,PROD_035,Smart Widget 035,Toys,2,277.47,554.94,2025-05-20,Multan,0.0,Facebook
ORD_02456,CUST_0469,PROD_041,Premium Widget 041,Books,4,289.62,1158.49,2025-05-20,Multan,0.0,Facebook
ORD_02457,CUST_0377,PROD_024,Elite Tool 024,Clothing,1,123.94,105.19,2024-10-11,Rawalpindi,18.75,Organic
ORD_02457,CUST_0377,PROD_004,Premium Widget 004,Clothing,4,134.08,469.54,2024-10-11,Rawalpindi,66.78,Organic
ORD_02458,CUST_0029,PROD_039,Premium Item 039,Toys,2,428.07,856.15,2023-11-24,Faisalabad,0.0,Instagram
ORD_02458,CUST_0029,PROD_072,Premium Device 072,Electronics,1,387.46,387.46,2023-11-24,Faisalabad,0.0,Instagram
ORD_02458,CUST_0029,PROD_068,Basic Widget 068,Sports,2,433.1,779.3,2023-11-24,Faisalabad,86.91,Instagram
ORD_02458,CUST_0029,PROD_031,Smart Widget 031,Books,4,306.05,1224.2,2023-11-24,Faisalabad,0.0,Instagram
ORD_02458,CUST_0029,PROD_068,Basic Widget 068,Sports,4,299.84,1170.45,2023-11-24,Faisalabad,28.89,Instagram
ORD_02459,CUST_0403,PROD_013,Smart Item 013,Sports,2,109.71,219.42,2023-11-24,Faisalabad,0.0,Referral
ORD_02459,CUST_0403,PROD_010,Pro Item 010,Sports,3,157.41,455.31,2023-11-24,Faisalabad,16.92,Referral
ORD_02459,CUST_0403,PROD_062,Smart Widget 062,Electronics,3,443.08,1329.24,2023-11-24,Faisalabad,0.0,Referral
ORD_02459,CUST_0403,PROD_062,Smart Widget 062,Electronics,3,550.3,1650.89,2023-11-24,Faisalabad,0.0,Referral
ORD_02460,CUST_0101,PROD_021,Premium Gadget 021,Toys,4,22.91,81.97,2025-05-05,Rawalpindi,9.67,Email
ORD_02461,CUST_0443,PROD_018,Pro Widget 018,Sports,1,324.72,234.94,2024-09-23,Rawalpindi,89.78,Instagram
ORD_02461,CUST_0443,PROD_057,Pro Widget 057,Clothing,3,112.81,338.44,2024-09-23,Rawalpindi,0.0,Instagram
ORD_02461,CUST_0443,PROD_002,Basic Gadget 002,Books,1,56.17,56.17,2024-09-23,Rawalpindi,0.0,Instagram
ORD_02461,CUST_0443,PROD_053,Smart Device 053,Beauty,4,110.43,441.71,2024-09-23,Rawalpindi,0.0,Instagram
ORD_02462,CUST_0358,PROD_055,Elite Item 055,Beauty,3,222.53,667.59,2024-05-12,Multan,0.0,Facebook
ORD_02462,CUST_0358,PROD_044,Smart Tool 044,Clothing,3,399.99,1199.96,2024-05-12,Multan,0.0,Facebook
ORD_02462,CUST_0358,PROD_055,Elite Item 055,Beauty,4,207.58,687.72,2024-05-12,Multan,142.62,Facebook
ORD_02462,CUST_0358,PROD_008,Elite Item 008,Home & Kitchen,4,74.53,260.56,2024-05-12,Multan,37.56,Facebook
ORD_02462,CUST_0358,PROD_079,Premium Widget 079,Beauty,3,256.99,748.09,2024-05-12,Multan,22.87,Facebook
ORD_02463,CUST_0397,PROD_021,Premium Gadget 021,Toys,4,27.97,93.16,2023-09-24,Lahore,18.7,Email
ORD_02464,CUST_0344,PROD_079,Premium Widget 079,Beauty,2,352.53,564.11,2024-07-04,Lahore,140.96,Google Ads
ORD_02464,CUST_0344,PROD_078,Basic Item 078,Beauty,4,141.04,564.15,2024-07-04,Lahore,0.0,Google Ads
ORD_02464,CUST_0344,PROD_033,Premium Item 033,Beauty,4,92.72,350.11,2024-07-04,Lahore,20.78,Google Ads
ORD_02464,CUST_0344,PROD_053,Smart Device 053,Beauty,4,154.0,616.02,2024-07-04,Lahore,0.0,Google Ads
ORD_02464,CUST_0344,PROD_047,Basic Gadget 047,Electronics,4,166.73,666.92,2024-07-04,Lahore,0.0,Google Ads
ORD_02465,CUST_0284,PROD_063,Basic Gadget 063,Beauty,1,268.4,221.73,2023-02-23,Islamabad,46.67,Google Ads
ORD_02465,CUST_0284,PROD_053,Smart Device 053,Beauty,2,128.09,255.87,2023-02-23,Islamabad,0.31,Google Ads
ORD_02465,CUST_0284,PROD_052,Elite Gadget 052,Sports,1,61.43,61.43,2023-02-23,Islamabad,0.0,Google Ads
ORD_02465,CUST_0284,PROD_055,Elite Item 055,Beauty,4,242.04,783.22,2023-02-23,Islamabad,184.93,Google Ads
ORD_02465,CUST_0284,PROD_005,Smart Widget 005,Sports,4,89.19,352.87,2023-02-23,Islamabad,3.88,Google Ads
ORD_02466,CUST_0465,PROD_077,Basic Item 077,Clothing,1,136.21,136.21,2025-05-27,Karachi,0.0,Organic
ORD_02467,CUST_0341,PROD_040,Basic Widget 040,Clothing,2,359.0,718.0,2024-08-30,Islamabad,0.0,Facebook
ORD_02467,CUST_0341,PROD_067,Smart Tool 067,Clothing,3,117.65,352.95,2024-08-30,Islamabad,0.0,Facebook
ORD_02467,CUST_0341,PROD_063,Basic Gadget 063,Beauty,3,283.88,811.72,2024-08-30,Islamabad,39.93,Facebook
ORD_02468,CUST_0421,PROD_017,Pro Gadget 017,Home & Kitchen,3,196.25,588.74,2023-01-05,Lahore,0.0,Referral
ORD_02468,CUST_0421,PROD_065,Premium Tool 065,Home & Kitchen,4,498.61,1960.63,2023-01-05,Lahore,33.8,Referral
ORD_02468,CUST_0421,PROD_026,Smart Tool 026,Sports,2,173.54,308.19,2023-01-05,Lahore,38.89,Referral
ORD_02469,CUST_0397,PROD_058,Smart Tool 058,Clothing,1,227.75,200.15,2024-02-14,Karachi,27.6,Organic
ORD_02469,CUST_0397,PROD_009,Pro Widget 009,Electronics,1,220.78,220.78,2024-02-14,Karachi,0.0,Organic
ORD_02469,CUST_0397,PROD_033,Premium Item 033,Beauty,1,92.38,92.38,2024-02-14,Karachi,0.0,Organic
ORD_02469,CUST_0397,PROD_003,Smart Widget 003,Sports,4,196.78,787.11,2024-02-14,Karachi,0.0,Organic
ORD_02469,CUST_0397,PROD_059,Pro Tool 059,Clothing,4,510.09,2040.36,2024-02-14,Karachi,0.0,Organic
ORD_02470,CUST_0159,PROD_053,Smart Device 053,Beauty,3,110.49,331.47,2025-05-02,Multan,0.0,Facebook
ORD_02470,CUST_0159,PROD_046,Pro Tool 046,Sports,1,263.36,240.89,2025-05-02,Multan,22.47,Facebook
ORD_02470,CUST_0159,PROD_063,Basic Gadget 063,Beauty,3,206.26,616.01,2025-05-02,Multan,2.76,Facebook
ORD_02470,CUST_0159,PROD_066,Elite Item 066,Beauty,3,379.59,1073.1,2025-05-02,Multan,65.68,Facebook
ORD_02470,CUST_0159,PROD_071,Premium Device 071,Electronics,4,400.4,1601.58,2025-05-02,Multan,0.0,Facebook
ORD_02471,CUST_0461,PROD_024,Elite Tool 024,Clothing,1,126.39,126.39,2024-07-28,Islamabad,0.0,Email
ORD_02471,CUST_0461,PROD_045,Basic Item 045,Beauty,3,430.67,1086.81,2024-07-28,Islamabad,205.2,Email
ORD_02471,CUST_0461,PROD_022,Pro Tool 022,Home & Kitchen,2,34.79,61.24,2024-07-28,Islamabad,8.34,Email
ORD_02471,CUST_0461,PROD_036,Smart Device 036,Clothing,2,68.61,111.39,2024-07-28,Islamabad,25.82,Email
ORD_02472,CUST_0069,PROD_036,Smart Device 036,Clothing,3,89.76,269.27,2024-09-09,Rawalpindi,0.0,Referral
ORD_02472,CUST_0069,PROD_030,Smart Tool 030,Sports,2,138.15,276.3,2024-09-09,Rawalpindi,0.0,Referral
ORD_02472,CUST_0069,PROD_059,Pro Tool 059,Clothing,4,517.2,1638.56,2024-09-09,Rawalpindi,430.25,Referral
ORD_02472,CUST_0069,PROD_037,Basic Device 037,Toys,1,424.09,363.98,2024-09-09,Rawalpindi,60.11,Referral
ORD_02473,CUST_0233,PROD_051,Premium Device 051,Clothing,3,170.67,512.02,2023-05-13,Multan,0.0,Referral
ORD_02473,CUST_0233,PROD_066,Elite Item 066,Beauty,2,374.03,748.05,2023-05-13,Multan,0.0,Referral
ORD_02473,CUST_0233,PROD_073,Basic Tool 073,Electronics,1,454.42,346.42,2023-05-13,Multan,108.0,Referral
ORD_02474,CUST_0446,PROD_074,Smart Gadget 074,Sports,4,308.43,1233.7,2023-03-18,Karachi,0.0,Email
ORD_02475,CUST_0089,PROD_073,Basic Tool 073,Electronics,2,389.55,748.46,2024-09-20,Lahore,30.65,Email
ORD_02475,CUST_0089,PROD_017,Pro Gadget 017,Home & Kitchen,2,178.46,356.92,2024-09-20,Lahore,0.0,Email
ORD_02475,CUST_0089,PROD_078,Basic Item 078,Beauty,4,195.91,783.64,2024-09-20,Lahore,0.0,Email
ORD_02475,CUST_0089,PROD_024,Elite Tool 024,Clothing,3,140.67,422.01,2024-09-20,Lahore,0.0,Email
ORD_02475,CUST_0089,PROD_044,Smart Tool 044,Clothing,3,459.51,1378.53,2024-09-20,Lahore,0.0,Email
ORD_02476,CUST_0046,PROD_030,Smart Tool 030,Sports,3,142.7,428.11,2024-01-06,Multan,0.0,Facebook
ORD_02476,CUST_0046,PROD_049,Premium Widget 049,Books,3,378.14,796.17,2024-01-06,Multan,338.25,Facebook
ORD_02476,CUST_0046,PROD_029,Elite Device 029,Electronics,3,175.08,525.24,2024-01-06,Multan,0.0,Facebook
ORD_02476,CUST_0046,PROD_008,Elite Item 008,Home & Kitchen,4,92.79,371.16,2024-01-06,Multan,0.0,Facebook
ORD_02476,CUST_0046,PROD_003,Smart Widget 003,Sports,4,247.37,989.49,2024-01-06,Multan,0.0,Facebook
ORD_02477,CUST_0482,PROD_079,Premium Widget 079,Beauty,3,281.51,707.74,2025-01-21,Faisalabad,136.78,Facebook
ORD_02477,CUST_0482,PROD_035,Smart Widget 035,Toys,3,331.51,932.09,2025-01-21,Faisalabad,62.44,Facebook
ORD_02478,CUST_0354,PROD_021,Premium Gadget 021,Toys,1,27.14,25.65,2025-01-15,Lahore,1.49,Email
ORD_02479,CUST_0158,PROD_066,Elite Item 066,Beauty,1,325.94,325.94,2024-10-14,Karachi,0.0,Referral
ORD_02479,CUST_0158,PROD_064,Basic Tool 064,Electronics,2,100.36,173.28,2024-10-14,Karachi,27.44,Referral
ORD_02480,CUST_0250,PROD_057,Pro Widget 057,Clothing,1,108.94,85.36,2023-03-01,Peshawar,23.58,Organic
ORD_02480,CUST_0250,PROD_052,Elite Gadget 052,Sports,2,71.38,142.77,2023-03-01,Peshawar,0.0,Organic
ORD_02480,CUST_0250,PROD_057,Pro Widget 057,Clothing,4,90.55,362.22,2023-03-01,Peshawar,0.0,Organic
ORD_02481,CUST_0337,PROD_043,Elite Device 043,Clothing,4,120.46,410.14,2025-06-13,Lahore,71.7,Instagram
ORD_02481,CUST_0337,PROD_068,Basic Widget 068,Sports,1,334.25,334.25,2025-06-13,Lahore,0.0,Instagram
ORD_02482,CUST_0247,PROD_031,Smart Widget 031,Books,4,378.3,1513.18,2024-06-09,Peshawar,0.0,Referral
ORD_02482,CUST_0247,PROD_064,Basic Tool 064,Electronics,3,78.45,221.88,2024-06-09,Peshawar,13.47,Referral
ORD_02482,CUST_0247,PROD_076,Smart Device 076,Home & Kitchen,4,530.87,2123.49,2024-06-09,Peshawar,0.0,Referral
ORD_02482,CUST_0247,PROD_073,Basic Tool 073,Electronics,1,529.97,529.97,2024-06-09,Peshawar,0.0,Referral
ORD_02482,CUST_0247,PROD_036,Smart Device 036,Clothing,3,71.57,176.94,2024-06-09,Peshawar,37.76,Referral
ORD_02483,CUST_0345,PROD_073,Basic Tool 073,Electronics,2,476.53,953.06,2023-08-18,Islamabad,0.0,Instagram
ORD_02483,CUST_0345,PROD_019,Smart Gadget 019,Clothing,1,198.73,177.75,2023-08-18,Islamabad,20.98,Instagram
ORD_02483,CUST_0345,PROD_041,Premium Widget 041,Books,3,214.98,558.59,2023-08-18,Islamabad,86.36,Instagram
ORD_02483,CUST_0345,PROD_070,Elite Device 070,Toys,4,319.73,1278.93,2023-08-18,Islamabad,0.0,Instagram
ORD_02483,CUST_0345,PROD_043,Elite Device 043,Clothing,2,122.71,245.41,2023-08-18,Islamabad,0.0,Instagram
ORD_02484,CUST_0500,PROD_010,Pro Item 010,Sports,2,147.5,265.85,2024-10-25,Faisalabad,29.16,Google Ads
ORD_02484,CUST_0500,PROD_050,Basic Widget 050,Electronics,1,451.27,451.27,2024-10-25,Faisalabad,0.0,Google Ads
ORD_02484,CUST_0500,PROD_013,Smart Item 013,Sports,4,99.19,379.82,2024-10-25,Faisalabad,16.96,Google Ads
ORD_02484,CUST_0500,PROD_003,Smart Widget 003,Sports,1,241.53,241.53,2024-10-25,Faisalabad,0.0,Google Ads
ORD_02485,CUST_0271,PROD_073,Basic Tool 073,Electronics,3,544.5,1305.01,2024-03-10,Multan,328.49,Email
ORD_02485,CUST_0271,PROD_060,Premium Tool 060,Toys,1,478.45,478.45,2024-03-10,Multan,0.0,Email
ORD_02485,CUST_0271,PROD_017,Pro Gadget 017,Home & Kitchen,3,164.0,484.12,2024-03-10,Multan,7.88,Email
ORD_02486,CUST_0333,PROD_079,Premium Widget 079,Beauty,1,293.11,293.11,2025-03-15,Lahore,0.0,Organic
ORD_02486,CUST_0333,PROD_064,Basic Tool 064,Electronics,4,108.31,433.23,2025-03-15,Lahore,0.0,Organic
ORD_02486,CUST_0333,PROD_072,Premium Device 072,Electronics,4,359.08,1141.72,2025-03-15,Lahore,294.59,Organic
ORD_02486,CUST_0333,PROD_064,Basic Tool 064,Electronics,3,97.04,223.45,2025-03-15,Lahore,67.66,Organic
ORD_02487,CUST_0092,PROD_061,Smart Widget 061,Electronics,3,289.27,867.81,2024-02-09,Multan,0.0,Email
ORD_02487,CUST_0092,PROD_045,Basic Item 045,Beauty,2,531.13,996.47,2024-02-09,Multan,65.78,Email
ORD_02487,CUST_0092,PROD_063,Basic Gadget 063,Beauty,2,283.59,567.18,2024-02-09,Multan,0.0,Email
ORD_02487,CUST_0092,PROD_042,Premium Device 042,Toys,4,74.56,270.46,2024-02-09,Multan,27.78,Email
ORD_02487,CUST_0092,PROD_039,Premium Item 039,Toys,3,430.31,1290.93,2024-02-09,Multan,0.0,Email
ORD_02488,CUST_0401,PROD_073,Basic Tool 073,Electronics,4,501.5,2006.01,2025-03-29,Faisalabad,0.0,Referral
ORD_02489,CUST_0348,PROD_034,Premium Item 034,Sports,2,391.47,782.93,2024-08-11,Lahore,0.0,Referral
ORD_02489,CUST_0348,PROD_074,Smart Gadget 074,Sports,2,333.48,666.96,2024-08-11,Lahore,0.0,Referral
ORD_02489,CUST_0348,PROD_010,Pro Item 010,Sports,3,136.85,328.56,2024-08-11,Lahore,82.0,Referral
ORD_02489,CUST_0348,PROD_053,Smart Device 053,Beauty,3,103.54,310.63,2024-08-11,Lahore,0.0,Referral
ORD_02490,CUST_0165,PROD_045,Basic Item 045,Beauty,1,526.74,526.74,2024-11-21,Faisalabad,0.0,Google Ads
ORD_02491,CUST_0016,PROD_056,Premium Widget 056,Electronics,4,176.65,706.6,2023-07-16,Multan,0.0,Email
ORD_02492,CUST_0182,PROD_048,Smart Device 048,Clothing,4,289.94,944.32,2024-08-15,Islamabad,215.45,Facebook
ORD_02493,CUST_0413,PROD_002,Basic Gadget 002,Books,1,65.52,65.52,2024-02-17,Multan,0.0,Instagram
ORD_02493,CUST_0413,PROD_035,Smart Widget 035,Toys,2,287.56,575.12,2024-02-17,Multan,0.0,Instagram
ORD_02493,CUST_0413,PROD_011,Premium Tool 011,Sports,1,85.03,85.03,2024-02-17,Multan,0.0,Instagram
ORD_02493,CUST_0413,PROD_048,Smart Device 048,Clothing,3,292.8,756.81,2024-02-17,Multan,121.6,Instagram
ORD_02494,CUST_0215,PROD_059,Pro Tool 059,Clothing,2,477.99,955.97,2025-05-14,Islamabad,0.0,Referral
ORD_02494,CUST_0215,PROD_062,Smart Widget 062,Electronics,4,551.91,2207.63,2025-05-14,Islamabad,0.0,Referral
ORD_02494,CUST_0215,PROD_008,Elite Item 008,Home & Kitchen,3,69.04,207.11,2025-05-14,Islamabad,0.0,Referral
ORD_02494,CUST_0215,PROD_079,Premium Widget 079,Beauty,1,351.12,335.12,2025-05-14,Islamabad,16.0,Referral
ORD_02495,CUST_0125,PROD_055,Elite Item 055,Beauty,2,179.07,289.76,2023-02-25,Peshawar,68.38,Facebook
ORD_02495,CUST_0125,PROD_054,Elite Tool 054,Clothing,1,63.81,57.41,2023-02-25,Peshawar,6.4,Facebook
ORD_02495,CUST_0125,PROD_060,Premium Tool 060,Toys,2,490.19,885.68,2023-02-25,Peshawar,94.7,Facebook
ORD_02495,CUST_0125,PROD_038,Premium Device 038,Home & Kitchen,2,253.73,507.45,2023-02-25,Peshawar,0.0,Facebook
ORD_02495,CUST_0125,PROD_063,Basic Gadget 063,Beauty,1,261.34,249.66,2023-02-25,Peshawar,11.68,Facebook
ORD_02496,CUST_0104,PROD_049,Premium Widget 049,Books,1,300.29,300.29,2023-03-05,Peshawar,0.0,Referral
ORD_02496,CUST_0104,PROD_015,Pro Widget 015,Toys,1,120.69,120.69,2023-03-05,Peshawar,0.0,Referral
ORD_02496,CUST_0104,PROD_078,Basic Item 078,Beauty,1,146.47,126.27,2023-03-05,Peshawar,20.2,Referral
ORD_02496,CUST_0104,PROD_043,Elite Device 043,Clothing,1,126.97,126.97,2023-03-05,Peshawar,0.0,Referral
ORD_02496,CUST_0104,PROD_074,Smart Gadget 074,Sports,4,294.45,1177.79,2023-03-05,Peshawar,0.0,Referral
ORD_02497,CUST_0104,PROD_053,Smart Device 053,Beauty,4,104.92,370.93,2023-04-17,Faisalabad,48.76,Facebook
ORD_02497,CUST_0104,PROD_007,Pro Widget 007,Toys,4,367.79,1471.16,2023-04-17,Faisalabad,0.0,Facebook
ORD_02497,CUST_0104,PROD_009,Pro Widget 009,Electronics,2,168.66,285.59,2023-04-17,Faisalabad,51.74,Facebook
ORD_02497,CUST_0104,PROD_003,Smart Widget 003,Sports,4,220.3,881.2,2023-04-17,Faisalabad,0.0,Facebook
ORD_02497,CUST_0104,PROD_061,Smart Widget 061,Electronics,4,375.62,1502.49,2023-04-17,Faisalabad,0.0,Facebook
ORD_02498,CUST_0465,PROD_059,Pro Tool 059,Clothing,3,459.85,1072.95,2024-05-31,Islamabad,306.6,Google Ads
ORD_02498,CUST_0465,PROD_069,Premium Item 069,Electronics,4,41.43,165.73,2024-05-31,Islamabad,0.0,Google Ads
ORD_02499,CUST_0130,PROD_002,Basic Gadget 002,Books,1,61.9,61.9,2024-05-29,Multan,0.0,Google Ads
ORD_02499,CUST_0130,PROD_042,Premium Device 042,Toys,3,71.28,213.84,2024-05-29,Multan,0.0,Google Ads
ORD_02500,CUST_0182,PROD_028,Premium Widget 028,Clothing,4,311.4,1245.59,2023-01-17,Peshawar,0.0,Google Ads
ORD_02501,CUST_0337,PROD_049,Premium Widget 049,Books,4,353.04,1412.17,2023-03-31,Peshawar,0.0,Facebook
ORD_02502,CUST_0034,PROD_069,Premium Item 069,Electronics,2,40.76,71.59,2023-10-11,Faisalabad,9.92,Google Ads
ORD_02503,CUST_0481,PROD_058,Smart Tool 058,Clothing,1,209.8,209.8,2024-09-15,Multan,0.0,Google Ads
ORD_02504,CUST_0291,PROD_014,Premium Widget 014,Books,3,141.44,424.33,2023-10-13,Multan,0.0,Google Ads
ORD_02504,CUST_0291,PROD_031,Smart Widget 031,Books,4,433.37,1733.47,2023-10-13,Multan,0.0,Google Ads
ORD_02505,CUST_0115,PROD_014,Premium Widget 014,Books,1,131.85,131.85,2023-05-01,Karachi,0.0,Facebook
ORD_02505,CUST_0115,PROD_075,Smart Widget 075,Beauty,1,269.19,221.21,2023-05-01,Karachi,47.98,Facebook
ORD_02505,CUST_0115,PROD_039,Premium Item 039,Toys,4,443.2,1772.81,2023-05-01,Karachi,0.0,Facebook
ORD_02505,CUST_0115,PROD_034,Premium Item 034,Sports,1,424.76,355.14,2023-05-01,Karachi,69.62,Facebook
ORD_02505,CUST_0115,PROD_043,Elite Device 043,Clothing,1,145.75,145.75,2023-05-01,Karachi,0.0,Facebook
ORD_02506,CUST_0131,PROD_012,Elite Widget 012,Sports,1,161.17,140.18,2023-06-09,Faisalabad,20.99,Email
ORD_02506,CUST_0131,PROD_069,Premium Item 069,Electronics,1,27.95,27.95,2023-06-09,Faisalabad,0.0,Email
ORD_02506,CUST_0131,PROD_055,Elite Item 055,Beauty,1,223.32,188.31,2023-06-09,Faisalabad,35.01,Email
ORD_02506,CUST_0131,PROD_038,Premium Device 038,Home & Kitchen,3,285.35,856.05,2023-06-09,Faisalabad,0.0,Email
ORD_02507,CUST_0328,PROD_062,Smart Widget 062,Electronics,4,498.22,1826.49,2024-03-12,Karachi,166.39,Organic
ORD_02507,CUST_0328,PROD_001,Premium Widget 001,Books,4,167.26,669.04,2024-03-12,Karachi,0.0,Organic
ORD_02507,CUST_0328,PROD_072,Premium Device 072,Electronics,1,319.35,319.35,2024-03-12,Karachi,0.0,Organic
ORD_02507,CUST_0328,PROD_045,Basic Item 045,Beauty,2,453.86,838.29,2024-03-12,Karachi,69.42,Organic
ORD_02508,CUST_0332,PROD_076,Smart Device 076,Home & Kitchen,3,505.76,1517.29,2024-05-06,Multan,0.0,Referral
ORD_02508,CUST_0332,PROD_001,Premium Widget 001,Books,1,129.15,129.15,2024-05-06,Multan,0.0,Referral
ORD_02508,CUST_0332,PROD_047,Basic Gadget 047,Electronics,1,192.97,192.97,2024-05-06,Multan,0.0,Referral
ORD_02508,CUST_0332,PROD_053,Smart Device 053,Beauty,1,126.35,126.35,2024-05-06,Multan,0.0,Referral
ORD_02509,CUST_0312,PROD_040,Basic Widget 040,Clothing,3,463.76,1391.27,2024-03-21,Peshawar,0.0,Google Ads
ORD_02509,CUST_0312,PROD_034,Premium Item 034,Sports,1,400.23,400.23,2024-03-21,Peshawar,0.0,Google Ads
ORD_02510,CUST_0432,PROD_047,Basic Gadget 047,Electronics,1,182.62,182.62,2023-12-21,Lahore,0.0,Google Ads
ORD_02510,CUST_0432,PROD_002,Basic Gadget 002,Books,2,68.91,128.22,2023-12-21,Lahore,9.61,Google Ads
ORD_02510,CUST_0432,PROD_034,Premium Item 034,Sports,2,457.47,914.95,2023-12-21,Lahore,0.0,Google Ads
ORD_02510,CUST_0432,PROD_063,Basic Gadget 063,Beauty,4,203.81,815.24,2023-12-21,Lahore,0.0,Google Ads
ORD_02510,CUST_0432,PROD_040,Basic Widget 040,Clothing,2,426.6,853.2,2023-12-21,Lahore,0.0,Google Ads
ORD_02511,CUST_0316,PROD_034,Premium Item 034,Sports,2,413.13,826.26,2024-11-05,Multan,0.0,Facebook
ORD_02511,CUST_0316,PROD_024,Elite Tool 024,Clothing,1,125.31,120.9,2024-11-05,Multan,4.41,Facebook
ORD_02511,CUST_0316,PROD_041,Premium Widget 041,Books,3,245.89,565.34,2024-11-05,Multan,172.32,Facebook
ORD_02512,CUST_0345,PROD_070,Elite Device 070,Toys,3,322.43,895.19,2024-01-15,Lahore,72.09,Email
ORD_02513,CUST_0464,PROD_065,Premium Tool 065,Home & Kitchen,2,484.37,968.73,2023-07-29,Islamabad,0.0,Organic
ORD_02513,CUST_0464,PROD_060,Premium Tool 060,Toys,3,500.71,1434.69,2023-07-29,Islamabad,67.44,Organic
ORD_02513,CUST_0464,PROD_029,Elite Device 029,Electronics,2,180.97,361.94,2023-07-29,Islamabad,0.0,Organic
ORD_02513,CUST_0464,PROD_019,Smart Gadget 019,Clothing,1,259.1,259.1,2023-07-29,Islamabad,0.0,Organic
ORD_02514,CUST_0409,PROD_056,Premium Widget 056,Electronics,3,244.02,732.06,2025-01-29,Peshawar,0.0,Email
ORD_02514,CUST_0409,PROD_001,Premium Widget 001,Books,4,127.23,508.92,2025-01-29,Peshawar,0.0,Email
ORD_02514,CUST_0409,PROD_003,Smart Widget 003,Sports,1,209.83,209.83,2025-01-29,Peshawar,0.0,Email
ORD_02514,CUST_0409,PROD_042,Premium Device 042,Toys,3,77.93,233.8,2025-01-29,Peshawar,0.0,Email
ORD_02515,CUST_0458,PROD_038,Premium Device 038,Home & Kitchen,1,247.01,235.21,2023-11-09,Lahore,11.8,Email
ORD_02515,CUST_0458,PROD_049,Premium Widget 049,Books,2,302.04,604.08,2023-11-09,Lahore,0.0,Email
ORD_02515,CUST_0458,PROD_057,Pro Widget 057,Clothing,2,107.06,166.0,2023-11-09,Lahore,48.12,Email
ORD_02515,CUST_0458,PROD_003,Smart Widget 003,Sports,4,249.39,997.58,2023-11-09,Lahore,0.0,Email
ORD_02515,CUST_0458,PROD_047,Basic Gadget 047,Electronics,4,191.4,765.58,2023-11-09,Lahore,0.0,Email
ORD_02516,CUST_0269,PROD_018,Pro Widget 018,Sports,2,310.61,446.59,2023-03-03,Islamabad,174.64,Email
ORD_02516,CUST_0269,PROD_011,Premium Tool 011,Sports,4,85.21,340.84,2023-03-03,Islamabad,0.0,Email
ORD_02516,CUST_0269,PROD_003,Smart Widget 003,Sports,1,180.71,180.71,2023-03-03,Islamabad,0.0,Email
ORD_02517,CUST_0070,PROD_028,Premium Widget 028,Clothing,3,351.35,777.55,2024-10-13,Multan,276.5,Organic
ORD_02517,CUST_0070,PROD_057,Pro Widget 057,Clothing,4,121.53,362.0,2024-10-13,Multan,124.14,Organic
ORD_02517,CUST_0070,PROD_070,Elite Device 070,Toys,4,239.07,956.27,2024-10-13,Multan,0.0,Organic
ORD_02517,CUST_0070,PROD_031,Smart Widget 031,Books,4,433.98,1735.91,2024-10-13,Multan,0.0,Organic
ORD_02518,CUST_0242,PROD_043,Elite Device 043,Clothing,2,140.21,280.42,2023-01-09,Karachi,0.0,Referral
ORD_02518,CUST_0242,PROD_075,Smart Widget 075,Beauty,1,371.71,298.7,2023-01-09,Karachi,73.01,Referral
ORD_02518,CUST_0242,PROD_029,Elite Device 029,Electronics,4,222.45,889.79,2023-01-09,Karachi,0.0,Referral
ORD_02518,CUST_0242,PROD_047,Basic Gadget 047,Electronics,2,193.89,387.78,2023-01-09,Karachi,0.0,Referral
ORD_02518,CUST_0242,PROD_050,Basic Widget 050,Electronics,3,484.08,1452.23,2023-01-09,Karachi,0.0,Referral
ORD_02519,CUST_0082,PROD_022,Pro Tool 022,Home & Kitchen,2,34.15,54.84,2024-10-03,Rawalpindi,13.46,Google Ads
ORD_02519,CUST_0082,PROD_036,Smart Device 036,Clothing,4,96.13,292.24,2024-10-03,Rawalpindi,92.29,Google Ads
ORD_02519,CUST_0082,PROD_017,Pro Gadget 017,Home & Kitchen,4,156.25,625.0,2024-10-03,Rawalpindi,0.0,Google Ads
ORD_02520,CUST_0230,PROD_006,Smart Tool 006,Clothing,4,236.58,888.85,2023-03-18,Multan,57.47,Instagram
ORD_02520,CUST_0230,PROD_077,Basic Item 077,Clothing,3,131.17,393.52,2023-03-18,Multan,0.0,Instagram
ORD_02520,CUST_0230,PROD_050,Basic Widget 050,Electronics,2,434.45,868.89,2023-03-18,Multan,0.0,Instagram
ORD_02520,CUST_0230,PROD_019,Smart Gadget 019,Clothing,1,225.26,190.37,2023-03-18,Multan,34.89,Instagram
ORD_02520,CUST_0230,PROD_049,Premium Widget 049,Books,1,294.48,294.48,2023-03-18,Multan,0.0,Instagram
ORD_02521,CUST_0260,PROD_008,Elite Item 008,Home & Kitchen,2,83.47,166.95,2024-01-18,Peshawar,0.0,Organic
ORD_02521,CUST_0260,PROD_002,Basic Gadget 002,Books,3,57.25,171.74,2024-01-18,Peshawar,0.0,Organic
ORD_02521,CUST_0260,PROD_054,Elite Tool 054,Clothing,2,52.08,104.16,2024-01-18,Peshawar,0.0,Organic
ORD_02521,CUST_0260,PROD_075,Smart Widget 075,Beauty,4,347.19,1388.75,2024-01-18,Peshawar,0.0,Organic
ORD_02522,CUST_0110,PROD_070,Elite Device 070,Toys,1,289.42,212.18,2023-11-23,Faisalabad,77.24,Email
ORD_02522,CUST_0110,PROD_067,Smart Tool 067,Clothing,4,113.87,455.49,2023-11-23,Faisalabad,0.0,Email
ORD_02523,CUST_0047,PROD_037,Basic Device 037,Toys,2,538.51,1077.02,2025-06-24,Rawalpindi,0.0,Organic
ORD_02524,CUST_0205,PROD_066,Elite Item 066,Beauty,1,352.4,352.4,2023-01-27,Peshawar,0.0,Instagram
ORD_02524,CUST_0205,PROD_072,Premium Device 072,Electronics,3,308.27,866.72,2023-01-27,Peshawar,58.1,Instagram
ORD_02525,CUST_0427,PROD_026,Smart Tool 026,Sports,2,200.08,314.82,2024-05-14,Peshawar,85.33,Organic
ORD_02525,CUST_0427,PROD_064,Basic Tool 064,Electronics,4,80.24,320.96,2024-05-14,Peshawar,0.0,Organic
ORD_02526,CUST_0488,PROD_010,Pro Item 010,Sports,1,156.43,156.43,2023-08-18,Multan,0.0,Email
ORD_02527,CUST_0457,PROD_061,Smart Widget 061,Electronics,4,307.07,1039.38,2023-11-01,Karachi,188.89,Email
ORD_02527,CUST_0457,PROD_034,Premium Item 034,Sports,2,324.67,649.33,2023-11-01,Karachi,0.0,Email
ORD_02528,CUST_0389,PROD_061,Smart Widget 061,Electronics,3,324.63,973.88,2023-02-03,Peshawar,0.0,Email
ORD_02529,CUST_0366,PROD_021,Premium Gadget 021,Toys,4,24.26,88.02,2024-12-10,Karachi,9.0,Organic
ORD_02529,CUST_0366,PROD_001,Premium Widget 001,Books,2,119.12,230.61,2024-12-10,Karachi,7.64,Organic
ORD_02530,CUST_0037,PROD_003,Smart Widget 003,Sports,3,188.8,566.4,2024-05-16,Karachi,0.0,Instagram
ORD_02530,CUST_0037,PROD_018,Pro Widget 018,Sports,4,366.87,1467.49,2024-05-16,Karachi,0.0,Instagram
ORD_02530,CUST_0037,PROD_071,Premium Device 071,Electronics,1,490.87,490.87,2024-05-16,Karachi,0.0,Instagram
ORD_02530,CUST_0037,PROD_079,Premium Widget 079,Beauty,2,254.54,509.07,2024-05-16,Karachi,0.0,Instagram
ORD_02530,CUST_0037,PROD_034,Premium Item 034,Sports,1,365.12,365.12,2024-05-16,Karachi,0.0,Instagram
ORD_02531,CUST_0233,PROD_073,Basic Tool 073,Electronics,1,378.93,378.93,2023-06-21,Karachi,0.0,Email
ORD_02531,CUST_0233,PROD_013,Smart Item 013,Sports,1,84.15,82.4,2023-06-21,Karachi,1.75,Email
ORD_02531,CUST_0233,PROD_078,Basic Item 078,Beauty,2,181.93,363.87,2023-06-21,Karachi,0.0,Email
ORD_02531,CUST_0233,PROD_051,Premium Device 051,Clothing,2,126.3,252.61,2023-06-21,Karachi,0.0,Email
ORD_02532,CUST_0010,PROD_005,Smart Widget 005,Sports,2,87.23,174.46,2023-03-18,Multan,0.0,Instagram
ORD_02532,CUST_0010,PROD_072,Premium Device 072,Electronics,1,386.19,386.19,2023-03-18,Multan,0.0,Instagram
ORD_02533,CUST_0039,PROD_050,Basic Widget 050,Electronics,1,494.23,494.23,2025-06-05,Rawalpindi,0.0,Email
ORD_02533,CUST_0039,PROD_052,Elite Gadget 052,Sports,1,87.87,87.87,2025-06-05,Rawalpindi,0.0,Email
ORD_02533,CUST_0039,PROD_063,Basic Gadget 063,Beauty,2,201.97,359.77,2025-06-05,Rawalpindi,44.17,Email
ORD_02534,CUST_0357,PROD_056,Premium Widget 056,Electronics,2,223.02,399.1,2024-12-31,Faisalabad,46.95,Organic
ORD_02534,CUST_0357,PROD_031,Smart Widget 031,Books,2,343.17,686.33,2024-12-31,Faisalabad,0.0,Organic
ORD_02534,CUST_0357,PROD_052,Elite Gadget 052,Sports,2,72.47,144.94,2024-12-31,Faisalabad,0.0,Organic
ORD_02534,CUST_0357,PROD_009,Pro Widget 009,Electronics,1,181.43,166.62,2024-12-31,Faisalabad,14.81,Organic
ORD_02534,CUST_0357,PROD_016,Premium Tool 016,Home & Kitchen,4,208.42,742.85,2024-12-31,Faisalabad,90.83,Organic
ORD_02535,CUST_0039,PROD_029,Elite Device 029,Electronics,2,161.16,322.32,2025-04-09,Karachi,0.0,Google Ads
ORD_02535,CUST_0039,PROD_026,Smart Tool 026,Sports,1,235.74,176.69,2025-04-09,Karachi,59.05,Google Ads
ORD_02535,CUST_0039,PROD_020,Pro Device 020,Clothing,3,411.16,1233.48,2025-04-09,Karachi,0.0,Google Ads
ORD_02536,CUST_0048,PROD_054,Elite Tool 054,Clothing,4,52.56,210.26,2024-10-15,Islamabad,0.0,Email
ORD_02536,CUST_0048,PROD_007,Pro Widget 007,Toys,2,452.68,905.36,2024-10-15,Islamabad,0.0,Email
ORD_02537,CUST_0265,PROD_029,Elite Device 029,Electronics,1,205.53,204.33,2024-01-06,Islamabad,1.2,Google Ads
ORD_02537,CUST_0265,PROD_002,Basic Gadget 002,Books,1,67.34,67.34,2024-01-06,Islamabad,0.0,Google Ads
ORD_02537,CUST_0265,PROD_051,Premium Device 051,Clothing,2,157.09,314.18,2024-01-06,Islamabad,0.0,Google Ads
ORD_02537,CUST_0265,PROD_006,Smart Tool 006,Clothing,1,249.75,249.75,2024-01-06,Islamabad,0.0,Google Ads
ORD_02538,CUST_0124,PROD_047,Basic Gadget 047,Electronics,1,208.34,194.27,2024-10-25,Islamabad,14.07,Instagram
ORD_02539,CUST_0131,PROD_066,Elite Item 066,Beauty,3,335.66,812.79,2025-02-25,Peshawar,194.2,Facebook
ORD_02539,CUST_0131,PROD_008,Elite Item 008,Home & Kitchen,1,86.25,62.58,2025-02-25,Peshawar,23.67,Facebook
ORD_02539,CUST_0131,PROD_003,Smart Widget 003,Sports,2,191.91,383.82,2025-02-25,Peshawar,0.0,Facebook
ORD_02540,CUST_0193,PROD_071,Premium Device 071,Electronics,1,411.09,411.09,2023-12-23,Faisalabad,0.0,Email
ORD_02541,CUST_0305,PROD_005,Smart Widget 005,Sports,4,127.59,510.34,2023-04-25,Peshawar,0.0,Facebook
ORD_02541,CUST_0305,PROD_075,Smart Widget 075,Beauty,2,317.48,544.83,2023-04-25,Peshawar,90.13,Facebook
ORD_02541,CUST_0305,PROD_046,Pro Tool 046,Sports,1,210.93,210.93,2023-04-25,Peshawar,0.0,Facebook
ORD_02541,CUST_0305,PROD_051,Premium Device 051,Clothing,2,155.93,226.97,2023-04-25,Peshawar,84.9,Facebook
ORD_02542,CUST_0322,PROD_056,Premium Widget 056,Electronics,3,201.06,445.68,2023-10-18,Multan,157.5,Email
ORD_02542,CUST_0322,PROD_072,Premium Device 072,Electronics,4,379.65,1518.6,2023-10-18,Multan,0.0,Email
ORD_02543,CUST_0073,PROD_063,Basic Gadget 063,Beauty,1,286.62,253.65,2025-06-28,Islamabad,32.97,Email
ORD_02544,CUST_0345,PROD_049,Premium Widget 049,Books,3,266.68,800.04,2023-12-14,Islamabad,0.0,Instagram
ORD_02544,CUST_0345,PROD_019,Smart Gadget 019,Clothing,4,200.09,575.71,2023-12-14,Islamabad,224.64,Instagram
ORD_02545,CUST_0481,PROD_038,Premium Device 038,Home & Kitchen,3,257.45,772.34,2023-10-30,Lahore,0.0,Organic
ORD_02545,CUST_0481,PROD_072,Premium Device 072,Electronics,1,279.46,204.2,2023-10-30,Lahore,75.26,Organic
ORD_02545,CUST_0481,PROD_055,Elite Item 055,Beauty,3,194.95,584.85,2023-10-30,Lahore,0.0,Organic
ORD_02546,CUST_0162,PROD_018,Pro Widget 018,Sports,3,283.01,839.34,2024-03-10,Lahore,9.68,Instagram
ORD_02546,CUST_0162,PROD_079,Premium Widget 079,Beauty,1,322.61,297.34,2024-03-10,Lahore,25.27,Instagram
ORD_02546,CUST_0162,PROD_008,Elite Item 008,Home & Kitchen,1,78.05,78.05,2024-03-10,Lahore,0.0,Instagram
ORD_02547,CUST_0153,PROD_054,Elite Tool 054,Clothing,1,54.86,54.86,2024-03-28,Lahore,0.0,Google Ads
ORD_02548,CUST_0031,PROD_023,Smart Item 023,Clothing,3,287.42,862.26,2025-03-14,Karachi,0.0,Google Ads
ORD_02548,CUST_0031,PROD_026,Smart Tool 026,Sports,1,180.05,155.74,2025-03-14,Karachi,24.31,Google Ads
ORD_02548,CUST_0031,PROD_024,Elite Tool 024,Clothing,2,142.36,255.13,2025-03-14,Karachi,29.59,Google Ads
ORD_02548,CUST_0031,PROD_009,Pro Widget 009,Electronics,4,185.96,722.36,2025-03-14,Karachi,21.47,Google Ads
ORD_02549,CUST_0127,PROD_071,Premium Device 071,Electronics,3,436.47,1309.4,2024-04-04,Karachi,0.0,Facebook
ORD_02549,CUST_0127,PROD_058,Smart Tool 058,Clothing,2,226.56,453.13,2024-04-04,Karachi,0.0,Facebook
ORD_02549,CUST_0127,PROD_079,Premium Widget 079,Beauty,4,329.26,1306.66,2024-04-04,Karachi,10.39,Facebook
ORD_02549,CUST_0127,PROD_070,Elite Device 070,Toys,2,302.83,605.65,2024-04-04,Karachi,0.0,Facebook
ORD_02549,CUST_0127,PROD_046,Pro Tool 046,Sports,4,273.06,1092.23,2024-04-04,Karachi,0.0,Facebook
ORD_02550,CUST_0032,PROD_036,Smart Device 036,Clothing,4,96.32,341.83,2025-03-11,Islamabad,43.46,Instagram
ORD_02550,CUST_0032,PROD_060,Premium Tool 060,Toys,3,411.74,1235.22,2025-03-11,Islamabad,0.0,Instagram
ORD_02550,CUST_0032,PROD_007,Pro Widget 007,Toys,3,473.14,1419.42,2025-03-11,Islamabad,0.0,Instagram
ORD_02550,CUST_0032,PROD_010,Pro Item 010,Sports,3,125.54,267.59,2025-03-11,Islamabad,109.02,Instagram
ORD_02551,CUST_0298,PROD_002,Basic Gadget 002,Books,2,60.57,121.15,2024-08-01,Islamabad,0.0,Instagram
ORD_02551,CUST_0298,PROD_019,Smart Gadget 019,Clothing,3,248.68,722.08,2024-08-01,Islamabad,23.96,Instagram
ORD_02552,CUST_0123,PROD_043,Elite Device 043,Clothing,2,112.53,225.06,2024-06-25,Islamabad,0.0,Referral
ORD_02552,CUST_0123,PROD_070,Elite Device 070,Toys,4,252.67,1010.67,2024-06-25,Islamabad,0.0,Referral
ORD_02553,CUST_0275,PROD_068,Basic Widget 068,Sports,1,411.85,411.85,2025-02-19,Peshawar,0.0,Email
ORD_02554,CUST_0439,PROD_044,Smart Tool 044,Clothing,2,374.95,749.9,2023-07-30,Peshawar,0.0,Organic
ORD_02554,CUST_0439,PROD_029,Elite Device 029,Electronics,1,217.12,217.12,2023-07-30,Peshawar,0.0,Organic
ORD_02554,CUST_0439,PROD_007,Pro Widget 007,Toys,2,414.89,829.78,2023-07-30,Peshawar,0.0,Organic
ORD_02554,CUST_0439,PROD_003,Smart Widget 003,Sports,1,237.34,204.31,2023-07-30,Peshawar,33.03,Organic
ORD_02554,CUST_0439,PROD_052,Elite Gadget 052,Sports,2,80.7,133.24,2023-07-30,Peshawar,28.16,Organic
ORD_02555,CUST_0332,PROD_063,Basic Gadget 063,Beauty,1,255.76,255.76,2023-05-06,Islamabad,0.0,Organic
ORD_02556,CUST_0182,PROD_045,Basic Item 045,Beauty,3,402.97,1208.92,2024-05-11,Peshawar,0.0,Facebook
ORD_02556,CUST_0182,PROD_015,Pro Widget 015,Toys,3,111.53,334.58,2024-05-11,Peshawar,0.0,Facebook
ORD_02556,CUST_0182,PROD_056,Premium Widget 056,Electronics,4,183.01,678.08,2024-05-11,Peshawar,53.95,Facebook
ORD_02557,CUST_0396,PROD_053,Smart Device 053,Beauty,4,125.18,500.71,2024-12-09,Multan,0.0,Facebook
ORD_02557,CUST_0396,PROD_060,Premium Tool 060,Toys,2,442.98,885.96,2024-12-09,Multan,0.0,Facebook
ORD_02557,CUST_0396,PROD_053,Smart Device 053,Beauty,2,111.73,223.45,2024-12-09,Multan,0.0,Facebook
ORD_02558,CUST_0086,PROD_025,Basic Device 025,Sports,1,142.68,128.71,2023-09-28,Rawalpindi,13.97,Organic
ORD_02558,CUST_0086,PROD_052,Elite Gadget 052,Sports,3,80.31,174.16,2023-09-28,Rawalpindi,66.78,Organic
ORD_02559,CUST_0136,PROD_003,Smart Widget 003,Sports,4,207.83,773.77,2023-03-06,Islamabad,57.53,Google Ads
ORD_02559,CUST_0136,PROD_074,Smart Gadget 074,Sports,4,287.41,1120.02,2023-03-06,Islamabad,29.61,Google Ads
ORD_02560,CUST_0325,PROD_012,Elite Widget 012,Sports,1,151.86,151.86,2025-02-05,Karachi,0.0,Facebook
ORD_02560,CUST_0325,PROD_035,Smart Widget 035,Toys,2,362.68,725.37,2025-02-05,Karachi,0.0,Facebook
ORD_02560,CUST_0325,PROD_031,Smart Widget 031,Books,4,326.89,1126.12,2025-02-05,Karachi,181.42,Facebook
ORD_02560,CUST_0325,PROD_069,Premium Item 069,Electronics,1,28.59,24.08,2025-02-05,Karachi,4.51,Facebook
ORD_02561,CUST_0135,PROD_045,Basic Item 045,Beauty,4,540.56,1676.0,2023-07-17,Karachi,486.26,Google Ads
ORD_02561,CUST_0135,PROD_019,Smart Gadget 019,Clothing,4,200.97,803.88,2023-07-17,Karachi,0.0,Google Ads
ORD_02561,CUST_0135,PROD_037,Basic Device 037,Toys,4,440.14,1747.25,2023-07-17,Karachi,13.3,Google Ads
ORD_02562,CUST_0105,PROD_030,Smart Tool 030,Sports,3,123.18,369.53,2023-09-19,Faisalabad,0.0,Instagram
ORD_02562,CUST_0105,PROD_042,Premium Device 042,Toys,3,80.03,240.08,2023-09-19,Faisalabad,0.0,Instagram
ORD_02562,CUST_0105,PROD_040,Basic Widget 040,Clothing,4,511.13,2005.15,2023-09-19,Faisalabad,39.38,Instagram
ORD_02562,CUST_0105,PROD_013,Smart Item 013,Sports,4,104.71,418.86,2023-09-19,Faisalabad,0.0,Instagram
ORD_02563,CUST_0091,PROD_003,Smart Widget 003,Sports,1,220.68,161.89,2024-02-19,Lahore,58.79,Instagram
ORD_02563,CUST_0091,PROD_035,Smart Widget 035,Toys,2,322.58,645.16,2024-02-19,Lahore,0.0,Instagram
ORD_02563,CUST_0091,PROD_039,Premium Item 039,Toys,3,401.09,881.98,2024-02-19,Lahore,321.3,Instagram
ORD_02563,CUST_0091,PROD_052,Elite Gadget 052,Sports,3,86.86,260.59,2024-02-19,Lahore,0.0,Instagram
ORD_02564,CUST_0272,PROD_080,Smart Widget 080,Electronics,1,300.9,275.51,2023-02-18,Karachi,25.39,Email
ORD_02564,CUST_0272,PROD_052,Elite Gadget 052,Sports,2,76.5,133.16,2023-02-18,Karachi,19.84,Email
ORD_02564,CUST_0272,PROD_060,Premium Tool 060,Toys,2,390.98,781.96,2023-02-18,Karachi,0.0,Email
ORD_02565,CUST_0475,PROD_056,Premium Widget 056,Electronics,2,172.31,344.61,2025-04-11,Rawalpindi,0.0,Google Ads
ORD_02565,CUST_0475,PROD_012,Elite Widget 012,Sports,1,134.61,103.79,2025-04-11,Rawalpindi,30.82,Google Ads
ORD_02565,CUST_0475,PROD_076,Smart Device 076,Home & Kitchen,2,471.77,857.06,2025-04-11,Rawalpindi,86.48,Google Ads
ORD_02565,CUST_0475,PROD_001,Premium Widget 001,Books,2,116.0,195.48,2025-04-11,Rawalpindi,36.52,Google Ads
ORD_02565,CUST_0475,PROD_030,Smart Tool 030,Sports,3,136.8,360.92,2025-04-11,Rawalpindi,49.47,Google Ads
ORD_02566,CUST_0251,PROD_062,Smart Widget 062,Electronics,2,475.21,792.19,2024-02-27,Faisalabad,158.24,Google Ads
ORD_02566,CUST_0251,PROD_013,Smart Item 013,Sports,2,119.97,205.74,2024-02-27,Faisalabad,34.2,Google Ads
ORD_02566,CUST_0251,PROD_017,Pro Gadget 017,Home & Kitchen,2,194.07,297.21,2024-02-27,Faisalabad,90.93,Google Ads
ORD_02567,CUST_0053,PROD_027,Basic Gadget 027,Sports,2,238.23,476.45,2024-07-25,Islamabad,0.0,Facebook
ORD_02568,CUST_0128,PROD_051,Premium Device 051,Clothing,4,120.88,483.51,2023-02-04,Karachi,0.0,Google Ads
ORD_02568,CUST_0128,PROD_031,Smart Widget 031,Books,2,363.68,727.36,2023-02-04,Karachi,0.0,Google Ads
ORD_02569,CUST_0372,PROD_002,Basic Gadget 002,Books,2,60.48,120.97,2024-04-29,Rawalpindi,0.0,Instagram
ORD_02569,CUST_0372,PROD_002,Basic Gadget 002,Books,4,52.03,165.3,2024-04-29,Rawalpindi,42.81,Instagram
ORD_02569,CUST_0372,PROD_068,Basic Widget 068,Sports,1,296.97,274.86,2024-04-29,Rawalpindi,22.11,Instagram
ORD_02569,CUST_0372,PROD_012,Elite Widget 012,Sports,4,152.48,609.91,2024-04-29,Rawalpindi,0.0,Instagram
ORD_02569,CUST_0372,PROD_068,Basic Widget 068,Sports,2,362.24,593.7,2024-04-29,Rawalpindi,130.79,Instagram
ORD_02570,CUST_0277,PROD_072,Premium Device 072,Electronics,2,404.32,617.68,2023-12-03,Lahore,190.96,Organic
ORD_02570,CUST_0277,PROD_067,Smart Tool 067,Clothing,1,93.73,93.73,2023-12-03,Lahore,0.0,Organic
ORD_02570,CUST_0277,PROD_032,Smart Item 032,Toys,3,291.03,718.53,2023-12-03,Lahore,154.55,Organic
ORD_02570,CUST_0277,PROD_020,Pro Device 020,Clothing,2,407.15,803.86,2023-12-03,Lahore,10.44,Organic
ORD_02570,CUST_0277,PROD_022,Pro Tool 022,Home & Kitchen,3,47.76,143.29,2023-12-03,Lahore,0.0,Organic
ORD_02571,CUST_0441,PROD_021,Premium Gadget 021,Toys,2,30.81,54.43,2024-11-26,Islamabad,7.19,Instagram
ORD_02572,CUST_0283,PROD_036,Smart Device 036,Clothing,4,84.59,310.26,2023-01-31,Multan,28.11,Email
ORD_02573,CUST_0040,PROD_033,Premium Item 033,Beauty,3,85.31,187.84,2025-05-19,Faisalabad,68.1,Organic
ORD_02573,CUST_0040,PROD_021,Premium Gadget 021,Toys,1,30.74,30.74,2025-05-19,Faisalabad,0.0,Organic
ORD_02574,CUST_0215,PROD_040,Basic Widget 040,Clothing,3,423.09,1269.26,2023-05-12,Faisalabad,0.0,Instagram
ORD_02574,CUST_0215,PROD_058,Smart Tool 058,Clothing,4,234.29,937.14,2023-05-12,Faisalabad,0.0,Instagram
ORD_02574,CUST_0215,PROD_029,Elite Device 029,Electronics,2,222.19,444.37,2023-05-12,Faisalabad,0.0,Instagram
ORD_02575,CUST_0209,PROD_079,Premium Widget 079,Beauty,3,332.05,874.34,2023-01-26,Peshawar,121.82,Google Ads
ORD_02575,CUST_0209,PROD_073,Basic Tool 073,Electronics,1,457.55,417.5,2023-01-26,Peshawar,40.05,Google Ads
ORD_02575,CUST_0209,PROD_053,Smart Device 053,Beauty,3,136.53,358.56,2023-01-26,Peshawar,51.02,Google Ads
ORD_02575,CUST_0209,PROD_032,Smart Item 032,Toys,2,320.91,570.28,2023-01-26,Peshawar,71.54,Google Ads
ORD_02576,CUST_0400,PROD_029,Elite Device 029,Electronics,3,197.1,591.3,2023-03-29,Islamabad,0.0,Facebook
ORD_02576,CUST_0400,PROD_064,Basic Tool 064,Electronics,3,92.95,255.71,2023-03-29,Islamabad,23.14,Facebook
ORD_02576,CUST_0400,PROD_044,Smart Tool 044,Clothing,2,449.17,898.34,2023-03-29,Islamabad,0.0,Facebook
ORD_02576,CUST_0400,PROD_066,Elite Item 066,Beauty,2,342.87,685.74,2023-03-29,Islamabad,0.0,Facebook
ORD_02576,CUST_0400,PROD_073,Basic Tool 073,Electronics,2,412.95,580.74,2023-03-29,Islamabad,245.16,Facebook
ORD_02577,CUST_0020,PROD_042,Premium Device 042,Toys,1,62.52,55.21,2023-10-16,Islamabad,7.31,Facebook
ORD_02577,CUST_0020,PROD_008,Elite Item 008,Home & Kitchen,2,73.1,146.2,2023-10-16,Islamabad,0.0,Facebook
ORD_02578,CUST_0265,PROD_072,Premium Device 072,Electronics,1,397.18,311.0,2023-06-27,Islamabad,86.18,Email
ORD_02578,CUST_0265,PROD_030,Smart Tool 030,Sports,4,144.95,579.81,2023-06-27,Islamabad,0.0,Email
ORD_02578,CUST_0265,PROD_021,Premium Gadget 021,Toys,3,20.61,52.41,2023-06-27,Islamabad,9.42,Email
ORD_02578,CUST_0265,PROD_004,Premium Widget 004,Clothing,3,109.81,329.42,2023-06-27,Islamabad,0.0,Email
ORD_02578,CUST_0265,PROD_021,Premium Gadget 021,Toys,4,26.87,77.25,2023-06-27,Islamabad,30.24,Email
ORD_02579,CUST_0263,PROD_016,Premium Tool 016,Home & Kitchen,1,234.4,227.25,2025-01-18,Islamabad,7.15,Facebook
ORD_02579,CUST_0263,PROD_076,Smart Device 076,Home & Kitchen,4,546.25,2185.0,2025-01-18,Islamabad,0.0,Facebook
ORD_02579,CUST_0263,PROD_064,Basic Tool 064,Electronics,2,95.19,190.38,2025-01-18,Islamabad,0.0,Facebook
ORD_02579,CUST_0263,PROD_011,Premium Tool 011,Sports,2,60.57,121.14,2025-01-18,Islamabad,0.0,Facebook
ORD_02580,CUST_0086,PROD_076,Smart Device 076,Home & Kitchen,3,408.41,1200.98,2024-11-23,Peshawar,24.24,Facebook
ORD_02580,CUST_0086,PROD_052,Elite Gadget 052,Sports,3,73.28,219.85,2024-11-23,Peshawar,0.0,Facebook
ORD_02580,CUST_0086,PROD_061,Smart Widget 061,Electronics,3,332.37,997.12,2024-11-23,Peshawar,0.0,Facebook
ORD_02580,CUST_0086,PROD_020,Pro Device 020,Clothing,1,410.76,328.65,2024-11-23,Peshawar,82.11,Facebook
ORD_02581,CUST_0343,PROD_051,Premium Device 051,Clothing,1,168.21,168.21,2025-02-05,Peshawar,0.0,Facebook
ORD_02582,CUST_0162,PROD_037,Basic Device 037,Toys,1,378.98,378.98,2024-05-05,Faisalabad,0.0,Referral
ORD_02582,CUST_0162,PROD_004,Premium Widget 004,Clothing,4,145.23,509.83,2024-05-05,Faisalabad,71.11,Referral
ORD_02583,CUST_0499,PROD_025,Basic Device 025,Sports,1,135.44,135.44,2025-04-03,Multan,0.0,Facebook
ORD_02584,CUST_0412,PROD_048,Smart Device 048,Clothing,4,310.37,1207.45,2024-12-10,Islamabad,34.04,Facebook
ORD_02584,CUST_0412,PROD_011,Premium Tool 011,Sports,3,62.99,138.17,2024-12-10,Islamabad,50.8,Facebook
ORD_02585,CUST_0419,PROD_059,Pro Tool 059,Clothing,3,499.36,1498.07,2024-02-01,Rawalpindi,0.0,Facebook
ORD_02585,CUST_0419,PROD_051,Premium Device 051,Clothing,1,139.68,139.68,2024-02-01,Rawalpindi,0.0,Facebook
ORD_02585,CUST_0419,PROD_024,Elite Tool 024,Clothing,4,113.03,452.11,2024-02-01,Rawalpindi,0.0,Facebook
ORD_02585,CUST_0419,PROD_068,Basic Widget 068,Sports,2,416.88,833.76,2024-02-01,Rawalpindi,0.0,Facebook
ORD_02585,CUST_0419,PROD_076,Smart Device 076,Home & Kitchen,4,484.56,1938.22,2024-02-01,Rawalpindi,0.0,Facebook
ORD_02586,CUST_0026,PROD_041,Premium Widget 041,Books,1,227.14,227.14,2024-07-13,Faisalabad,0.0,Instagram
ORD_02587,CUST_0011,PROD_068,Basic Widget 068,Sports,4,334.96,1339.82,2023-07-17,Lahore,0.0,Facebook
ORD_02587,CUST_0011,PROD_050,Basic Widget 050,Electronics,1,501.56,371.17,2023-07-17,Lahore,130.39,Facebook
ORD_02587,CUST_0011,PROD_079,Premium Widget 079,Beauty,1,360.39,360.39,2023-07-17,Lahore,0.0,Facebook
ORD_02587,CUST_0011,PROD_078,Basic Item 078,Beauty,2,189.94,301.5,2023-07-17,Lahore,78.39,Facebook
ORD_02588,CUST_0151,PROD_011,Premium Tool 011,Sports,2,64.75,116.92,2023-08-09,Multan,12.57,Google Ads
ORD_02589,CUST_0426,PROD_004,Premium Widget 004,Clothing,1,122.78,122.78,2024-03-26,Faisalabad,0.0,Email
ORD_02589,CUST_0426,PROD_050,Basic Widget 050,Electronics,4,367.59,1470.37,2024-03-26,Faisalabad,0.0,Email
ORD_02589,CUST_0426,PROD_049,Premium Widget 049,Books,2,375.57,751.15,2024-03-26,Faisalabad,0.0,Email
ORD_02589,CUST_0426,PROD_068,Basic Widget 068,Sports,2,361.92,723.85,2024-03-26,Faisalabad,0.0,Email
ORD_02589,CUST_0426,PROD_048,Smart Device 048,Clothing,1,353.82,353.82,2024-03-26,Faisalabad,0.0,Email
ORD_02590,CUST_0051,PROD_062,Smart Widget 062,Electronics,4,556.1,1687.53,2023-08-30,Rawalpindi,536.89,Instagram
ORD_02590,CUST_0051,PROD_026,Smart Tool 026,Sports,2,223.77,447.54,2023-08-30,Rawalpindi,0.0,Instagram
ORD_02590,CUST_0051,PROD_077,Basic Item 077,Clothing,4,139.0,555.99,2023-08-30,Rawalpindi,0.0,Instagram
ORD_02590,CUST_0051,PROD_076,Smart Device 076,Home & Kitchen,4,462.7,1850.81,2023-08-30,Rawalpindi,0.0,Instagram
ORD_02591,CUST_0232,PROD_004,Premium Widget 004,Clothing,3,115.79,251.23,2024-08-19,Peshawar,96.14,Google Ads
ORD_02592,CUST_0276,PROD_039,Premium Item 039,Toys,2,415.02,795.61,2024-12-22,Multan,34.43,Facebook
ORD_02592,CUST_0276,PROD_076,Smart Device 076,Home & Kitchen,4,449.98,1799.92,2024-12-22,Multan,0.0,Facebook
ORD_02592,CUST_0276,PROD_016,Premium Tool 016,Home & Kitchen,2,248.43,496.86,2024-12-22,Multan,0.0,Facebook
ORD_02592,CUST_0276,PROD_035,Smart Widget 035,Toys,4,359.58,1186.7,2024-12-22,Multan,251.62,Facebook
ORD_02592,CUST_0276,PROD_078,Basic Item 078,Beauty,1,166.21,166.21,2024-12-22,Multan,0.0,Facebook
ORD_02593,CUST_0218,PROD_016,Premium Tool 016,Home & Kitchen,2,215.78,431.57,2023-08-26,Karachi,0.0,Facebook
ORD_02593,CUST_0218,PROD_080,Smart Widget 080,Electronics,3,285.46,653.43,2023-08-26,Karachi,202.95,Facebook
ORD_02593,CUST_0218,PROD_034,Premium Item 034,Sports,4,349.45,1397.78,2023-08-26,Karachi,0.0,Facebook
ORD_02593,CUST_0218,PROD_058,Smart Tool 058,Clothing,2,204.78,409.57,2023-08-26,Karachi,0.0,Facebook
ORD_02593,CUST_0218,PROD_020,Pro Device 020,Clothing,4,353.85,1415.4,2023-08-26,Karachi,0.0,Facebook
ORD_02594,CUST_0309,PROD_021,Premium Gadget 021,Toys,4,23.44,93.75,2023-12-09,Rawalpindi,0.0,Referral
ORD_02594,CUST_0309,PROD_041,Premium Widget 041,Books,1,285.07,285.07,2023-12-09,Rawalpindi,0.0,Referral
ORD_02594,CUST_0309,PROD_016,Premium Tool 016,Home & Kitchen,3,221.2,663.59,2023-12-09,Rawalpindi,0.0,Referral
ORD_02595,CUST_0230,PROD_030,Smart Tool 030,Sports,3,128.6,315.29,2024-07-13,Faisalabad,70.52,Organic
ORD_02595,CUST_0230,PROD_015,Pro Widget 015,Toys,1,127.04,106.65,2024-07-13,Faisalabad,20.39,Organic
ORD_02596,CUST_0246,PROD_046,Pro Tool 046,Sports,1,194.82,194.82,2024-04-15,Multan,0.0,Instagram
ORD_02597,CUST_0345,PROD_023,Smart Item 023,Clothing,3,317.08,712.23,2024-10-01,Peshawar,239.0,Email
ORD_02597,CUST_0345,PROD_062,Smart Widget 062,Electronics,3,514.62,1166.62,2024-10-01,Peshawar,377.23,Email
ORD_02598,CUST_0048,PROD_009,Pro Widget 009,Electronics,4,171.15,684.61,2025-02-20,Peshawar,0.0,Instagram
ORD_02598,CUST_0048,PROD_057,Pro Widget 057,Clothing,4,86.01,261.94,2025-02-20,Peshawar,82.11,Instagram
ORD_02598,CUST_0048,PROD_072,Premium Device 072,Electronics,4,300.99,1203.95,2025-02-20,Peshawar,0.0,Instagram
ORD_02598,CUST_0048,PROD_031,Smart Widget 031,Books,1,426.84,426.84,2025-02-20,Peshawar,0.0,Instagram
ORD_02599,CUST_0410,PROD_079,Premium Widget 079,Beauty,4,289.62,1018.62,2024-02-24,Islamabad,139.85,Referral
ORD_02599,CUST_0410,PROD_047,Basic Gadget 047,Electronics,3,180.37,541.11,2024-02-24,Islamabad,0.0,Referral
ORD_02600,CUST_0399,PROD_035,Smart Widget 035,Toys,2,356.54,574.06,2023-11-17,Rawalpindi,139.01,Facebook
ORD_02600,CUST_0399,PROD_037,Basic Device 037,Toys,1,393.98,349.03,2023-11-17,Rawalpindi,44.95,Facebook
ORD_02601,CUST_0025,PROD_023,Smart Item 023,Clothing,2,383.71,729.78,2024-07-07,Peshawar,37.65,Organic
ORD_02602,CUST_0005,PROD_046,Pro Tool 046,Sports,2,264.39,528.78,2023-01-25,Lahore,0.0,Organic
ORD_02602,CUST_0005,PROD_037,Basic Device 037,Toys,3,443.4,1330.19,2023-01-25,Lahore,0.0,Organic
ORD_02602,CUST_0005,PROD_054,Elite Tool 054,Clothing,1,45.84,45.84,2023-01-25,Lahore,0.0,Organic
ORD_02602,CUST_0005,PROD_022,Pro Tool 022,Home & Kitchen,2,37.14,67.23,2023-01-25,Lahore,7.04,Organic
ORD_02602,CUST_0005,PROD_039,Premium Item 039,Toys,1,478.21,460.59,2023-01-25,Lahore,17.62,Organic
ORD_02603,CUST_0161,PROD_035,Smart Widget 035,Toys,2,311.61,623.22,2024-10-14,Islamabad,0.0,Email
ORD_02603,CUST_0161,PROD_012,Elite Widget 012,Sports,2,152.45,238.3,2024-10-14,Islamabad,66.61,Email
ORD_02603,CUST_0161,PROD_074,Smart Gadget 074,Sports,2,337.99,675.98,2024-10-14,Islamabad,0.0,Email
ORD_02603,CUST_0161,PROD_043,Elite Device 043,Clothing,4,164.42,479.22,2024-10-14,Islamabad,178.47,Email
ORD_02604,CUST_0011,PROD_042,Premium Device 042,Toys,4,68.58,274.3,2023-04-06,Islamabad,0.0,Facebook
ORD_02604,CUST_0011,PROD_054,Elite Tool 054,Clothing,2,64.86,94.15,2023-04-06,Islamabad,35.57,Facebook
ORD_02604,CUST_0011,PROD_047,Basic Gadget 047,Electronics,1,191.92,191.92,2023-04-06,Islamabad,0.0,Facebook
ORD_02604,CUST_0011,PROD_002,Basic Gadget 002,Books,2,50.05,100.1,2023-04-06,Islamabad,0.0,Facebook
ORD_02604,CUST_0011,PROD_063,Basic Gadget 063,Beauty,2,264.66,470.79,2023-04-06,Islamabad,58.53,Facebook
ORD_02605,CUST_0072,PROD_048,Smart Device 048,Clothing,3,272.26,785.53,2023-08-06,Multan,31.24,Instagram
ORD_02605,CUST_0072,PROD_008,Elite Item 008,Home & Kitchen,2,95.17,190.34,2023-08-06,Multan,0.0,Instagram
ORD_02605,CUST_0072,PROD_053,Smart Device 053,Beauty,4,138.13,552.51,2023-08-06,Multan,0.0,Instagram
ORD_02606,CUST_0155,PROD_066,Elite Item 066,Beauty,2,380.19,760.38,2024-11-22,Karachi,0.0,Email
ORD_02607,CUST_0309,PROD_043,Elite Device 043,Clothing,2,130.91,241.23,2023-04-28,Multan,20.59,Google Ads
ORD_02607,CUST_0309,PROD_024,Elite Tool 024,Clothing,3,147.04,384.24,2023-04-28,Multan,56.87,Google Ads
ORD_02607,CUST_0309,PROD_069,Premium Item 069,Electronics,4,38.8,132.09,2023-04-28,Multan,23.12,Google Ads
ORD_02608,CUST_0262,PROD_037,Basic Device 037,Toys,4,516.52,1914.32,2023-03-28,Peshawar,151.77,Email
ORD_02608,CUST_0262,PROD_033,Premium Item 033,Beauty,1,86.21,86.21,2023-03-28,Peshawar,0.0,Email
ORD_02609,CUST_0046,PROD_069,Premium Item 069,Electronics,2,36.92,73.84,2024-05-30,Karachi,0.0,Facebook
ORD_02609,CUST_0046,PROD_045,Basic Item 045,Beauty,3,551.13,1653.4,2024-05-30,Karachi,0.0,Facebook
ORD_02609,CUST_0046,PROD_045,Basic Item 045,Beauty,1,424.2,424.2,2024-05-30,Karachi,0.0,Facebook
ORD_02610,CUST_0012,PROD_080,Smart Widget 080,Electronics,3,303.11,909.34,2024-11-08,Karachi,0.0,Organic
ORD_02610,CUST_0012,PROD_057,Pro Widget 057,Clothing,2,96.74,180.01,2024-11-08,Karachi,13.47,Organic
ORD_02610,CUST_0012,PROD_041,Premium Widget 041,Books,3,236.09,708.27,2024-11-08,Karachi,0.0,Organic
ORD_02610,CUST_0012,PROD_077,Basic Item 077,Clothing,3,127.34,367.38,2024-11-08,Karachi,14.64,Organic
ORD_02611,CUST_0009,PROD_003,Smart Widget 003,Sports,1,224.06,224.06,2024-12-05,Islamabad,0.0,Referral
ORD_02611,CUST_0009,PROD_027,Basic Gadget 027,Sports,1,259.37,255.65,2024-12-05,Islamabad,3.72,Referral
ORD_02611,CUST_0009,PROD_061,Smart Widget 061,Electronics,4,295.66,1061.22,2024-12-05,Islamabad,121.44,Referral
ORD_02612,CUST_0097,PROD_031,Smart Widget 031,Books,3,382.62,1075.82,2024-08-18,Peshawar,72.03,Organic
ORD_02613,CUST_0096,PROD_019,Smart Gadget 019,Clothing,1,273.75,210.6,2025-02-02,Lahore,63.15,Instagram
ORD_02613,CUST_0096,PROD_048,Smart Device 048,Clothing,3,350.77,931.53,2025-02-02,Lahore,120.78,Instagram
ORD_02613,CUST_0096,PROD_019,Smart Gadget 019,Clothing,3,246.63,739.9,2025-02-02,Lahore,0.0,Instagram
ORD_02613,CUST_0096,PROD_045,Basic Item 045,Beauty,4,506.85,2027.4,2025-02-02,Lahore,0.0,Instagram
ORD_02613,CUST_0096,PROD_030,Smart Tool 030,Sports,2,138.64,260.03,2025-02-02,Lahore,17.26,Instagram
ORD_02614,CUST_0016,PROD_065,Premium Tool 065,Home & Kitchen,3,512.59,1537.77,2024-08-15,Karachi,0.0,Email
ORD_02614,CUST_0016,PROD_068,Basic Widget 068,Sports,2,412.78,825.56,2024-08-15,Karachi,0.0,Email
ORD_02614,CUST_0016,PROD_002,Basic Gadget 002,Books,3,59.79,134.69,2024-08-15,Karachi,44.69,Email
ORD_02615,CUST_0125,PROD_002,Basic Gadget 002,Books,1,61.69,61.69,2024-09-10,Faisalabad,0.0,Google Ads
ORD_02615,CUST_0125,PROD_047,Basic Gadget 047,Electronics,3,168.93,401.61,2024-09-10,Faisalabad,105.18,Google Ads
ORD_02615,CUST_0125,PROD_003,Smart Widget 003,Sports,4,238.73,954.93,2024-09-10,Faisalabad,0.0,Google Ads
ORD_02615,CUST_0125,PROD_054,Elite Tool 054,Clothing,2,60.03,106.47,2024-09-10,Faisalabad,13.59,Google Ads
ORD_02616,CUST_0240,PROD_013,Smart Item 013,Sports,4,98.25,392.98,2023-01-04,Lahore,0.0,Instagram
ORD_02616,CUST_0240,PROD_043,Elite Device 043,Clothing,1,156.37,156.37,2023-01-04,Lahore,0.0,Instagram
ORD_02617,CUST_0017,PROD_044,Smart Tool 044,Clothing,2,380.63,761.26,2024-11-11,Karachi,0.0,Instagram
ORD_02617,CUST_0017,PROD_075,Smart Widget 075,Beauty,1,383.48,359.53,2024-11-11,Karachi,23.95,Instagram
ORD_02618,CUST_0011,PROD_069,Premium Item 069,Electronics,3,34.29,102.88,2024-10-09,Peshawar,0.0,Facebook
ORD_02618,CUST_0011,PROD_079,Premium Widget 079,Beauty,2,256.71,513.41,2024-10-09,Peshawar,0.0,Facebook
ORD_02618,CUST_0011,PROD_033,Premium Item 033,Beauty,3,70.46,211.37,2024-10-09,Peshawar,0.0,Facebook
ORD_02618,CUST_0011,PROD_013,Smart Item 013,Sports,4,86.74,346.96,2024-10-09,Peshawar,0.0,Facebook
ORD_02619,CUST_0320,PROD_024,Elite Tool 024,Clothing,1,154.18,131.59,2025-02-05,Karachi,22.59,Organic
ORD_02620,CUST_0093,PROD_080,Smart Widget 080,Electronics,3,320.23,936.91,2024-09-17,Multan,23.79,Instagram
ORD_02621,CUST_0327,PROD_054,Elite Tool 054,Clothing,3,55.85,142.98,2025-03-06,Rawalpindi,24.56,Referral
ORD_02621,CUST_0327,PROD_074,Smart Gadget 074,Sports,2,282.82,565.64,2025-03-06,Rawalpindi,0.0,Referral
ORD_02621,CUST_0327,PROD_054,Elite Tool 054,Clothing,3,48.02,142.97,2025-03-06,Rawalpindi,1.08,Referral
ORD_02621,CUST_0327,PROD_032,Smart Item 032,Toys,1,382.88,295.37,2025-03-06,Rawalpindi,87.51,Referral
ORD_02622,CUST_0099,PROD_050,Basic Widget 050,Electronics,1,454.6,454.6,2023-01-12,Karachi,0.0,Referral
ORD_02623,CUST_0092,PROD_006,Smart Tool 006,Clothing,1,261.32,261.32,2023-04-03,Lahore,0.0,Email
ORD_02623,CUST_0092,PROD_009,Pro Widget 009,Electronics,4,225.68,830.22,2023-04-03,Lahore,72.52,Email
ORD_02623,CUST_0092,PROD_005,Smart Widget 005,Sports,4,86.98,347.94,2023-04-03,Lahore,0.0,Email
ORD_02624,CUST_0285,PROD_063,Basic Gadget 063,Beauty,2,219.42,399.25,2025-05-27,Karachi,39.59,Instagram
ORD_02624,CUST_0285,PROD_033,Premium Item 033,Beauty,3,86.6,259.79,2025-05-27,Karachi,0.0,Instagram
ORD_02625,CUST_0025,PROD_059,Pro Tool 059,Clothing,2,437.0,874.0,2025-03-20,Karachi,0.0,Instagram
ORD_02625,CUST_0025,PROD_069,Premium Item 069,Electronics,2,28.66,57.31,2025-03-20,Karachi,0.0,Instagram
ORD_02625,CUST_0025,PROD_016,Premium Tool 016,Home & Kitchen,1,191.3,191.3,2025-03-20,Karachi,0.0,Instagram
ORD_02625,CUST_0025,PROD_078,Basic Item 078,Beauty,1,165.18,165.18,2025-03-20,Karachi,0.0,Instagram
ORD_02626,CUST_0318,PROD_014,Premium Widget 014,Books,1,119.53,92.01,2025-04-09,Multan,27.52,Organic
ORD_02626,CUST_0318,PROD_035,Smart Widget 035,Toys,4,333.83,1038.8,2025-04-09,Multan,296.52,Organic
ORD_02626,CUST_0318,PROD_070,Elite Device 070,Toys,3,265.34,796.01,2025-04-09,Multan,0.0,Organic
ORD_02626,CUST_0318,PROD_076,Smart Device 076,Home & Kitchen,1,540.35,503.89,2025-04-09,Multan,36.46,Organic
ORD_02626,CUST_0318,PROD_060,Premium Tool 060,Toys,3,455.09,987.9,2025-04-09,Multan,377.36,Organic
ORD_02627,CUST_0394,PROD_075,Smart Widget 075,Beauty,2,364.3,612.91,2024-05-15,Karachi,115.68,Organic
ORD_02627,CUST_0394,PROD_070,Elite Device 070,Toys,4,250.2,1000.78,2024-05-15,Karachi,0.0,Organic
ORD_02627,CUST_0394,PROD_006,Smart Tool 006,Clothing,1,210.69,198.45,2024-05-15,Karachi,12.24,Organic
ORD_02627,CUST_0394,PROD_028,Premium Widget 028,Clothing,1,287.45,272.44,2024-05-15,Karachi,15.01,Organic
ORD_02627,CUST_0394,PROD_060,Premium Tool 060,Toys,1,346.02,346.02,2024-05-15,Karachi,0.0,Organic
ORD_02628,CUST_0488,PROD_034,Premium Item 034,Sports,4,359.93,1104.64,2025-02-26,Islamabad,335.09,Facebook
ORD_02628,CUST_0488,PROD_056,Premium Widget 056,Electronics,3,231.32,693.95,2025-02-26,Islamabad,0.0,Facebook
ORD_02628,CUST_0488,PROD_055,Elite Item 055,Beauty,2,213.89,427.79,2025-02-26,Islamabad,0.0,Facebook
ORD_02628,CUST_0488,PROD_014,Premium Widget 014,Books,4,138.89,555.55,2025-02-26,Islamabad,0.0,Facebook
ORD_02629,CUST_0325,PROD_065,Premium Tool 065,Home & Kitchen,2,387.85,734.9,2023-07-27,Lahore,40.79,Facebook
ORD_02630,CUST_0199,PROD_070,Elite Device 070,Toys,1,300.82,277.52,2023-08-19,Peshawar,23.3,Organic
ORD_02630,CUST_0199,PROD_002,Basic Gadget 002,Books,4,69.39,277.55,2023-08-19,Peshawar,0.0,Organic
ORD_02631,CUST_0086,PROD_039,Premium Item 039,Toys,3,438.08,1314.25,2025-03-01,Faisalabad,0.0,Organic
ORD_02631,CUST_0086,PROD_051,Premium Device 051,Clothing,3,157.08,340.8,2025-03-01,Faisalabad,130.43,Organic
ORD_02631,CUST_0086,PROD_017,Pro Gadget 017,Home & Kitchen,1,154.62,154.62,2025-03-01,Faisalabad,0.0,Organic
ORD_02632,CUST_0360,PROD_073,Basic Tool 073,Electronics,1,558.97,412.73,2024-02-19,Karachi,146.24,Organic
ORD_02632,CUST_0360,PROD_054,Elite Tool 054,Clothing,4,66.88,257.2,2024-02-19,Karachi,10.33,Organic
ORD_02632,CUST_0360,PROD_043,Elite Device 043,Clothing,2,164.06,328.11,2024-02-19,Karachi,0.0,Organic
ORD_02632,CUST_0360,PROD_058,Smart Tool 058,Clothing,1,179.68,179.68,2024-02-19,Karachi,0.0,Organic
ORD_02632,CUST_0360,PROD_001,Premium Widget 001,Books,4,146.74,586.95,2024-02-19,Karachi,0.0,Organic
ORD_02633,CUST_0222,PROD_013,Smart Item 013,Sports,3,103.08,309.24,2023-10-08,Multan,0.0,Facebook
ORD_02633,CUST_0222,PROD_078,Basic Item 078,Beauty,3,160.16,480.49,2023-10-08,Multan,0.0,Facebook
ORD_02633,CUST_0222,PROD_025,Basic Device 025,Sports,4,127.19,508.75,2023-10-08,Multan,0.0,Facebook
ORD_02633,CUST_0222,PROD_023,Smart Item 023,Clothing,3,325.78,819.48,2023-10-08,Multan,157.85,Facebook
ORD_02634,CUST_0428,PROD_029,Elite Device 029,Electronics,3,165.86,439.99,2024-08-06,Multan,57.58,Instagram
ORD_02634,CUST_0428,PROD_029,Elite Device 029,Electronics,2,236.2,379.34,2024-08-06,Multan,93.05,Instagram
ORD_02634,CUST_0428,PROD_004,Premium Widget 004,Clothing,1,112.35,82.63,2024-08-06,Multan,29.72,Instagram
ORD_02634,CUST_0428,PROD_046,Pro Tool 046,Sports,1,247.78,187.52,2024-08-06,Multan,60.26,Instagram
ORD_02635,CUST_0180,PROD_049,Premium Widget 049,Books,2,273.38,546.75,2024-10-21,Faisalabad,0.0,Email
ORD_02636,CUST_0158,PROD_076,Smart Device 076,Home & Kitchen,4,388.5,1554.02,2024-05-14,Lahore,0.0,Facebook
ORD_02636,CUST_0158,PROD_078,Basic Item 078,Beauty,3,177.25,495.06,2024-05-14,Lahore,36.68,Facebook
ORD_02636,CUST_0158,PROD_065,Premium Tool 065,Home & Kitchen,3,388.2,1164.59,2024-05-14,Lahore,0.0,Facebook
ORD_02636,CUST_0158,PROD_075,Smart Widget 075,Beauty,1,323.4,323.4,2024-05-14,Lahore,0.0,Facebook
ORD_02637,CUST_0392,PROD_053,Smart Device 053,Beauty,4,106.02,308.5,2024-06-05,Islamabad,115.59,Referral
ORD_02638,CUST_0014,PROD_011,Premium Tool 011,Sports,2,64.42,128.83,2024-08-12,Karachi,0.0,Facebook
ORD_02638,CUST_0014,PROD_073,Basic Tool 073,Electronics,2,453.92,907.84,2024-08-12,Karachi,0.0,Facebook
ORD_02638,CUST_0014,PROD_068,Basic Widget 068,Sports,1,399.02,339.31,2024-08-12,Karachi,59.71,Facebook
ORD_02638,CUST_0014,PROD_079,Premium Widget 079,Beauty,2,287.26,574.51,2024-08-12,Karachi,0.0,Facebook
ORD_02638,CUST_0014,PROD_034,Premium Item 034,Sports,1,414.62,414.62,2024-08-12,Karachi,0.0,Facebook
ORD_02639,CUST_0074,PROD_038,Premium Device 038,Home & Kitchen,2,201.59,403.18,2023-04-07,Rawalpindi,0.0,Referral
ORD_02639,CUST_0074,PROD_064,Basic Tool 064,Electronics,3,77.27,222.07,2023-04-07,Rawalpindi,9.74,Referral
ORD_02639,CUST_0074,PROD_068,Basic Widget 068,Sports,2,404.5,809.01,2023-04-07,Rawalpindi,0.0,Referral
ORD_02639,CUST_0074,PROD_004,Premium Widget 004,Clothing,2,128.15,256.3,2023-04-07,Rawalpindi,0.0,Referral
ORD_02639,CUST_0074,PROD_054,Elite Tool 054,Clothing,2,57.57,115.15,2023-04-07,Rawalpindi,0.0,Referral
ORD_02640,CUST_0285,PROD_020,Pro Device 020,Clothing,4,295.69,1182.78,2023-11-16,Islamabad,0.0,Email
ORD_02640,CUST_0285,PROD_027,Basic Gadget 027,Sports,2,211.74,380.59,2023-11-16,Islamabad,42.89,Email
ORD_02640,CUST_0285,PROD_013,Smart Item 013,Sports,2,111.32,185.22,2023-11-16,Islamabad,37.43,Email
ORD_02641,CUST_0239,PROD_001,Premium Widget 001,Books,3,161.98,343.85,2024-02-07,Lahore,142.1,Facebook
ORD_02641,CUST_0239,PROD_033,Premium Item 033,Beauty,3,102.2,306.6,2024-02-07,Lahore,0.0,Facebook
ORD_02641,CUST_0239,PROD_044,Smart Tool 044,Clothing,2,530.25,1060.51,2024-02-07,Lahore,0.0,Facebook
ORD_02641,CUST_0239,PROD_052,Elite Gadget 052,Sports,4,75.31,301.24,2024-02-07,Lahore,0.0,Facebook
ORD_02642,CUST_0391,PROD_009,Pro Widget 009,Electronics,4,186.02,744.06,2023-04-28,Faisalabad,0.0,Google Ads
ORD_02642,CUST_0391,PROD_032,Smart Item 032,Toys,3,348.4,1045.19,2023-04-28,Faisalabad,0.0,Google Ads
ORD_02642,CUST_0391,PROD_071,Premium Device 071,Electronics,3,397.72,1182.72,2023-04-28,Faisalabad,10.44,Google Ads
ORD_02642,CUST_0391,PROD_042,Premium Device 042,Toys,1,75.22,75.22,2023-04-28,Faisalabad,0.0,Google Ads
ORD_02643,CUST_0453,PROD_068,Basic Widget 068,Sports,1,368.24,368.24,2024-03-26,Multan,0.0,Facebook
ORD_02643,CUST_0453,PROD_069,Premium Item 069,Electronics,4,34.81,139.26,2024-03-26,Multan,0.0,Facebook
ORD_02643,CUST_0453,PROD_070,Elite Device 070,Toys,2,229.06,458.12,2024-03-26,Multan,0.0,Facebook
ORD_02644,CUST_0024,PROD_026,Smart Tool 026,Sports,3,214.49,643.46,2024-05-22,Peshawar,0.0,Google Ads
ORD_02644,CUST_0024,PROD_017,Pro Gadget 017,Home & Kitchen,3,173.94,521.82,2024-05-22,Peshawar,0.0,Google Ads
ORD_02644,CUST_0024,PROD_070,Elite Device 070,Toys,1,258.02,258.02,2024-05-22,Peshawar,0.0,Google Ads
ORD_02644,CUST_0024,PROD_025,Basic Device 025,Sports,3,155.77,467.32,2024-05-22,Peshawar,0.0,Google Ads
ORD_02644,CUST_0024,PROD_063,Basic Gadget 063,Beauty,4,267.81,1071.25,2024-05-22,Peshawar,0.0,Google Ads
ORD_02645,CUST_0209,PROD_075,Smart Widget 075,Beauty,1,270.02,270.02,2023-04-20,Karachi,0.0,Organic
ORD_02645,CUST_0209,PROD_060,Premium Tool 060,Toys,2,443.84,651.53,2023-04-20,Karachi,236.15,Organic
ORD_02645,CUST_0209,PROD_022,Pro Tool 022,Home & Kitchen,2,49.91,99.82,2023-04-20,Karachi,0.0,Organic
ORD_02646,CUST_0129,PROD_013,Smart Item 013,Sports,2,102.5,205.0,2023-10-16,Multan,0.0,Organic
ORD_02646,CUST_0129,PROD_057,Pro Widget 057,Clothing,4,112.08,396.51,2023-10-16,Multan,51.8,Organic
ORD_02646,CUST_0129,PROD_065,Premium Tool 065,Home & Kitchen,3,407.32,1220.3,2023-10-16,Multan,1.65,Organic
ORD_02646,CUST_0129,PROD_076,Smart Device 076,Home & Kitchen,1,501.92,501.92,2023-10-16,Multan,0.0,Organic
ORD_02646,CUST_0129,PROD_063,Basic Gadget 063,Beauty,3,199.76,599.27,2023-10-16,Multan,0.0,Organic
ORD_02647,CUST_0337,PROD_077,Basic Item 077,Clothing,2,121.46,180.09,2023-07-16,Peshawar,62.83,Email
ORD_02648,CUST_0134,PROD_050,Basic Widget 050,Electronics,3,440.85,1322.56,2025-04-27,Faisalabad,0.0,Email
ORD_02649,CUST_0080,PROD_054,Elite Tool 054,Clothing,3,52.22,126.58,2024-12-12,Lahore,30.07,Instagram
ORD_02649,CUST_0080,PROD_072,Premium Device 072,Electronics,4,404.41,1617.63,2024-12-12,Lahore,0.0,Instagram
ORD_02649,CUST_0080,PROD_022,Pro Tool 022,Home & Kitchen,2,43.28,86.56,2024-12-12,Lahore,0.0,Instagram
ORD_02649,CUST_0080,PROD_054,Elite Tool 054,Clothing,2,67.25,134.51,2024-12-12,Lahore,0.0,Instagram
ORD_02649,CUST_0080,PROD_002,Basic Gadget 002,Books,1,56.97,56.97,2024-12-12,Lahore,0.0,Instagram
ORD_02650,CUST_0343,PROD_071,Premium Device 071,Electronics,1,342.91,342.91,2025-06-08,Peshawar,0.0,Email
ORD_02651,CUST_0001,PROD_020,Pro Device 020,Clothing,4,395.93,1284.59,2023-12-07,Rawalpindi,299.15,Email
ORD_02651,CUST_0001,PROD_020,Pro Device 020,Clothing,1,401.89,400.67,2023-12-07,Rawalpindi,1.22,Email
ORD_02652,CUST_0037,PROD_074,Smart Gadget 074,Sports,2,354.28,708.57,2023-03-04,Karachi,0.0,Instagram
ORD_02652,CUST_0037,PROD_076,Smart Device 076,Home & Kitchen,4,445.26,1691.62,2023-03-04,Karachi,89.41,Instagram
ORD_02652,CUST_0037,PROD_047,Basic Gadget 047,Electronics,3,145.38,344.97,2023-03-04,Karachi,91.18,Instagram
ORD_02652,CUST_0037,PROD_075,Smart Widget 075,Beauty,1,324.85,258.68,2023-03-04,Karachi,66.17,Instagram
ORD_02652,CUST_0037,PROD_017,Pro Gadget 017,Home & Kitchen,4,201.3,764.94,2023-03-04,Karachi,40.26,Instagram
ORD_02653,CUST_0421,PROD_072,Premium Device 072,Electronics,4,302.22,1208.88,2024-12-12,Islamabad,0.0,Google Ads
ORD_02653,CUST_0421,PROD_031,Smart Widget 031,Books,3,375.32,994.06,2024-12-12,Islamabad,131.89,Google Ads
ORD_02653,CUST_0421,PROD_072,Premium Device 072,Electronics,4,360.6,1442.4,2024-12-12,Islamabad,0.0,Google Ads
ORD_02653,CUST_0421,PROD_042,Premium Device 042,Toys,3,74.74,224.23,2024-12-12,Islamabad,0.0,Google Ads
ORD_02653,CUST_0421,PROD_019,Smart Gadget 019,Clothing,2,278.15,556.3,2024-12-12,Islamabad,0.0,Google Ads
ORD_02654,CUST_0435,PROD_020,Pro Device 020,Clothing,2,312.65,503.8,2024-06-21,Islamabad,121.49,Instagram
ORD_02654,CUST_0435,PROD_078,Basic Item 078,Beauty,1,190.49,190.49,2024-06-21,Islamabad,0.0,Instagram
ORD_02654,CUST_0435,PROD_077,Basic Item 077,Clothing,1,131.75,109.81,2024-06-21,Islamabad,21.94,Instagram
ORD_02654,CUST_0435,PROD_047,Basic Gadget 047,Electronics,2,141.83,233.71,2024-06-21,Islamabad,49.95,Instagram
ORD_02654,CUST_0435,PROD_012,Elite Widget 012,Sports,3,167.16,387.44,2024-06-21,Islamabad,114.03,Instagram
ORD_02655,CUST_0405,PROD_055,Elite Item 055,Beauty,4,217.05,827.34,2025-06-15,Islamabad,40.85,Organic
ORD_02655,CUST_0405,PROD_006,Smart Tool 006,Clothing,2,226.81,384.49,2025-06-15,Islamabad,69.14,Organic
ORD_02655,CUST_0405,PROD_013,Smart Item 013,Sports,3,97.06,291.19,2025-06-15,Islamabad,0.0,Organic
ORD_02655,CUST_0405,PROD_070,Elite Device 070,Toys,1,303.72,303.72,2025-06-15,Islamabad,0.0,Organic
ORD_02655,CUST_0405,PROD_079,Premium Widget 079,Beauty,1,311.0,311.0,2025-06-15,Islamabad,0.0,Organic
ORD_02656,CUST_0144,PROD_062,Smart Widget 062,Electronics,3,480.05,1440.14,2023-12-12,Islamabad,0.0,Email
ORD_02656,CUST_0144,PROD_006,Smart Tool 006,Clothing,2,222.83,445.66,2023-12-12,Islamabad,0.0,Email
ORD_02656,CUST_0144,PROD_067,Smart Tool 067,Clothing,4,96.73,386.91,2023-12-12,Islamabad,0.0,Email
ORD_02656,CUST_0144,PROD_003,Smart Widget 003,Sports,4,230.33,692.41,2023-12-12,Islamabad,228.92,Email
ORD_02656,CUST_0144,PROD_072,Premium Device 072,Electronics,1,321.15,313.41,2023-12-12,Islamabad,7.74,Email
ORD_02657,CUST_0463,PROD_042,Premium Device 042,Toys,4,66.51,266.03,2024-05-24,Peshawar,0.0,Google Ads
ORD_02657,CUST_0463,PROD_079,Premium Widget 079,Beauty,2,293.01,426.99,2024-05-24,Peshawar,159.04,Google Ads
ORD_02657,CUST_0463,PROD_048,Smart Device 048,Clothing,4,298.37,997.53,2024-05-24,Peshawar,195.93,Google Ads
ORD_02658,CUST_0218,PROD_001,Premium Widget 001,Books,1,135.46,130.94,2025-04-17,Multan,4.52,Organic
ORD_02658,CUST_0218,PROD_028,Premium Widget 028,Clothing,4,362.81,1451.22,2025-04-17,Multan,0.0,Organic
ORD_02658,CUST_0218,PROD_024,Elite Tool 024,Clothing,3,146.54,401.96,2025-04-17,Multan,37.65,Organic
ORD_02658,CUST_0218,PROD_062,Smart Widget 062,Electronics,1,372.0,333.5,2025-04-17,Multan,38.5,Organic
ORD_02658,CUST_0218,PROD_074,Smart Gadget 074,Sports,1,288.43,210.19,2025-04-17,Multan,78.24,Organic
ORD_02659,CUST_0158,PROD_007,Pro Widget 007,Toys,3,454.86,1364.58,2024-12-12,Peshawar,0.0,Instagram
ORD_02659,CUST_0158,PROD_063,Basic Gadget 063,Beauty,2,281.45,562.9,2024-12-12,Peshawar,0.0,Instagram
ORD_02659,CUST_0158,PROD_063,Basic Gadget 063,Beauty,3,243.8,731.41,2024-12-12,Peshawar,0.0,Instagram
ORD_02660,CUST_0460,PROD_057,Pro Widget 057,Clothing,2,110.92,158.96,2023-02-25,Lahore,62.87,Facebook
ORD_02660,CUST_0460,PROD_013,Smart Item 013,Sports,1,84.92,74.28,2023-02-25,Lahore,10.64,Facebook
ORD_02660,CUST_0460,PROD_035,Smart Widget 035,Toys,4,292.02,1139.89,2023-02-25,Lahore,28.21,Facebook
ORD_02660,CUST_0460,PROD_002,Basic Gadget 002,Books,3,69.6,208.8,2023-02-25,Lahore,0.0,Facebook
ORD_02660,CUST_0460,PROD_020,Pro Device 020,Clothing,2,303.28,606.56,2023-02-25,Lahore,0.0,Facebook
ORD_02661,CUST_0445,PROD_032,Smart Item 032,Toys,2,386.82,543.25,2024-07-31,Islamabad,230.39,Instagram
ORD_02661,CUST_0445,PROD_024,Elite Tool 024,Clothing,4,132.98,474.48,2024-07-31,Islamabad,57.43,Instagram
ORD_02661,CUST_0445,PROD_046,Pro Tool 046,Sports,3,197.82,593.46,2024-07-31,Islamabad,0.0,Instagram
ORD_02661,CUST_0445,PROD_072,Premium Device 072,Electronics,3,400.94,1072.88,2024-07-31,Islamabad,129.94,Instagram
ORD_02662,CUST_0372,PROD_062,Smart Widget 062,Electronics,2,493.21,986.42,2024-03-12,Islamabad,0.0,Email
ORD_02662,CUST_0372,PROD_066,Elite Item 066,Beauty,4,296.74,1186.97,2024-03-12,Islamabad,0.0,Email
ORD_02662,CUST_0372,PROD_007,Pro Widget 007,Toys,2,379.49,758.98,2024-03-12,Islamabad,0.0,Email
ORD_02662,CUST_0372,PROD_034,Premium Item 034,Sports,3,436.8,1310.41,2024-03-12,Islamabad,0.0,Email
ORD_02663,CUST_0228,PROD_075,Smart Widget 075,Beauty,3,350.1,960.14,2024-09-28,Islamabad,90.17,Google Ads
ORD_02663,CUST_0228,PROD_059,Pro Tool 059,Clothing,1,401.08,401.08,2024-09-28,Islamabad,0.0,Google Ads
ORD_02663,CUST_0228,PROD_040,Basic Widget 040,Clothing,3,358.38,950.76,2024-09-28,Islamabad,124.38,Google Ads
ORD_02663,CUST_0228,PROD_026,Smart Tool 026,Sports,4,167.89,604.1,2024-09-28,Islamabad,67.46,Google Ads
ORD_02663,CUST_0228,PROD_014,Premium Widget 014,Books,1,122.77,122.77,2024-09-28,Islamabad,0.0,Google Ads
ORD_02664,CUST_0332,PROD_057,Pro Widget 057,Clothing,3,110.32,330.96,2023-05-04,Faisalabad,0.0,Referral
ORD_02664,CUST_0332,PROD_073,Basic Tool 073,Electronics,3,407.94,1223.81,2023-05-04,Faisalabad,0.0,Referral
ORD_02665,CUST_0481,PROD_020,Pro Device 020,Clothing,3,286.95,741.98,2023-04-16,Lahore,118.86,Referral
ORD_02665,CUST_0481,PROD_060,Premium Tool 060,Toys,1,359.64,359.64,2023-04-16,Lahore,0.0,Referral
ORD_02666,CUST_0056,PROD_059,Pro Tool 059,Clothing,3,515.82,1547.47,2024-12-31,Rawalpindi,0.0,Referral
ORD_02666,CUST_0056,PROD_007,Pro Widget 007,Toys,3,412.22,915.35,2024-12-31,Rawalpindi,321.31,Referral
ORD_02666,CUST_0056,PROD_067,Smart Tool 067,Clothing,3,107.32,321.96,2024-12-31,Rawalpindi,0.0,Referral
ORD_02666,CUST_0056,PROD_034,Premium Item 034,Sports,2,411.64,823.29,2024-12-31,Rawalpindi,0.0,Referral
ORD_02667,CUST_0139,PROD_040,Basic Widget 040,Clothing,4,420.93,1414.38,2024-04-26,Faisalabad,269.33,Google Ads
ORD_02667,CUST_0139,PROD_028,Premium Widget 028,Clothing,4,264.31,1028.47,2024-04-26,Faisalabad,28.76,Google Ads
ORD_02667,CUST_0139,PROD_068,Basic Widget 068,Sports,4,415.74,1662.95,2024-04-26,Faisalabad,0.0,Google Ads
ORD_02668,CUST_0496,PROD_008,Elite Item 008,Home & Kitchen,3,75.46,198.25,2025-01-14,Faisalabad,28.13,Referral
ORD_02668,CUST_0496,PROD_041,Premium Widget 041,Books,2,270.54,468.51,2025-01-14,Faisalabad,72.56,Referral
ORD_02668,CUST_0496,PROD_073,Basic Tool 073,Electronics,1,497.81,497.81,2025-01-14,Faisalabad,0.0,Referral
ORD_02669,CUST_0165,PROD_003,Smart Widget 003,Sports,3,201.01,548.9,2023-07-18,Lahore,54.13,Instagram
ORD_02670,CUST_0072,PROD_044,Smart Tool 044,Clothing,3,472.19,1228.82,2024-10-05,Peshawar,187.76,Facebook
ORD_02670,CUST_0072,PROD_074,Smart Gadget 074,Sports,3,286.16,834.26,2024-10-05,Peshawar,24.23,Facebook
ORD_02670,CUST_0072,PROD_022,Pro Tool 022,Home & Kitchen,4,42.7,170.8,2024-10-05,Peshawar,0.0,Facebook
ORD_02670,CUST_0072,PROD_064,Basic Tool 064,Electronics,2,88.89,177.79,2024-10-05,Peshawar,0.0,Facebook
ORD_02670,CUST_0072,PROD_067,Smart Tool 067,Clothing,2,96.81,187.27,2024-10-05,Peshawar,6.34,Facebook
ORD_02671,CUST_0378,PROD_023,Smart Item 023,Clothing,2,288.3,576.6,2023-08-30,Islamabad,0.0,Email
ORD_02671,CUST_0378,PROD_067,Smart Tool 067,Clothing,1,122.2,122.2,2023-08-30,Islamabad,0.0,Email
ORD_02671,CUST_0378,PROD_045,Basic Item 045,Beauty,3,564.64,1693.92,2023-08-30,Islamabad,0.0,Email
ORD_02672,CUST_0053,PROD_060,Premium Tool 060,Toys,3,478.98,1436.93,2025-02-23,Lahore,0.0,Referral
ORD_02672,CUST_0053,PROD_037,Basic Device 037,Toys,2,464.64,929.27,2025-02-23,Lahore,0.0,Referral
ORD_02672,CUST_0053,PROD_018,Pro Widget 018,Sports,4,346.94,1387.75,2025-02-23,Lahore,0.0,Referral
ORD_02672,CUST_0053,PROD_013,Smart Item 013,Sports,4,94.07,372.51,2025-02-23,Lahore,3.76,Referral
ORD_02673,CUST_0269,PROD_001,Premium Widget 001,Books,4,138.27,507.64,2025-01-31,Karachi,45.43,Instagram
ORD_02674,CUST_0107,PROD_049,Premium Widget 049,Books,2,286.76,573.52,2023-10-14,Karachi,0.0,Google Ads
ORD_02674,CUST_0107,PROD_036,Smart Device 036,Clothing,1,92.03,75.67,2023-10-14,Karachi,16.36,Google Ads
ORD_02674,CUST_0107,PROD_071,Premium Device 071,Electronics,4,348.17,1392.7,2023-10-14,Karachi,0.0,Google Ads
ORD_02674,CUST_0107,PROD_020,Pro Device 020,Clothing,1,326.11,317.49,2023-10-14,Karachi,8.62,Google Ads
ORD_02675,CUST_0348,PROD_061,Smart Widget 061,Electronics,2,349.27,505.13,2024-10-17,Islamabad,193.42,Organic
ORD_02675,CUST_0348,PROD_047,Basic Gadget 047,Electronics,1,159.02,127.58,2024-10-17,Islamabad,31.44,Organic
ORD_02676,CUST_0275,PROD_019,Smart Gadget 019,Clothing,2,220.79,421.2,2024-01-08,Rawalpindi,20.37,Organic
ORD_02676,CUST_0275,PROD_022,Pro Tool 022,Home & Kitchen,3,34.55,103.64,2024-01-08,Rawalpindi,0.0,Organic
ORD_02677,CUST_0371,PROD_010,Pro Item 010,Sports,1,167.18,166.97,2024-01-04,Karachi,0.21,Instagram
ORD_02677,CUST_0371,PROD_047,Basic Gadget 047,Electronics,2,173.78,330.34,2024-01-04,Karachi,17.22,Instagram
ORD_02678,CUST_0138,PROD_048,Smart Device 048,Clothing,4,305.79,858.91,2023-02-22,Rawalpindi,364.24,Organic
ORD_02678,CUST_0138,PROD_029,Elite Device 029,Electronics,2,185.39,326.09,2023-02-22,Rawalpindi,44.7,Organic
ORD_02678,CUST_0138,PROD_066,Elite Item 066,Beauty,3,363.99,1091.96,2023-02-22,Rawalpindi,0.0,Organic
ORD_02678,CUST_0138,PROD_020,Pro Device 020,Clothing,3,398.38,916.23,2023-02-22,Rawalpindi,278.91,Organic
ORD_02678,CUST_0138,PROD_039,Premium Item 039,Toys,4,418.27,1673.06,2023-02-22,Rawalpindi,0.0,Organic
ORD_02679,CUST_0448,PROD_027,Basic Gadget 027,Sports,2,292.86,585.72,2023-12-20,Rawalpindi,0.0,Referral
ORD_02679,CUST_0448,PROD_080,Smart Widget 080,Electronics,2,263.16,526.33,2023-12-20,Rawalpindi,0.0,Referral
ORD_02679,CUST_0448,PROD_074,Smart Gadget 074,Sports,3,242.26,726.77,2023-12-20,Rawalpindi,0.0,Referral
ORD_02680,CUST_0453,PROD_041,Premium Widget 041,Books,1,231.58,204.37,2024-01-15,Karachi,27.21,Instagram
ORD_02681,CUST_0401,PROD_005,Smart Widget 005,Sports,4,99.83,295.39,2023-11-27,Faisalabad,103.92,Email
ORD_02681,CUST_0401,PROD_064,Basic Tool 064,Electronics,2,78.48,156.95,2023-11-27,Faisalabad,0.0,Email
ORD_02681,CUST_0401,PROD_024,Elite Tool 024,Clothing,1,125.93,125.93,2023-11-27,Faisalabad,0.0,Email
ORD_02681,CUST_0401,PROD_052,Elite Gadget 052,Sports,2,80.52,161.05,2023-11-27,Faisalabad,0.0,Email
ORD_02681,CUST_0401,PROD_005,Smart Widget 005,Sports,4,122.58,490.32,2023-11-27,Faisalabad,0.0,Email
ORD_02682,CUST_0434,PROD_044,Smart Tool 044,Clothing,1,513.88,499.86,2023-04-14,Rawalpindi,14.02,Google Ads
ORD_02682,CUST_0434,PROD_039,Premium Item 039,Toys,2,459.37,876.29,2023-04-14,Rawalpindi,42.44,Google Ads
ORD_02683,CUST_0204,PROD_028,Premium Widget 028,Clothing,2,324.28,470.3,2023-04-22,Peshawar,178.26,Google Ads
ORD_02683,CUST_0204,PROD_016,Premium Tool 016,Home & Kitchen,3,185.92,451.34,2023-04-22,Peshawar,106.42,Google Ads
ORD_02684,CUST_0477,PROD_034,Premium Item 034,Sports,2,332.88,665.76,2023-12-04,Lahore,0.0,Google Ads
ORD_02684,CUST_0477,PROD_020,Pro Device 020,Clothing,2,371.9,731.37,2023-12-04,Lahore,12.43,Google Ads
ORD_02684,CUST_0477,PROD_004,Premium Widget 004,Clothing,1,108.66,108.66,2023-12-04,Lahore,0.0,Google Ads
ORD_02685,CUST_0481,PROD_021,Premium Gadget 021,Toys,3,27.4,82.2,2024-09-10,Faisalabad,0.0,Referral
ORD_02685,CUST_0481,PROD_076,Smart Device 076,Home & Kitchen,4,480.59,1787.78,2024-09-10,Faisalabad,134.56,Referral
ORD_02686,CUST_0118,PROD_049,Premium Widget 049,Books,1,336.63,336.63,2025-02-16,Faisalabad,0.0,Facebook
ORD_02686,CUST_0118,PROD_053,Smart Device 053,Beauty,2,133.63,211.44,2025-02-16,Faisalabad,55.83,Facebook
ORD_02687,CUST_0141,PROD_037,Basic Device 037,Toys,1,535.84,535.84,2024-02-22,Peshawar,0.0,Instagram
ORD_02687,CUST_0141,PROD_077,Basic Item 077,Clothing,4,137.82,515.63,2024-02-22,Peshawar,35.64,Instagram
ORD_02687,CUST_0141,PROD_009,Pro Widget 009,Electronics,3,157.2,471.6,2024-02-22,Peshawar,0.0,Instagram
ORD_02687,CUST_0141,PROD_060,Premium Tool 060,Toys,1,448.9,448.9,2024-02-22,Peshawar,0.0,Instagram
ORD_02688,CUST_0459,PROD_063,Basic Gadget 063,Beauty,2,288.62,519.33,2023-09-01,Karachi,57.9,Google Ads
ORD_02688,CUST_0459,PROD_061,Smart Widget 061,Electronics,2,319.19,638.38,2023-09-01,Karachi,0.0,Google Ads
ORD_02688,CUST_0459,PROD_026,Smart Tool 026,Sports,4,179.96,719.83,2023-09-01,Karachi,0.0,Google Ads
ORD_02688,CUST_0459,PROD_042,Premium Device 042,Toys,4,77.57,292.08,2023-09-01,Karachi,18.2,Google Ads
ORD_02689,CUST_0372,PROD_025,Basic Device 025,Sports,2,114.55,229.09,2025-01-29,Multan,0.0,Facebook
ORD_02689,CUST_0372,PROD_077,Basic Item 077,Clothing,2,121.41,173.9,2025-01-29,Multan,68.92,Facebook
ORD_02690,CUST_0438,PROD_011,Premium Tool 011,Sports,2,71.16,134.79,2023-08-17,Faisalabad,7.54,Referral
ORD_02690,CUST_0438,PROD_021,Premium Gadget 021,Toys,2,24.06,42.57,2023-08-17,Faisalabad,5.55,Referral
ORD_02691,CUST_0249,PROD_038,Premium Device 038,Home & Kitchen,1,287.08,201.07,2024-11-28,Peshawar,86.01,Email
ORD_02692,CUST_0154,PROD_021,Premium Gadget 021,Toys,2,26.66,53.32,2023-03-18,Islamabad,0.0,Facebook
ORD_02692,CUST_0154,PROD_048,Smart Device 048,Clothing,4,291.51,1166.04,2023-03-18,Islamabad,0.0,Facebook
ORD_02693,CUST_0341,PROD_030,Smart Tool 030,Sports,3,108.4,325.19,2025-04-23,Lahore,0.0,Email
ORD_02693,CUST_0341,PROD_021,Premium Gadget 021,Toys,2,22.61,41.44,2025-04-23,Lahore,3.78,Email
ORD_02693,CUST_0341,PROD_046,Pro Tool 046,Sports,2,264.44,528.88,2025-04-23,Lahore,0.0,Email
ORD_02693,CUST_0341,PROD_030,Smart Tool 030,Sports,2,144.68,289.36,2025-04-23,Lahore,0.0,Email
ORD_02693,CUST_0341,PROD_075,Smart Widget 075,Beauty,3,370.34,1111.01,2025-04-23,Lahore,0.0,Email
ORD_02694,CUST_0464,PROD_032,Smart Item 032,Toys,1,334.35,300.22,2025-04-05,Karachi,34.13,Facebook
ORD_02694,CUST_0464,PROD_062,Smart Widget 062,Electronics,3,476.98,1430.94,2025-04-05,Karachi,0.0,Facebook
ORD_02694,CUST_0464,PROD_024,Elite Tool 024,Clothing,3,157.05,471.14,2025-04-05,Karachi,0.0,Facebook
ORD_02694,CUST_0464,PROD_029,Elite Device 029,Electronics,2,217.68,433.54,2025-04-05,Karachi,1.83,Facebook
ORD_02694,CUST_0464,PROD_062,Smart Widget 062,Electronics,1,474.97,464.99,2025-04-05,Karachi,9.98,Facebook
ORD_02695,CUST_0224,PROD_051,Premium Device 051,Clothing,4,133.86,414.45,2024-09-09,Faisalabad,121.0,Facebook
ORD_02695,CUST_0224,PROD_022,Pro Tool 022,Home & Kitchen,1,38.51,38.51,2024-09-09,Faisalabad,0.0,Facebook
ORD_02695,CUST_0224,PROD_047,Basic Gadget 047,Electronics,4,201.62,806.47,2024-09-09,Faisalabad,0.0,Facebook
ORD_02696,CUST_0327,PROD_018,Pro Widget 018,Sports,4,365.39,1171.9,2025-02-28,Faisalabad,289.64,Google Ads
ORD_02696,CUST_0327,PROD_023,Smart Item 023,Clothing,3,373.38,996.15,2025-02-28,Faisalabad,124.0,Google Ads
ORD_02696,CUST_0327,PROD_034,Premium Item 034,Sports,1,428.75,420.76,2025-02-28,Faisalabad,7.99,Google Ads
ORD_02696,CUST_0327,PROD_048,Smart Device 048,Clothing,3,326.85,980.54,2025-02-28,Faisalabad,0.0,Google Ads
ORD_02697,CUST_0156,PROD_053,Smart Device 053,Beauty,4,124.99,496.01,2023-03-15,Rawalpindi,3.93,Referral
ORD_02697,CUST_0156,PROD_073,Basic Tool 073,Electronics,3,556.17,1383.98,2023-03-15,Rawalpindi,284.52,Referral
ORD_02698,CUST_0155,PROD_055,Elite Item 055,Beauty,3,183.57,550.72,2024-05-10,Lahore,0.0,Google Ads
ORD_02699,CUST_0393,PROD_004,Premium Widget 004,Clothing,4,115.08,359.16,2023-11-29,Multan,101.16,Google Ads
ORD_02699,CUST_0393,PROD_018,Pro Widget 018,Sports,4,338.34,1353.37,2023-11-29,Multan,0.0,Google Ads
ORD_02700,CUST_0113,PROD_027,Basic Gadget 027,Sports,4,208.63,834.51,2023-11-02,Multan,0.0,Referral
ORD_02701,CUST_0432,PROD_006,Smart Tool 006,Clothing,1,214.94,188.42,2024-12-29,Lahore,26.52,Organic
ORD_02701,CUST_0432,PROD_032,Smart Item 032,Toys,1,339.51,302.32,2024-12-29,Lahore,37.19,Organic
ORD_02701,CUST_0432,PROD_010,Pro Item 010,Sports,2,120.83,241.66,2024-12-29,Lahore,0.0,Organic
ORD_02702,CUST_0378,PROD_057,Pro Widget 057,Clothing,3,101.3,303.91,2025-05-30,Islamabad,0.0,Email
ORD_02702,CUST_0378,PROD_056,Premium Widget 056,Electronics,4,219.76,802.44,2025-05-30,Islamabad,76.6,Email
ORD_02702,CUST_0378,PROD_021,Premium Gadget 021,Toys,4,27.04,106.96,2025-05-30,Islamabad,1.2,Email
ORD_02702,CUST_0378,PROD_004,Premium Widget 004,Clothing,4,125.2,390.86,2025-05-30,Islamabad,109.94,Email
ORD_02703,CUST_0376,PROD_038,Premium Device 038,Home & Kitchen,1,236.64,215.53,2023-02-07,Lahore,21.11,Facebook
ORD_02704,CUST_0066,PROD_062,Smart Widget 062,Electronics,3,504.09,1500.68,2023-04-18,Multan,11.58,Email
ORD_02705,CUST_0132,PROD_008,Elite Item 008,Home & Kitchen,4,74.79,299.15,2024-08-21,Peshawar,0.0,Organic
ORD_02706,CUST_0037,PROD_004,Premium Widget 004,Clothing,3,127.39,382.18,2025-01-19,Faisalabad,0.0,Google Ads
ORD_02706,CUST_0037,PROD_054,Elite Tool 054,Clothing,3,46.25,138.75,2025-01-19,Faisalabad,0.0,Google Ads
ORD_02706,CUST_0037,PROD_017,Pro Gadget 017,Home & Kitchen,1,151.61,151.61,2025-01-19,Faisalabad,0.0,Google Ads
ORD_02707,CUST_0434,PROD_045,Basic Item 045,Beauty,3,554.52,1663.55,2023-10-09,Karachi,0.0,Organic
ORD_02707,CUST_0434,PROD_047,Basic Gadget 047,Electronics,4,179.15,716.59,2023-10-09,Karachi,0.0,Organic
ORD_02708,CUST_0213,PROD_015,Pro Widget 015,Toys,3,105.01,315.04,2023-01-16,Rawalpindi,0.0,Facebook
ORD_02708,CUST_0213,PROD_045,Basic Item 045,Beauty,1,464.21,464.21,2023-01-16,Rawalpindi,0.0,Facebook
ORD_02708,CUST_0213,PROD_045,Basic Item 045,Beauty,1,451.01,451.01,2023-01-16,Rawalpindi,0.0,Facebook
ORD_02708,CUST_0213,PROD_059,Pro Tool 059,Clothing,4,359.88,1439.51,2023-01-16,Rawalpindi,0.0,Facebook
ORD_02709,CUST_0176,PROD_015,Pro Widget 015,Toys,1,147.13,147.13,2025-03-08,Faisalabad,0.0,Instagram
ORD_02709,CUST_0176,PROD_011,Premium Tool 011,Sports,4,61.89,184.71,2025-03-08,Faisalabad,62.83,Instagram
ORD_02710,CUST_0132,PROD_034,Premium Item 034,Sports,1,312.17,312.17,2023-08-01,Faisalabad,0.0,Google Ads
ORD_02710,CUST_0132,PROD_054,Elite Tool 054,Clothing,3,45.21,135.63,2023-08-01,Faisalabad,0.0,Google Ads
ORD_02710,CUST_0132,PROD_064,Basic Tool 064,Electronics,2,106.88,213.77,2023-08-01,Faisalabad,0.0,Google Ads
ORD_02711,CUST_0063,PROD_064,Basic Tool 064,Electronics,1,79.31,79.31,2025-05-19,Rawalpindi,0.0,Google Ads
ORD_02712,CUST_0075,PROD_040,Basic Widget 040,Clothing,3,495.46,1352.31,2023-11-26,Faisalabad,134.06,Referral
ORD_02713,CUST_0011,PROD_005,Smart Widget 005,Sports,4,114.92,459.67,2024-07-15,Rawalpindi,0.0,Referral
ORD_02713,CUST_0011,PROD_030,Smart Tool 030,Sports,2,128.26,256.52,2024-07-15,Rawalpindi,0.0,Referral
ORD_02713,CUST_0011,PROD_002,Basic Gadget 002,Books,2,67.02,110.27,2024-07-15,Rawalpindi,23.76,Referral
ORD_02713,CUST_0011,PROD_013,Smart Item 013,Sports,3,115.58,346.75,2024-07-15,Rawalpindi,0.0,Referral
ORD_02713,CUST_0011,PROD_077,Basic Item 077,Clothing,1,121.36,98.63,2024-07-15,Rawalpindi,22.73,Referral
ORD_02714,CUST_0483,PROD_018,Pro Widget 018,Sports,2,323.24,646.48,2024-12-25,Peshawar,0.0,Email
ORD_02715,CUST_0461,PROD_076,Smart Device 076,Home & Kitchen,3,490.97,1355.94,2023-11-10,Islamabad,116.96,Referral
ORD_02716,CUST_0099,PROD_020,Pro Device 020,Clothing,4,335.29,1148.34,2023-11-02,Peshawar,192.8,Organic
ORD_02716,CUST_0099,PROD_069,Premium Item 069,Electronics,4,36.3,108.62,2023-11-02,Peshawar,36.59,Organic
ORD_02716,CUST_0099,PROD_036,Smart Device 036,Clothing,1,97.75,97.75,2023-11-02,Peshawar,0.0,Organic
ORD_02717,CUST_0036,PROD_018,Pro Widget 018,Sports,4,275.98,1103.91,2025-02-23,Faisalabad,0.0,Referral
ORD_02717,CUST_0036,PROD_003,Smart Widget 003,Sports,4,216.11,864.43,2025-02-23,Faisalabad,0.0,Referral
ORD_02718,CUST_0265,PROD_065,Premium Tool 065,Home & Kitchen,1,373.34,373.34,2023-08-28,Rawalpindi,0.0,Instagram
ORD_02718,CUST_0265,PROD_018,Pro Widget 018,Sports,3,380.31,1140.94,2023-08-28,Rawalpindi,0.0,Instagram
ORD_02718,CUST_0265,PROD_029,Elite Device 029,Electronics,3,165.44,364.34,2023-08-28,Rawalpindi,131.99,Instagram
ORD_02718,CUST_0265,PROD_025,Basic Device 025,Sports,1,166.12,166.12,2023-08-28,Rawalpindi,0.0,Instagram
ORD_02719,CUST_0092,PROD_032,Smart Item 032,Toys,4,309.21,1093.09,2023-02-26,Lahore,143.74,Referral
ORD_02719,CUST_0092,PROD_021,Premium Gadget 021,Toys,1,21.43,15.53,2023-02-26,Lahore,5.9,Referral
ORD_02719,CUST_0092,PROD_076,Smart Device 076,Home & Kitchen,3,511.72,1359.54,2023-02-26,Lahore,175.63,Referral
ORD_02719,CUST_0092,PROD_052,Elite Gadget 052,Sports,1,86.25,86.25,2023-02-26,Lahore,0.0,Referral
ORD_02719,CUST_0092,PROD_054,Elite Tool 054,Clothing,4,62.42,185.96,2023-02-26,Lahore,63.74,Referral
ORD_02720,CUST_0011,PROD_031,Smart Widget 031,Books,1,398.34,398.34,2024-07-21,Karachi,0.0,Referral
ORD_02720,CUST_0011,PROD_062,Smart Widget 062,Electronics,4,537.81,2151.24,2024-07-21,Karachi,0.0,Referral
ORD_02720,CUST_0011,PROD_053,Smart Device 053,Beauty,1,143.24,143.24,2024-07-21,Karachi,0.0,Referral
ORD_02721,CUST_0455,PROD_077,Basic Item 077,Clothing,3,114.59,343.77,2025-04-03,Lahore,0.0,Email
ORD_02721,CUST_0455,PROD_052,Elite Gadget 052,Sports,4,72.68,261.03,2025-04-03,Lahore,29.69,Email
ORD_02722,CUST_0011,PROD_044,Smart Tool 044,Clothing,1,498.43,498.43,2024-06-22,Multan,0.0,Organic
ORD_02723,CUST_0112,PROD_024,Elite Tool 024,Clothing,3,114.51,265.04,2023-02-14,Multan,78.5,Email
ORD_02723,CUST_0112,PROD_005,Smart Widget 005,Sports,3,128.21,281.8,2023-02-14,Multan,102.83,Email
ORD_02723,CUST_0112,PROD_038,Premium Device 038,Home & Kitchen,3,279.35,838.05,2023-02-14,Multan,0.0,Email
ORD_02723,CUST_0112,PROD_037,Basic Device 037,Toys,1,525.6,525.6,2023-02-14,Multan,0.0,Email
ORD_02724,CUST_0214,PROD_002,Basic Gadget 002,Books,2,62.54,103.15,2023-03-09,Karachi,21.93,Facebook
ORD_02724,CUST_0214,PROD_006,Smart Tool 006,Clothing,4,220.81,883.23,2023-03-09,Karachi,0.0,Facebook
ORD_02724,CUST_0214,PROD_065,Premium Tool 065,Home & Kitchen,1,508.9,415.57,2023-03-09,Karachi,93.33,Facebook
ORD_02724,CUST_0214,PROD_069,Premium Item 069,Electronics,2,33.37,66.74,2023-03-09,Karachi,0.0,Facebook
ORD_02725,CUST_0313,PROD_058,Smart Tool 058,Clothing,4,197.57,625.38,2023-01-15,Lahore,164.9,Organic
ORD_02725,CUST_0313,PROD_016,Premium Tool 016,Home & Kitchen,4,226.18,904.7,2023-01-15,Lahore,0.0,Organic
ORD_02726,CUST_0012,PROD_064,Basic Tool 064,Electronics,3,95.81,287.43,2024-12-10,Islamabad,0.0,Google Ads
ORD_02727,CUST_0448,PROD_046,Pro Tool 046,Sports,2,267.59,526.76,2023-04-18,Peshawar,8.42,Instagram
ORD_02727,CUST_0448,PROD_069,Premium Item 069,Electronics,2,39.04,78.08,2023-04-18,Peshawar,0.0,Instagram
ORD_02727,CUST_0448,PROD_026,Smart Tool 026,Sports,1,182.09,182.09,2023-04-18,Peshawar,0.0,Instagram
ORD_02728,CUST_0285,PROD_051,Premium Device 051,Clothing,4,172.9,531.42,2024-03-15,Peshawar,160.18,Facebook
ORD_02728,CUST_0285,PROD_042,Premium Device 042,Toys,1,82.75,82.75,2024-03-15,Peshawar,0.0,Facebook
ORD_02728,CUST_0285,PROD_064,Basic Tool 064,Electronics,3,79.86,203.9,2024-03-15,Peshawar,35.68,Facebook
ORD_02728,CUST_0285,PROD_067,Smart Tool 067,Clothing,1,89.48,89.48,2024-03-15,Peshawar,0.0,Facebook
ORD_02729,CUST_0023,PROD_070,Elite Device 070,Toys,1,308.76,308.76,2025-02-19,Lahore,0.0,Instagram
ORD_02730,CUST_0128,PROD_065,Premium Tool 065,Home & Kitchen,2,528.41,1056.81,2024-10-11,Peshawar,0.0,Organic
ORD_02730,CUST_0128,PROD_013,Smart Item 013,Sports,4,83.78,332.64,2024-10-11,Peshawar,2.47,Organic
ORD_02731,CUST_0238,PROD_069,Premium Item 069,Electronics,3,29.23,87.69,2023-12-22,Multan,0.0,Email
ORD_02731,CUST_0238,PROD_011,Premium Tool 011,Sports,1,71.12,71.12,2023-12-22,Multan,0.0,Email
ORD_02731,CUST_0238,PROD_040,Basic Widget 040,Clothing,3,509.91,1529.74,2023-12-22,Multan,0.0,Email
ORD_02731,CUST_0238,PROD_029,Elite Device 029,Electronics,3,217.99,479.95,2023-12-22,Multan,174.01,Email
ORD_02732,CUST_0368,PROD_017,Pro Gadget 017,Home & Kitchen,2,219.81,323.35,2023-03-18,Multan,116.26,Google Ads
ORD_02732,CUST_0368,PROD_017,Pro Gadget 017,Home & Kitchen,4,154.97,619.88,2023-03-18,Multan,0.0,Google Ads
ORD_02732,CUST_0368,PROD_005,Smart Widget 005,Sports,2,117.06,234.13,2023-03-18,Multan,0.0,Google Ads
ORD_02732,CUST_0368,PROD_024,Elite Tool 024,Clothing,3,159.44,478.32,2023-03-18,Multan,0.0,Google Ads
ORD_02733,CUST_0370,PROD_068,Basic Widget 068,Sports,3,353.18,1059.54,2023-12-06,Lahore,0.0,Organic
ORD_02733,CUST_0370,PROD_052,Elite Gadget 052,Sports,3,86.01,188.54,2023-12-06,Lahore,69.49,Organic
ORD_02733,CUST_0370,PROD_025,Basic Device 025,Sports,4,165.34,661.34,2023-12-06,Lahore,0.0,Organic
ORD_02733,CUST_0370,PROD_078,Basic Item 078,Beauty,1,167.06,167.06,2023-12-06,Lahore,0.0,Organic
ORD_02733,CUST_0370,PROD_070,Elite Device 070,Toys,3,276.35,829.06,2023-12-06,Lahore,0.0,Organic
ORD_02734,CUST_0402,PROD_029,Elite Device 029,Electronics,2,212.01,309.03,2024-10-16,Islamabad,114.99,Facebook
ORD_02734,CUST_0402,PROD_049,Premium Widget 049,Books,1,334.62,283.21,2024-10-16,Islamabad,51.41,Facebook
ORD_02734,CUST_0402,PROD_057,Pro Widget 057,Clothing,3,92.36,226.97,2024-10-16,Islamabad,50.11,Facebook
ORD_02735,CUST_0227,PROD_028,Premium Widget 028,Clothing,3,276.78,830.34,2024-02-06,Karachi,0.0,Email
ORD_02735,CUST_0227,PROD_002,Basic Gadget 002,Books,2,55.05,110.11,2024-02-06,Karachi,0.0,Email
ORD_02736,CUST_0329,PROD_021,Premium Gadget 021,Toys,2,23.62,37.92,2024-05-13,Peshawar,9.33,Facebook
ORD_02736,CUST_0329,PROD_041,Premium Widget 041,Books,1,276.87,263.61,2024-05-13,Peshawar,13.26,Facebook
ORD_02736,CUST_0329,PROD_055,Elite Item 055,Beauty,4,203.26,813.03,2024-05-13,Peshawar,0.0,Facebook
ORD_02736,CUST_0329,PROD_067,Smart Tool 067,Clothing,4,84.26,337.05,2024-05-13,Peshawar,0.0,Facebook
ORD_02736,CUST_0329,PROD_055,Elite Item 055,Beauty,3,211.92,540.01,2024-05-13,Peshawar,95.75,Facebook
ORD_02737,CUST_0082,PROD_048,Smart Device 048,Clothing,4,281.7,1126.79,2024-12-23,Lahore,0.0,Referral
ORD_02737,CUST_0082,PROD_074,Smart Gadget 074,Sports,2,308.15,616.31,2024-12-23,Lahore,0.0,Referral
ORD_02737,CUST_0082,PROD_006,Smart Tool 006,Clothing,3,250.53,747.59,2024-12-23,Lahore,4.01,Referral
ORD_02738,CUST_0120,PROD_025,Basic Device 025,Sports,2,152.42,304.84,2025-06-21,Faisalabad,0.0,Instagram
ORD_02738,CUST_0120,PROD_050,Basic Widget 050,Electronics,1,435.22,396.81,2025-06-21,Faisalabad,38.41,Instagram
ORD_02738,CUST_0120,PROD_068,Basic Widget 068,Sports,4,444.08,1776.33,2025-06-21,Faisalabad,0.0,Instagram
ORD_02738,CUST_0120,PROD_052,Elite Gadget 052,Sports,3,89.44,268.33,2025-06-21,Faisalabad,0.0,Instagram
ORD_02738,CUST_0120,PROD_072,Premium Device 072,Electronics,2,390.72,781.44,2025-06-21,Faisalabad,0.0,Instagram
ORD_02739,CUST_0480,PROD_060,Premium Tool 060,Toys,1,452.45,356.69,2023-07-26,Rawalpindi,95.76,Organic
ORD_02740,CUST_0357,PROD_010,Pro Item 010,Sports,3,115.16,279.44,2024-05-23,Rawalpindi,66.05,Organic
ORD_02740,CUST_0357,PROD_029,Elite Device 029,Electronics,2,232.68,465.36,2024-05-23,Rawalpindi,0.0,Organic
ORD_02740,CUST_0357,PROD_041,Premium Widget 041,Books,1,216.31,216.31,2024-05-23,Rawalpindi,0.0,Organic
ORD_02740,CUST_0357,PROD_078,Basic Item 078,Beauty,3,154.84,393.73,2024-05-23,Rawalpindi,70.79,Organic
ORD_02740,CUST_0357,PROD_026,Smart Tool 026,Sports,4,210.65,842.61,2024-05-23,Rawalpindi,0.0,Organic
ORD_02741,CUST_0334,PROD_004,Premium Widget 004,Clothing,4,139.02,556.07,2024-05-18,Lahore,0.0,Facebook
ORD_02741,CUST_0334,PROD_068,Basic Widget 068,Sports,2,303.2,606.4,2024-05-18,Lahore,0.0,Facebook
ORD_02741,CUST_0334,PROD_046,Pro Tool 046,Sports,1,245.14,212.54,2024-05-18,Lahore,32.6,Facebook
ORD_02742,CUST_0220,PROD_043,Elite Device 043,Clothing,1,113.84,113.84,2024-04-02,Peshawar,0.0,Facebook
ORD_02742,CUST_0220,PROD_041,Premium Widget 041,Books,4,277.46,899.33,2024-04-02,Peshawar,210.52,Facebook
ORD_02742,CUST_0220,PROD_050,Basic Widget 050,Electronics,1,457.49,457.49,2024-04-02,Peshawar,0.0,Facebook
ORD_02742,CUST_0220,PROD_058,Smart Tool 058,Clothing,2,192.21,384.42,2024-04-02,Peshawar,0.0,Facebook
ORD_02743,CUST_0138,PROD_011,Premium Tool 011,Sports,3,78.69,236.06,2023-07-05,Rawalpindi,0.0,Facebook
ORD_02743,CUST_0138,PROD_056,Premium Widget 056,Electronics,2,178.25,356.49,2023-07-05,Rawalpindi,0.0,Facebook
ORD_02743,CUST_0138,PROD_054,Elite Tool 054,Clothing,1,59.4,59.4,2023-07-05,Rawalpindi,0.0,Facebook
ORD_02744,CUST_0394,PROD_031,Smart Widget 031,Books,4,334.35,1337.4,2025-03-24,Multan,0.0,Facebook
ORD_02744,CUST_0394,PROD_057,Pro Widget 057,Clothing,2,112.0,173.96,2025-03-24,Multan,50.04,Facebook
ORD_02745,CUST_0243,PROD_009,Pro Widget 009,Electronics,3,225.22,675.67,2023-07-27,Peshawar,0.0,Instagram
ORD_02746,CUST_0041,PROD_077,Basic Item 077,Clothing,4,129.31,507.89,2024-05-19,Peshawar,9.34,Organic
ORD_02746,CUST_0041,PROD_076,Smart Device 076,Home & Kitchen,2,435.7,664.86,2024-05-19,Peshawar,206.54,Organic
ORD_02746,CUST_0041,PROD_043,Elite Device 043,Clothing,4,158.29,633.15,2024-05-19,Peshawar,0.0,Organic
ORD_02747,CUST_0128,PROD_062,Smart Widget 062,Electronics,4,432.09,1728.37,2024-10-02,Rawalpindi,0.0,Instagram
ORD_02747,CUST_0128,PROD_029,Elite Device 029,Electronics,3,233.4,700.19,2024-10-02,Rawalpindi,0.0,Instagram
ORD_02747,CUST_0128,PROD_016,Premium Tool 016,Home & Kitchen,3,217.73,564.68,2024-10-02,Rawalpindi,88.52,Instagram
ORD_02747,CUST_0128,PROD_001,Premium Widget 001,Books,2,146.6,256.41,2024-10-02,Rawalpindi,36.78,Instagram
ORD_02747,CUST_0128,PROD_046,Pro Tool 046,Sports,4,274.16,1096.63,2024-10-02,Rawalpindi,0.0,Instagram
ORD_02748,CUST_0115,PROD_050,Basic Widget 050,Electronics,2,423.33,760.04,2024-11-14,Rawalpindi,86.63,Facebook
ORD_02748,CUST_0115,PROD_034,Premium Item 034,Sports,1,342.63,342.63,2024-11-14,Rawalpindi,0.0,Facebook
ORD_02748,CUST_0115,PROD_066,Elite Item 066,Beauty,2,366.09,732.19,2024-11-14,Rawalpindi,0.0,Facebook
ORD_02748,CUST_0115,PROD_046,Pro Tool 046,Sports,3,206.89,503.67,2024-11-14,Rawalpindi,117.01,Facebook
ORD_02749,CUST_0087,PROD_034,Premium Item 034,Sports,4,311.84,1247.38,2023-07-05,Peshawar,0.0,Email
ORD_02750,CUST_0134,PROD_026,Smart Tool 026,Sports,1,170.17,170.17,2024-05-21,Islamabad,0.0,Email
ORD_02750,CUST_0134,PROD_060,Premium Tool 060,Toys,4,479.16,1822.11,2024-05-21,Islamabad,94.52,Email
ORD_02750,CUST_0134,PROD_058,Smart Tool 058,Clothing,1,197.0,197.0,2024-05-21,Islamabad,0.0,Email
ORD_02750,CUST_0134,PROD_070,Elite Device 070,Toys,3,314.0,941.99,2024-05-21,Islamabad,0.0,Email
ORD_02751,CUST_0446,PROD_067,Smart Tool 067,Clothing,2,93.63,143.54,2024-06-15,Karachi,43.72,Facebook
ORD_02751,CUST_0446,PROD_029,Elite Device 029,Electronics,1,169.27,169.27,2024-06-15,Karachi,0.0,Facebook
ORD_02751,CUST_0446,PROD_060,Premium Tool 060,Toys,2,440.55,881.1,2024-06-15,Karachi,0.0,Facebook
ORD_02751,CUST_0446,PROD_023,Smart Item 023,Clothing,3,272.97,574.35,2024-06-15,Karachi,244.55,Facebook
ORD_02752,CUST_0133,PROD_039,Premium Item 039,Toys,4,407.84,1631.37,2025-04-19,Peshawar,0.0,Organic
ORD_02752,CUST_0133,PROD_080,Smart Widget 080,Electronics,1,277.73,277.73,2025-04-19,Peshawar,0.0,Organic
ORD_02752,CUST_0133,PROD_026,Smart Tool 026,Sports,3,241.76,725.27,2025-04-19,Peshawar,0.0,Organic
ORD_02752,CUST_0133,PROD_022,Pro Tool 022,Home & Kitchen,3,41.4,124.19,2025-04-19,Peshawar,0.0,Organic
ORD_02752,CUST_0133,PROD_015,Pro Widget 015,Toys,3,121.36,364.09,2025-04-19,Peshawar,0.0,Organic
ORD_02753,CUST_0246,PROD_053,Smart Device 053,Beauty,1,146.57,146.57,2025-03-11,Karachi,0.0,Facebook
ORD_02753,CUST_0246,PROD_009,Pro Widget 009,Electronics,4,173.53,518.22,2025-03-11,Karachi,175.91,Facebook
ORD_02753,CUST_0246,PROD_031,Smart Widget 031,Books,4,319.21,1276.83,2025-03-11,Karachi,0.0,Facebook
ORD_02753,CUST_0246,PROD_028,Premium Widget 028,Clothing,1,326.23,287.3,2025-03-11,Karachi,38.93,Facebook
ORD_02753,CUST_0246,PROD_054,Elite Tool 054,Clothing,1,54.52,54.52,2025-03-11,Karachi,0.0,Facebook
ORD_02754,CUST_0346,PROD_070,Elite Device 070,Toys,4,268.04,1016.72,2024-11-07,Faisalabad,55.42,Referral
ORD_02754,CUST_0346,PROD_010,Pro Item 010,Sports,2,121.76,243.51,2024-11-07,Faisalabad,0.0,Referral
ORD_02754,CUST_0346,PROD_024,Elite Tool 024,Clothing,2,126.24,252.48,2024-11-07,Faisalabad,0.0,Referral
ORD_02754,CUST_0346,PROD_071,Premium Device 071,Electronics,4,416.9,1439.56,2024-11-07,Faisalabad,228.05,Referral
ORD_02755,CUST_0201,PROD_035,Smart Widget 035,Toys,3,311.37,934.11,2025-05-12,Karachi,0.0,Referral
ORD_02755,CUST_0201,PROD_059,Pro Tool 059,Clothing,3,472.15,1416.45,2025-05-12,Karachi,0.0,Referral
ORD_02755,CUST_0201,PROD_041,Premium Widget 041,Books,2,257.83,515.67,2025-05-12,Karachi,0.0,Referral
ORD_02755,CUST_0201,PROD_004,Premium Widget 004,Clothing,2,113.7,227.4,2025-05-12,Karachi,0.0,Referral
ORD_02756,CUST_0398,PROD_035,Smart Widget 035,Toys,2,379.13,758.25,2024-03-28,Islamabad,0.0,Facebook
ORD_02756,CUST_0398,PROD_013,Smart Item 013,Sports,1,97.79,97.79,2024-03-28,Islamabad,0.0,Facebook
ORD_02757,CUST_0096,PROD_015,Pro Widget 015,Toys,3,103.44,310.31,2025-05-28,Karachi,0.0,Email
ORD_02757,CUST_0096,PROD_078,Basic Item 078,Beauty,1,161.69,161.69,2025-05-28,Karachi,0.0,Email
ORD_02758,CUST_0234,PROD_026,Smart Tool 026,Sports,1,181.81,160.47,2024-04-28,Multan,21.34,Email
ORD_02758,CUST_0234,PROD_039,Premium Item 039,Toys,3,363.78,1091.34,2024-04-28,Multan,0.0,Email
ORD_02758,CUST_0234,PROD_052,Elite Gadget 052,Sports,3,64.69,194.08,2024-04-28,Multan,0.0,Email
ORD_02758,CUST_0234,PROD_002,Basic Gadget 002,Books,2,71.32,142.65,2024-04-28,Multan,0.0,Email
ORD_02759,CUST_0356,PROD_012,Elite Widget 012,Sports,1,129.09,129.09,2025-01-25,Peshawar,0.0,Referral
ORD_02759,CUST_0356,PROD_039,Premium Item 039,Toys,4,397.4,1305.49,2025-01-25,Peshawar,284.11,Referral
ORD_02760,CUST_0150,PROD_046,Pro Tool 046,Sports,4,228.57,914.27,2024-08-16,Multan,0.0,Email
ORD_02760,CUST_0150,PROD_062,Smart Widget 062,Electronics,1,438.01,438.01,2024-08-16,Multan,0.0,Email
ORD_02760,CUST_0150,PROD_017,Pro Gadget 017,Home & Kitchen,3,187.9,563.7,2024-08-16,Multan,0.0,Email
ORD_02760,CUST_0150,PROD_009,Pro Widget 009,Electronics,3,219.83,659.48,2024-08-16,Multan,0.0,Email
ORD_02760,CUST_0150,PROD_040,Basic Widget 040,Clothing,3,420.56,1188.64,2024-08-16,Multan,73.04,Email
ORD_02761,CUST_0203,PROD_066,Elite Item 066,Beauty,2,342.47,684.94,2025-06-14,Faisalabad,0.0,Email
ORD_02761,CUST_0203,PROD_054,Elite Tool 054,Clothing,3,67.08,201.24,2025-06-14,Faisalabad,0.0,Email
ORD_02761,CUST_0203,PROD_040,Basic Widget 040,Clothing,1,357.52,357.52,2025-06-14,Faisalabad,0.0,Email
ORD_02761,CUST_0203,PROD_025,Basic Device 025,Sports,2,154.5,238.42,2025-06-14,Faisalabad,70.58,Email
ORD_02762,CUST_0290,PROD_003,Smart Widget 003,Sports,3,185.58,507.56,2023-05-23,Rawalpindi,49.19,Referral
ORD_02763,CUST_0316,PROD_012,Elite Widget 012,Sports,2,139.3,278.6,2024-09-16,Peshawar,0.0,Organic
ORD_02763,CUST_0316,PROD_028,Premium Widget 028,Clothing,3,260.33,667.74,2024-09-16,Peshawar,113.24,Organic
ORD_02764,CUST_0461,PROD_027,Basic Gadget 027,Sports,4,214.99,859.97,2023-06-23,Faisalabad,0.0,Email
ORD_02765,CUST_0071,PROD_076,Smart Device 076,Home & Kitchen,2,484.39,795.62,2023-01-19,Faisalabad,173.17,Google Ads
ORD_02765,CUST_0071,PROD_006,Smart Tool 006,Clothing,1,218.06,218.06,2023-01-19,Faisalabad,0.0,Google Ads
ORD_02766,CUST_0342,PROD_039,Premium Item 039,Toys,4,483.83,1935.33,2025-03-10,Faisalabad,0.0,Facebook
ORD_02766,CUST_0342,PROD_072,Premium Device 072,Electronics,1,371.27,314.15,2025-03-10,Faisalabad,57.12,Facebook
ORD_02766,CUST_0342,PROD_031,Smart Widget 031,Books,1,335.6,332.5,2025-03-10,Faisalabad,3.1,Facebook
ORD_02767,CUST_0443,PROD_067,Smart Tool 067,Clothing,1,85.71,80.55,2023-12-01,Peshawar,5.16,Instagram
ORD_02767,CUST_0443,PROD_036,Smart Device 036,Clothing,2,99.07,198.14,2023-12-01,Peshawar,0.0,Instagram
ORD_02767,CUST_0443,PROD_046,Pro Tool 046,Sports,4,209.22,836.86,2023-12-01,Peshawar,0.0,Instagram
ORD_02768,CUST_0377,PROD_035,Smart Widget 035,Toys,3,331.52,801.62,2025-06-22,Karachi,192.93,Facebook
ORD_02769,CUST_0067,PROD_061,Smart Widget 061,Electronics,1,342.25,240.31,2024-08-14,Peshawar,101.94,Referral
ORD_02770,CUST_0319,PROD_031,Smart Widget 031,Books,4,333.05,1332.2,2025-03-29,Faisalabad,0.0,Organic
ORD_02771,CUST_0214,PROD_048,Smart Device 048,Clothing,3,303.36,910.07,2023-11-21,Lahore,0.0,Organic
ORD_02771,CUST_0214,PROD_051,Premium Device 051,Clothing,1,169.94,124.57,2023-11-21,Lahore,45.37,Organic
ORD_02771,CUST_0214,PROD_010,Pro Item 010,Sports,4,157.74,630.97,2023-11-21,Lahore,0.0,Organic
ORD_02771,CUST_0214,PROD_011,Premium Tool 011,Sports,3,82.37,231.05,2023-11-21,Lahore,16.06,Organic
ORD_02771,CUST_0214,PROD_054,Elite Tool 054,Clothing,1,59.01,59.01,2023-11-21,Lahore,0.0,Organic
ORD_02772,CUST_0312,PROD_035,Smart Widget 035,Toys,4,279.39,1117.56,2023-11-03,Multan,0.0,Google Ads
ORD_02772,CUST_0312,PROD_075,Smart Widget 075,Beauty,4,270.12,1080.49,2023-11-03,Multan,0.0,Google Ads
ORD_02772,CUST_0312,PROD_026,Smart Tool 026,Sports,3,181.15,384.56,2023-11-03,Multan,158.88,Google Ads
ORD_02773,CUST_0015,PROD_056,Premium Widget 056,Electronics,2,242.69,340.12,2024-01-03,Lahore,145.26,Facebook
ORD_02773,CUST_0015,PROD_070,Elite Device 070,Toys,1,309.61,309.61,2024-01-03,Lahore,0.0,Facebook
ORD_02774,CUST_0306,PROD_036,Smart Device 036,Clothing,3,78.87,229.71,2024-05-22,Islamabad,6.9,Instagram
ORD_02775,CUST_0208,PROD_037,Basic Device 037,Toys,1,525.45,424.78,2024-08-06,Lahore,100.67,Referral
ORD_02775,CUST_0208,PROD_058,Smart Tool 058,Clothing,3,182.02,453.39,2024-08-06,Lahore,92.68,Referral
ORD_02776,CUST_0190,PROD_001,Premium Widget 001,Books,2,145.52,284.61,2023-07-23,Karachi,6.43,Referral
ORD_02776,CUST_0190,PROD_051,Premium Device 051,Clothing,4,146.31,475.6,2023-07-23,Karachi,109.64,Referral
ORD_02776,CUST_0190,PROD_047,Basic Gadget 047,Electronics,2,145.62,291.25,2023-07-23,Karachi,0.0,Referral
ORD_02776,CUST_0190,PROD_043,Elite Device 043,Clothing,4,141.59,522.01,2023-07-23,Karachi,44.37,Referral
ORD_02776,CUST_0190,PROD_025,Basic Device 025,Sports,3,119.01,357.02,2023-07-23,Karachi,0.0,Referral
ORD_02777,CUST_0406,PROD_042,Premium Device 042,Toys,3,71.16,174.5,2024-06-11,Faisalabad,38.99,Google Ads
ORD_02777,CUST_0406,PROD_070,Elite Device 070,Toys,1,236.93,236.93,2024-06-11,Faisalabad,0.0,Google Ads
ORD_02777,CUST_0406,PROD_058,Smart Tool 058,Clothing,4,191.25,764.99,2024-06-11,Faisalabad,0.0,Google Ads
ORD_02777,CUST_0406,PROD_007,Pro Widget 007,Toys,3,480.5,1264.41,2024-06-11,Faisalabad,177.1,Google Ads
ORD_02777,CUST_0406,PROD_040,Basic Widget 040,Clothing,3,388.32,1164.96,2024-06-11,Faisalabad,0.0,Google Ads
ORD_02778,CUST_0130,PROD_025,Basic Device 025,Sports,3,165.1,443.44,2024-06-16,Faisalabad,51.87,Organic
ORD_02778,CUST_0130,PROD_016,Premium Tool 016,Home & Kitchen,3,187.06,561.18,2024-06-16,Faisalabad,0.0,Organic
ORD_02778,CUST_0130,PROD_010,Pro Item 010,Sports,1,125.25,110.73,2024-06-16,Faisalabad,14.52,Organic
ORD_02778,CUST_0130,PROD_064,Basic Tool 064,Electronics,1,72.62,61.41,2024-06-16,Faisalabad,11.21,Organic
ORD_02779,CUST_0184,PROD_018,Pro Widget 018,Sports,2,342.39,684.78,2023-11-08,Multan,0.0,Referral
ORD_02780,CUST_0054,PROD_042,Premium Device 042,Toys,2,66.42,104.95,2023-01-09,Islamabad,27.88,Referral
ORD_02780,CUST_0054,PROD_050,Basic Widget 050,Electronics,2,400.72,801.45,2023-01-09,Islamabad,0.0,Referral
ORD_02780,CUST_0054,PROD_011,Premium Tool 011,Sports,3,64.58,155.2,2023-01-09,Islamabad,38.55,Referral
ORD_02780,CUST_0054,PROD_073,Basic Tool 073,Electronics,4,388.65,1527.3,2023-01-09,Islamabad,27.31,Referral
ORD_02780,CUST_0054,PROD_025,Basic Device 025,Sports,2,117.72,235.43,2023-01-09,Islamabad,0.0,Referral
ORD_02781,CUST_0131,PROD_015,Pro Widget 015,Toys,1,104.03,87.95,2023-04-21,Peshawar,16.08,Instagram
ORD_02781,CUST_0131,PROD_030,Smart Tool 030,Sports,2,119.9,196.71,2023-04-21,Peshawar,43.08,Instagram
ORD_02781,CUST_0131,PROD_044,Smart Tool 044,Clothing,2,545.44,1090.89,2023-04-21,Peshawar,0.0,Instagram
ORD_02781,CUST_0131,PROD_010,Pro Item 010,Sports,2,118.59,207.8,2023-04-21,Peshawar,29.38,Instagram
ORD_02782,CUST_0366,PROD_008,Elite Item 008,Home & Kitchen,1,71.6,71.6,2024-07-31,Faisalabad,0.0,Organic
ORD_02782,CUST_0366,PROD_027,Basic Gadget 027,Sports,2,299.88,599.76,2024-07-31,Faisalabad,0.0,Organic
ORD_02782,CUST_0366,PROD_054,Elite Tool 054,Clothing,4,58.01,232.05,2024-07-31,Faisalabad,0.0,Organic
ORD_02783,CUST_0189,PROD_032,Smart Item 032,Toys,2,287.96,437.9,2024-10-02,Multan,138.01,Instagram
ORD_02783,CUST_0189,PROD_025,Basic Device 025,Sports,4,139.01,556.06,2024-10-02,Multan,0.0,Instagram
ORD_02783,CUST_0189,PROD_031,Smart Widget 031,Books,3,331.42,941.99,2024-10-02,Multan,52.26,Instagram
ORD_02783,CUST_0189,PROD_065,Premium Tool 065,Home & Kitchen,1,510.38,510.38,2024-10-02,Multan,0.0,Instagram
ORD_02784,CUST_0309,PROD_066,Elite Item 066,Beauty,1,329.23,328.5,2024-10-20,Islamabad,0.73,Google Ads
ORD_02785,CUST_0391,PROD_009,Pro Widget 009,Electronics,4,199.57,798.26,2025-01-16,Lahore,0.0,Email
ORD_02785,CUST_0391,PROD_043,Elite Device 043,Clothing,4,139.42,557.69,2025-01-16,Lahore,0.0,Email
ORD_02785,CUST_0391,PROD_065,Premium Tool 065,Home & Kitchen,4,405.53,1622.13,2025-01-16,Lahore,0.0,Email
ORD_02786,CUST_0474,PROD_075,Smart Widget 075,Beauty,1,387.42,301.28,2023-05-06,Peshawar,86.14,Facebook
ORD_02787,CUST_0464,PROD_011,Premium Tool 011,Sports,3,66.59,199.78,2025-06-09,Faisalabad,0.0,Referral
ORD_02787,CUST_0464,PROD_040,Basic Widget 040,Clothing,3,478.64,1363.78,2025-06-09,Faisalabad,72.14,Referral
ORD_02787,CUST_0464,PROD_055,Elite Item 055,Beauty,3,190.03,570.08,2025-06-09,Faisalabad,0.0,Referral
ORD_02787,CUST_0464,PROD_018,Pro Widget 018,Sports,1,319.07,319.07,2025-06-09,Faisalabad,0.0,Referral
ORD_02787,CUST_0464,PROD_040,Basic Widget 040,Clothing,2,398.75,797.5,2025-06-09,Faisalabad,0.0,Referral
ORD_02788,CUST_0475,PROD_008,Elite Item 008,Home & Kitchen,2,69.72,139.44,2024-10-20,Faisalabad,0.0,Email
ORD_02788,CUST_0475,PROD_010,Pro Item 010,Sports,4,166.93,667.72,2024-10-20,Faisalabad,0.0,Email
ORD_02789,CUST_0397,PROD_019,Smart Gadget 019,Clothing,1,218.76,218.76,2023-04-19,Multan,0.0,Facebook
ORD_02789,CUST_0397,PROD_063,Basic Gadget 063,Beauty,1,296.32,296.32,2023-04-19,Multan,0.0,Facebook
ORD_02790,CUST_0149,PROD_048,Smart Device 048,Clothing,2,245.9,491.8,2024-01-07,Lahore,0.0,Referral
ORD_02790,CUST_0149,PROD_018,Pro Widget 018,Sports,3,366.08,1098.24,2024-01-07,Lahore,0.0,Referral
ORD_02790,CUST_0149,PROD_002,Basic Gadget 002,Books,1,50.9,50.9,2024-01-07,Lahore,0.0,Referral
ORD_02790,CUST_0149,PROD_055,Elite Item 055,Beauty,3,239.59,718.77,2024-01-07,Lahore,0.0,Referral
ORD_02791,CUST_0145,PROD_065,Premium Tool 065,Home & Kitchen,1,550.2,550.2,2023-09-12,Multan,0.0,Instagram
ORD_02791,CUST_0145,PROD_079,Premium Widget 079,Beauty,2,344.42,489.26,2023-09-12,Multan,199.58,Instagram
ORD_02791,CUST_0145,PROD_004,Premium Widget 004,Clothing,2,120.4,200.1,2023-09-12,Multan,40.7,Instagram
ORD_02791,CUST_0145,PROD_052,Elite Gadget 052,Sports,4,78.2,264.18,2023-09-12,Multan,48.62,Instagram
ORD_02792,CUST_0231,PROD_076,Smart Device 076,Home & Kitchen,4,495.71,1982.84,2024-12-13,Islamabad,0.0,Instagram
ORD_02792,CUST_0231,PROD_009,Pro Widget 009,Electronics,2,184.21,292.04,2024-12-13,Islamabad,76.37,Instagram
ORD_02793,CUST_0403,PROD_058,Smart Tool 058,Clothing,2,234.11,441.53,2023-10-24,Faisalabad,26.69,Instagram
ORD_02793,CUST_0403,PROD_073,Basic Tool 073,Electronics,4,472.52,1638.94,2023-10-24,Faisalabad,251.13,Instagram
ORD_02793,CUST_0403,PROD_014,Premium Widget 014,Books,3,121.63,364.88,2023-10-24,Faisalabad,0.0,Instagram
ORD_02793,CUST_0403,PROD_046,Pro Tool 046,Sports,2,196.84,393.67,2023-10-24,Faisalabad,0.0,Instagram
ORD_02793,CUST_0403,PROD_019,Smart Gadget 019,Clothing,4,266.27,831.11,2023-10-24,Faisalabad,233.96,Instagram
ORD_02794,CUST_0073,PROD_029,Elite Device 029,Electronics,2,210.37,394.2,2023-05-12,Faisalabad,26.54,Referral
ORD_02794,CUST_0073,PROD_071,Premium Device 071,Electronics,1,479.82,479.82,2023-05-12,Faisalabad,0.0,Referral
ORD_02794,CUST_0073,PROD_015,Pro Widget 015,Toys,4,143.67,500.32,2023-05-12,Faisalabad,74.37,Referral
ORD_02795,CUST_0208,PROD_040,Basic Widget 040,Clothing,3,512.63,1537.89,2025-01-26,Multan,0.0,Instagram
ORD_02795,CUST_0208,PROD_063,Basic Gadget 063,Beauty,1,246.74,246.74,2025-01-26,Multan,0.0,Instagram
ORD_02795,CUST_0208,PROD_068,Basic Widget 068,Sports,3,429.42,1242.78,2025-01-26,Multan,45.49,Instagram
ORD_02795,CUST_0208,PROD_064,Basic Tool 064,Electronics,4,77.19,308.77,2025-01-26,Multan,0.0,Instagram
ORD_02795,CUST_0208,PROD_026,Smart Tool 026,Sports,4,174.23,501.27,2025-01-26,Multan,195.65,Instagram
ORD_02796,CUST_0265,PROD_039,Premium Item 039,Toys,2,358.34,561.04,2024-02-15,Lahore,155.64,Instagram
ORD_02797,CUST_0155,PROD_037,Basic Device 037,Toys,4,506.48,1754.87,2023-12-14,Faisalabad,271.06,Referral
ORD_02797,CUST_0155,PROD_036,Smart Device 036,Clothing,4,89.88,359.52,2023-12-14,Faisalabad,0.0,Referral
ORD_02797,CUST_0155,PROD_004,Premium Widget 004,Clothing,1,116.91,94.92,2023-12-14,Faisalabad,21.99,Referral
ORD_02797,CUST_0155,PROD_009,Pro Widget 009,Electronics,4,198.41,727.17,2023-12-14,Faisalabad,66.45,Referral
ORD_02797,CUST_0155,PROD_008,Elite Item 008,Home & Kitchen,2,94.22,144.69,2023-12-14,Faisalabad,43.75,Referral
ORD_02798,CUST_0309,PROD_030,Smart Tool 030,Sports,4,138.91,555.65,2023-09-19,Islamabad,0.0,Facebook
ORD_02798,CUST_0309,PROD_050,Basic Widget 050,Electronics,4,510.03,2040.11,2023-09-19,Islamabad,0.0,Facebook
ORD_02799,CUST_0276,PROD_059,Pro Tool 059,Clothing,1,371.77,371.77,2025-02-12,Peshawar,0.0,Referral
ORD_02799,CUST_0276,PROD_053,Smart Device 053,Beauty,1,130.42,102.37,2025-02-12,Peshawar,28.05,Referral
ORD_02799,CUST_0276,PROD_029,Elite Device 029,Electronics,3,224.24,672.72,2025-02-12,Peshawar,0.0,Referral
ORD_02799,CUST_0276,PROD_076,Smart Device 076,Home & Kitchen,4,456.43,1825.73,2025-02-12,Peshawar,0.0,Referral
ORD_02800,CUST_0150,PROD_032,Smart Item 032,Toys,1,342.29,249.5,2024-01-19,Rawalpindi,92.79,Google Ads
ORD_02800,CUST_0150,PROD_014,Premium Widget 014,Books,3,117.55,352.66,2024-01-19,Rawalpindi,0.0,Google Ads
ORD_02801,CUST_0146,PROD_036,Smart Device 036,Clothing,3,79.58,238.73,2023-05-04,Peshawar,0.0,Facebook
ORD_02801,CUST_0146,PROD_059,Pro Tool 059,Clothing,1,477.77,374.69,2023-05-04,Peshawar,103.08,Facebook
ORD_02802,CUST_0244,PROD_048,Smart Device 048,Clothing,3,354.27,1062.82,2024-03-28,Peshawar,0.0,Facebook
ORD_02803,CUST_0011,PROD_034,Premium Item 034,Sports,1,329.9,329.9,2023-03-14,Lahore,0.0,Organic
ORD_02803,CUST_0011,PROD_045,Basic Item 045,Beauty,2,419.68,839.36,2023-03-14,Lahore,0.0,Organic
ORD_02803,CUST_0011,PROD_071,Premium Device 071,Electronics,3,406.98,1126.32,2023-03-14,Lahore,94.62,Organic
ORD_02803,CUST_0011,PROD_047,Basic Gadget 047,Electronics,3,164.55,400.88,2023-03-14,Lahore,92.78,Organic
ORD_02804,CUST_0168,PROD_037,Basic Device 037,Toys,3,449.25,1347.76,2025-05-21,Rawalpindi,0.0,Instagram
ORD_02805,CUST_0333,PROD_035,Smart Widget 035,Toys,2,308.52,617.05,2024-02-18,Lahore,0.0,Referral
ORD_02805,CUST_0333,PROD_018,Pro Widget 018,Sports,2,259.95,519.91,2024-02-18,Lahore,0.0,Referral
ORD_02805,CUST_0333,PROD_036,Smart Device 036,Clothing,1,68.03,68.03,2024-02-18,Lahore,0.0,Referral
ORD_02806,CUST_0293,PROD_049,Premium Widget 049,Books,3,275.36,826.09,2024-02-20,Rawalpindi,0.0,Google Ads
ORD_02807,CUST_0425,PROD_066,Elite Item 066,Beauty,4,340.0,1175.82,2025-06-16,Multan,184.18,Facebook
ORD_02808,CUST_0119,PROD_008,Elite Item 008,Home & Kitchen,2,103.12,160.77,2024-03-25,Islamabad,45.46,Organic
ORD_02808,CUST_0119,PROD_044,Smart Tool 044,Clothing,4,506.23,1906.38,2024-03-25,Islamabad,118.54,Organic
ORD_02809,CUST_0092,PROD_055,Elite Item 055,Beauty,3,172.68,457.69,2023-03-02,Multan,60.34,Organic
ORD_02809,CUST_0092,PROD_015,Pro Widget 015,Toys,3,144.68,434.04,2023-03-02,Multan,0.0,Organic
ORD_02809,CUST_0092,PROD_035,Smart Widget 035,Toys,3,269.14,807.43,2023-03-02,Multan,0.0,Organic
ORD_02810,CUST_0298,PROD_004,Premium Widget 004,Clothing,1,138.62,137.24,2023-09-28,Karachi,1.38,Referral
ORD_02811,CUST_0292,PROD_005,Smart Widget 005,Sports,3,88.46,253.92,2024-01-20,Rawalpindi,11.45,Referral
ORD_02811,CUST_0292,PROD_024,Elite Tool 024,Clothing,1,158.61,158.61,2024-01-20,Rawalpindi,0.0,Referral
ORD_02811,CUST_0292,PROD_060,Premium Tool 060,Toys,3,367.18,1101.55,2024-01-20,Rawalpindi,0.0,Referral
ORD_02811,CUST_0292,PROD_076,Smart Device 076,Home & Kitchen,2,541.13,1082.25,2024-01-20,Rawalpindi,0.0,Referral
ORD_02812,CUST_0173,PROD_011,Premium Tool 011,Sports,3,76.25,228.74,2024-06-19,Islamabad,0.0,Google Ads
ORD_02812,CUST_0173,PROD_023,Smart Item 023,Clothing,2,269.27,392.81,2024-06-19,Islamabad,145.74,Google Ads
ORD_02812,CUST_0173,PROD_028,Premium Widget 028,Clothing,1,354.28,354.28,2024-06-19,Islamabad,0.0,Google Ads
ORD_02812,CUST_0173,PROD_059,Pro Tool 059,Clothing,4,380.33,1521.33,2024-06-19,Islamabad,0.0,Google Ads
ORD_02813,CUST_0239,PROD_065,Premium Tool 065,Home & Kitchen,2,507.4,1014.79,2023-09-17,Faisalabad,0.0,Facebook
ORD_02813,CUST_0239,PROD_038,Premium Device 038,Home & Kitchen,2,253.48,506.97,2023-09-17,Faisalabad,0.0,Facebook
ORD_02813,CUST_0239,PROD_011,Premium Tool 011,Sports,4,78.95,250.35,2023-09-17,Faisalabad,65.46,Facebook
ORD_02813,CUST_0239,PROD_061,Smart Widget 061,Electronics,4,389.58,1201.64,2023-09-17,Faisalabad,356.69,Facebook
ORD_02813,CUST_0239,PROD_067,Smart Tool 067,Clothing,1,87.31,87.31,2023-09-17,Faisalabad,0.0,Facebook
ORD_02814,CUST_0106,PROD_075,Smart Widget 075,Beauty,2,391.22,782.45,2023-02-03,Lahore,0.0,Referral
ORD_02814,CUST_0106,PROD_047,Basic Gadget 047,Electronics,2,150.92,301.85,2023-02-03,Lahore,0.0,Referral
ORD_02814,CUST_0106,PROD_043,Elite Device 043,Clothing,1,127.0,96.45,2023-02-03,Lahore,30.55,Referral
ORD_02815,CUST_0204,PROD_034,Premium Item 034,Sports,3,391.07,980.01,2024-10-30,Multan,193.19,Google Ads
ORD_02815,CUST_0204,PROD_053,Smart Device 053,Beauty,1,117.65,117.65,2024-10-30,Multan,0.0,Google Ads
ORD_02816,CUST_0479,PROD_051,Premium Device 051,Clothing,3,136.19,408.57,2024-12-31,Rawalpindi,0.0,Organic
ORD_02816,CUST_0479,PROD_060,Premium Tool 060,Toys,2,379.59,759.18,2024-12-31,Rawalpindi,0.0,Organic
ORD_02817,CUST_0241,PROD_049,Premium Widget 049,Books,1,350.05,271.89,2023-02-27,Karachi,78.16,Facebook
ORD_02817,CUST_0241,PROD_005,Smart Widget 005,Sports,3,106.29,318.88,2023-02-27,Karachi,0.0,Facebook
ORD_02818,CUST_0026,PROD_047,Basic Gadget 047,Electronics,3,161.17,483.51,2023-06-02,Peshawar,0.0,Instagram
ORD_02818,CUST_0026,PROD_006,Smart Tool 006,Clothing,3,202.35,607.05,2023-06-02,Peshawar,0.0,Instagram
ORD_02818,CUST_0026,PROD_005,Smart Widget 005,Sports,2,112.5,225.0,2023-06-02,Peshawar,0.0,Instagram
ORD_02818,CUST_0026,PROD_005,Smart Widget 005,Sports,3,86.4,259.2,2023-06-02,Peshawar,0.0,Instagram
ORD_02818,CUST_0026,PROD_022,Pro Tool 022,Home & Kitchen,2,50.06,70.67,2023-06-02,Peshawar,29.44,Instagram
ORD_02819,CUST_0141,PROD_051,Premium Device 051,Clothing,1,134.39,98.5,2024-02-11,Peshawar,35.89,Facebook
ORD_02819,CUST_0141,PROD_012,Elite Widget 012,Sports,1,158.89,158.89,2024-02-11,Peshawar,0.0,Facebook
ORD_02819,CUST_0141,PROD_052,Elite Gadget 052,Sports,3,82.39,234.13,2024-02-11,Peshawar,13.05,Facebook
ORD_02820,CUST_0096,PROD_010,Pro Item 010,Sports,1,115.99,115.99,2024-11-20,Rawalpindi,0.0,Email
ORD_02820,CUST_0096,PROD_044,Smart Tool 044,Clothing,1,405.57,384.72,2024-11-20,Rawalpindi,20.85,Email
ORD_02820,CUST_0096,PROD_059,Pro Tool 059,Clothing,2,490.51,981.02,2024-11-20,Rawalpindi,0.0,Email
ORD_02820,CUST_0096,PROD_052,Elite Gadget 052,Sports,3,88.12,254.0,2024-11-20,Rawalpindi,10.37,Email
ORD_02821,CUST_0435,PROD_070,Elite Device 070,Toys,3,223.84,671.52,2024-09-13,Islamabad,0.0,Google Ads
ORD_02821,CUST_0435,PROD_062,Smart Widget 062,Electronics,4,387.21,1548.85,2024-09-13,Islamabad,0.0,Google Ads
ORD_02822,CUST_0348,PROD_034,Premium Item 034,Sports,3,435.6,1102.75,2024-05-11,Lahore,204.04,Referral
ORD_02822,CUST_0348,PROD_031,Smart Widget 031,Books,4,353.4,1413.61,2024-05-11,Lahore,0.0,Referral
ORD_02823,CUST_0287,PROD_007,Pro Widget 007,Toys,2,442.59,759.87,2023-08-10,Multan,125.32,Facebook
ORD_02823,CUST_0287,PROD_028,Premium Widget 028,Clothing,4,361.93,1447.72,2023-08-10,Multan,0.0,Facebook
ORD_02824,CUST_0427,PROD_054,Elite Tool 054,Clothing,4,53.58,214.31,2024-10-11,Lahore,0.0,Instagram
ORD_02824,CUST_0427,PROD_070,Elite Device 070,Toys,1,268.23,268.23,2024-10-11,Lahore,0.0,Instagram
ORD_02824,CUST_0427,PROD_043,Elite Device 043,Clothing,2,114.75,229.5,2024-10-11,Lahore,0.0,Instagram
ORD_02824,CUST_0427,PROD_019,Smart Gadget 019,Clothing,4,283.7,1134.78,2024-10-11,Lahore,0.0,Instagram
ORD_02824,CUST_0427,PROD_026,Smart Tool 026,Sports,4,218.79,875.18,2024-10-11,Lahore,0.0,Instagram
ORD_02825,CUST_0241,PROD_072,Premium Device 072,Electronics,1,304.7,304.7,2025-06-13,Faisalabad,0.0,Google Ads
ORD_02826,CUST_0411,PROD_015,Pro Widget 015,Toys,2,139.18,278.36,2023-03-31,Lahore,0.0,Referral
ORD_02826,CUST_0411,PROD_023,Smart Item 023,Clothing,4,374.59,1498.34,2023-03-31,Lahore,0.0,Referral
ORD_02826,CUST_0411,PROD_023,Smart Item 023,Clothing,2,355.7,561.27,2023-03-31,Lahore,150.12,Referral
ORD_02827,CUST_0319,PROD_021,Premium Gadget 021,Toys,4,29.06,111.84,2023-10-13,Islamabad,4.39,Facebook
ORD_02827,CUST_0319,PROD_032,Smart Item 032,Toys,2,381.09,562.76,2023-10-13,Islamabad,199.42,Facebook
ORD_02827,CUST_0319,PROD_066,Elite Item 066,Beauty,2,300.92,601.84,2023-10-13,Islamabad,0.0,Facebook
ORD_02827,CUST_0319,PROD_061,Smart Widget 061,Electronics,2,368.86,737.72,2023-10-13,Islamabad,0.0,Facebook
ORD_02827,CUST_0319,PROD_079,Premium Widget 079,Beauty,3,328.42,985.26,2023-10-13,Islamabad,0.0,Facebook
ORD_02828,CUST_0466,PROD_065,Premium Tool 065,Home & Kitchen,1,480.61,480.61,2024-11-14,Karachi,0.0,Referral
ORD_02828,CUST_0466,PROD_004,Premium Widget 004,Clothing,1,112.23,104.45,2024-11-14,Karachi,7.78,Referral
ORD_02828,CUST_0466,PROD_023,Smart Item 023,Clothing,4,284.35,1137.38,2024-11-14,Karachi,0.0,Referral
ORD_02828,CUST_0466,PROD_039,Premium Item 039,Toys,3,458.67,1376.01,2024-11-14,Karachi,0.0,Referral
ORD_02829,CUST_0185,PROD_063,Basic Gadget 063,Beauty,2,277.44,436.55,2024-09-08,Lahore,118.34,Instagram
ORD_02829,CUST_0185,PROD_062,Smart Widget 062,Electronics,2,405.53,811.07,2024-09-08,Lahore,0.0,Instagram
ORD_02829,CUST_0185,PROD_041,Premium Widget 041,Books,3,222.15,666.44,2024-09-08,Lahore,0.0,Instagram
ORD_02830,CUST_0398,PROD_025,Basic Device 025,Sports,2,142.44,263.21,2023-04-09,Faisalabad,21.67,Email
ORD_02830,CUST_0398,PROD_013,Smart Item 013,Sports,1,112.75,112.75,2023-04-09,Faisalabad,0.0,Email
ORD_02830,CUST_0398,PROD_009,Pro Widget 009,Electronics,4,157.26,629.03,2023-04-09,Faisalabad,0.0,Email
ORD_02830,CUST_0398,PROD_038,Premium Device 038,Home & Kitchen,3,287.21,861.62,2023-04-09,Faisalabad,0.0,Email
ORD_02831,CUST_0298,PROD_001,Premium Widget 001,Books,3,163.75,491.25,2024-03-11,Peshawar,0.0,Referral
ORD_02831,CUST_0298,PROD_020,Pro Device 020,Clothing,4,330.97,1323.87,2024-03-11,Peshawar,0.0,Referral
ORD_02831,CUST_0298,PROD_062,Smart Widget 062,Electronics,1,552.28,552.28,2024-03-11,Peshawar,0.0,Referral
ORD_02831,CUST_0298,PROD_011,Premium Tool 011,Sports,2,82.9,165.81,2024-03-11,Peshawar,0.0,Referral
ORD_02832,CUST_0002,PROD_074,Smart Gadget 074,Sports,1,311.31,311.31,2024-04-09,Lahore,0.0,Referral
ORD_02832,CUST_0002,PROD_034,Premium Item 034,Sports,4,357.23,1428.93,2024-04-09,Lahore,0.0,Referral
ORD_02833,CUST_0028,PROD_075,Smart Widget 075,Beauty,3,398.12,846.82,2025-03-04,Lahore,347.54,Instagram
ORD_02833,CUST_0028,PROD_059,Pro Tool 059,Clothing,4,464.6,1858.4,2025-03-04,Lahore,0.0,Instagram
ORD_02833,CUST_0028,PROD_080,Smart Widget 080,Electronics,1,321.73,321.73,2025-03-04,Lahore,0.0,Instagram
ORD_02833,CUST_0028,PROD_053,Smart Device 053,Beauty,4,124.22,476.3,2025-03-04,Lahore,20.56,Instagram
ORD_02834,CUST_0194,PROD_074,Smart Gadget 074,Sports,3,323.76,902.95,2023-10-09,Faisalabad,68.33,Referral
ORD_02834,CUST_0194,PROD_001,Premium Widget 001,Books,3,127.22,270.16,2023-10-09,Faisalabad,111.5,Referral
ORD_02834,CUST_0194,PROD_038,Premium Device 038,Home & Kitchen,1,284.49,284.49,2023-10-09,Faisalabad,0.0,Referral
ORD_02835,CUST_0102,PROD_035,Smart Widget 035,Toys,3,271.84,815.52,2023-05-03,Rawalpindi,0.0,Instagram
ORD_02835,CUST_0102,PROD_024,Elite Tool 024,Clothing,3,119.17,270.62,2023-05-03,Rawalpindi,86.88,Instagram
ORD_02835,CUST_0102,PROD_076,Smart Device 076,Home & Kitchen,4,410.31,1641.25,2023-05-03,Rawalpindi,0.0,Instagram
ORD_02835,CUST_0102,PROD_074,Smart Gadget 074,Sports,1,351.54,351.54,2023-05-03,Rawalpindi,0.0,Instagram
ORD_02836,CUST_0105,PROD_005,Smart Widget 005,Sports,2,111.34,222.67,2023-04-17,Islamabad,0.0,Organic
ORD_02836,CUST_0105,PROD_031,Smart Widget 031,Books,3,292.66,816.04,2023-04-17,Islamabad,61.94,Organic
ORD_02836,CUST_0105,PROD_061,Smart Widget 061,Electronics,1,266.86,266.86,2023-04-17,Islamabad,0.0,Organic
ORD_02836,CUST_0105,PROD_042,Premium Device 042,Toys,1,84.95,84.95,2023-04-17,Islamabad,0.0,Organic
ORD_02837,CUST_0219,PROD_038,Premium Device 038,Home & Kitchen,2,206.06,412.13,2025-01-19,Multan,0.0,Referral
ORD_02837,CUST_0219,PROD_010,Pro Item 010,Sports,1,161.61,161.61,2025-01-19,Multan,0.0,Referral
ORD_02838,CUST_0477,PROD_034,Premium Item 034,Sports,4,403.02,1190.55,2025-04-05,Peshawar,421.54,Facebook
ORD_02838,CUST_0477,PROD_028,Premium Widget 028,Clothing,2,372.91,534.39,2025-04-05,Peshawar,211.44,Facebook
ORD_02839,CUST_0086,PROD_053,Smart Device 053,Beauty,2,138.85,277.69,2023-11-28,Karachi,0.0,Instagram
ORD_02839,CUST_0086,PROD_051,Premium Device 051,Clothing,2,150.53,219.56,2023-11-28,Karachi,81.5,Instagram
ORD_02839,CUST_0086,PROD_033,Premium Item 033,Beauty,3,97.04,275.94,2023-11-28,Karachi,15.17,Instagram
ORD_02840,CUST_0263,PROD_072,Premium Device 072,Electronics,4,350.79,1361.07,2023-11-07,Rawalpindi,42.09,Organic
ORD_02840,CUST_0263,PROD_073,Basic Tool 073,Electronics,1,457.66,457.66,2023-11-07,Rawalpindi,0.0,Organic
ORD_02840,CUST_0263,PROD_038,Premium Device 038,Home & Kitchen,2,210.19,420.38,2023-11-07,Rawalpindi,0.0,Organic
ORD_02841,CUST_0128,PROD_026,Smart Tool 026,Sports,2,240.32,464.64,2025-01-17,Islamabad,16.0,Organic
ORD_02841,CUST_0128,PROD_029,Elite Device 029,Electronics,4,195.84,783.34,2025-01-17,Islamabad,0.0,Organic
ORD_02841,CUST_0128,PROD_050,Basic Widget 050,Electronics,1,419.33,419.33,2025-01-17,Islamabad,0.0,Organic
ORD_02841,CUST_0128,PROD_002,Basic Gadget 002,Books,3,54.74,164.23,2025-01-17,Islamabad,0.0,Organic
ORD_02842,CUST_0350,PROD_031,Smart Widget 031,Books,4,358.74,1434.95,2023-01-21,Peshawar,0.0,Referral
ORD_02842,CUST_0350,PROD_034,Premium Item 034,Sports,4,307.31,892.03,2023-01-21,Peshawar,337.21,Referral
ORD_02842,CUST_0350,PROD_048,Smart Device 048,Clothing,2,334.69,669.38,2023-01-21,Peshawar,0.0,Referral
ORD_02842,CUST_0350,PROD_059,Pro Tool 059,Clothing,3,500.99,1328.08,2023-01-21,Peshawar,174.89,Referral
ORD_02843,CUST_0395,PROD_058,Smart Tool 058,Clothing,2,247.41,494.82,2024-04-06,Faisalabad,0.0,Instagram
ORD_02843,CUST_0395,PROD_071,Premium Device 071,Electronics,4,370.72,1482.9,2024-04-06,Faisalabad,0.0,Instagram
ORD_02844,CUST_0316,PROD_057,Pro Widget 057,Clothing,4,96.13,320.14,2025-02-13,Multan,64.39,Instagram
ORD_02845,CUST_0354,PROD_015,Pro Widget 015,Toys,2,130.93,261.86,2023-09-22,Islamabad,0.0,Organic
ORD_02845,CUST_0354,PROD_016,Premium Tool 016,Home & Kitchen,4,276.24,1104.94,2023-09-22,Islamabad,0.0,Organic
ORD_02845,CUST_0354,PROD_001,Premium Widget 001,Books,3,138.45,415.36,2023-09-22,Islamabad,0.0,Organic
ORD_02845,CUST_0354,PROD_015,Pro Widget 015,Toys,3,134.29,402.88,2023-09-22,Islamabad,0.0,Organic
ORD_02846,CUST_0376,PROD_060,Premium Tool 060,Toys,2,491.75,983.51,2023-10-06,Lahore,0.0,Email
ORD_02847,CUST_0145,PROD_008,Elite Item 008,Home & Kitchen,3,72.01,216.04,2023-12-20,Rawalpindi,0.0,Email
ORD_02847,CUST_0145,PROD_008,Elite Item 008,Home & Kitchen,3,82.47,247.4,2023-12-20,Rawalpindi,0.0,Email
ORD_02847,CUST_0145,PROD_008,Elite Item 008,Home & Kitchen,2,86.51,164.68,2023-12-20,Rawalpindi,8.33,Email
ORD_02847,CUST_0145,PROD_067,Smart Tool 067,Clothing,2,90.26,172.48,2023-12-20,Rawalpindi,8.05,Email
ORD_02848,CUST_0318,PROD_040,Basic Widget 040,Clothing,2,516.55,1033.1,2024-03-13,Faisalabad,0.0,Google Ads
ORD_02848,CUST_0318,PROD_047,Basic Gadget 047,Electronics,1,201.76,201.76,2024-03-13,Faisalabad,0.0,Google Ads
ORD_02848,CUST_0318,PROD_060,Premium Tool 060,Toys,4,388.38,1553.5,2024-03-13,Faisalabad,0.0,Google Ads
ORD_02848,CUST_0318,PROD_051,Premium Device 051,Clothing,2,125.46,198.41,2024-03-13,Faisalabad,52.52,Google Ads
ORD_02849,CUST_0139,PROD_026,Smart Tool 026,Sports,4,197.91,791.65,2023-08-21,Multan,0.0,Instagram
ORD_02849,CUST_0139,PROD_013,Smart Item 013,Sports,1,102.61,102.61,2023-08-21,Multan,0.0,Instagram
ORD_02849,CUST_0139,PROD_056,Premium Widget 056,Electronics,3,237.23,638.57,2023-08-21,Multan,73.12,Instagram
ORD_02849,CUST_0139,PROD_043,Elite Device 043,Clothing,3,166.58,361.03,2023-08-21,Multan,138.72,Instagram
ORD_02850,CUST_0414,PROD_067,Smart Tool 067,Clothing,3,103.16,253.12,2023-02-18,Multan,56.35,Email
ORD_02850,CUST_0414,PROD_069,Premium Item 069,Electronics,4,30.91,101.14,2023-02-18,Multan,22.51,Email
ORD_02850,CUST_0414,PROD_060,Premium Tool 060,Toys,2,435.6,871.21,2023-02-18,Multan,0.0,Email
ORD_02850,CUST_0414,PROD_036,Smart Device 036,Clothing,1,83.08,83.08,2023-02-18,Multan,0.0,Email
ORD_02851,CUST_0427,PROD_011,Premium Tool 011,Sports,3,82.46,227.85,2025-02-26,Islamabad,19.54,Google Ads
ORD_02851,CUST_0427,PROD_010,Pro Item 010,Sports,3,125.79,266.57,2025-02-26,Islamabad,110.81,Google Ads
ORD_02851,CUST_0427,PROD_005,Smart Widget 005,Sports,4,105.82,423.29,2025-02-26,Islamabad,0.0,Google Ads
ORD_02851,CUST_0427,PROD_040,Basic Widget 040,Clothing,2,449.07,764.87,2025-02-26,Islamabad,133.27,Google Ads
ORD_02851,CUST_0427,PROD_005,Smart Widget 005,Sports,3,86.91,248.31,2025-02-26,Islamabad,12.43,Google Ads
ORD_02852,CUST_0343,PROD_060,Premium Tool 060,Toys,1,380.4,380.4,2024-12-09,Multan,0.0,Referral
ORD_02852,CUST_0343,PROD_060,Premium Tool 060,Toys,4,411.38,1243.51,2024-12-09,Multan,402.02,Referral
ORD_02852,CUST_0343,PROD_007,Pro Widget 007,Toys,4,451.71,1567.48,2024-12-09,Multan,239.35,Referral
ORD_02852,CUST_0343,PROD_078,Basic Item 078,Beauty,4,153.09,612.25,2024-12-09,Multan,0.09,Referral
ORD_02853,CUST_0015,PROD_080,Smart Widget 080,Electronics,3,221.28,663.84,2024-02-09,Peshawar,0.0,Organic
ORD_02853,CUST_0015,PROD_030,Smart Tool 030,Sports,3,157.2,471.59,2024-02-09,Peshawar,0.0,Organic
ORD_02853,CUST_0015,PROD_047,Basic Gadget 047,Electronics,1,159.64,156.64,2024-02-09,Peshawar,3.0,Organic
ORD_02854,CUST_0026,PROD_018,Pro Widget 018,Sports,1,332.38,323.6,2024-06-09,Faisalabad,8.78,Google Ads
ORD_02854,CUST_0026,PROD_027,Basic Gadget 027,Sports,1,201.9,201.9,2024-06-09,Faisalabad,0.0,Google Ads
ORD_02855,CUST_0183,PROD_012,Elite Widget 012,Sports,3,150.05,338.19,2023-02-15,Peshawar,111.95,Referral
ORD_02856,CUST_0229,PROD_045,Basic Item 045,Beauty,3,462.19,1386.57,2023-06-30,Faisalabad,0.0,Organic
ORD_02856,CUST_0229,PROD_065,Premium Tool 065,Home & Kitchen,2,500.04,1000.07,2023-06-30,Faisalabad,0.0,Organic
ORD_02856,CUST_0229,PROD_079,Premium Widget 079,Beauty,4,294.87,1075.82,2023-06-30,Faisalabad,103.66,Organic
ORD_02856,CUST_0229,PROD_049,Premium Widget 049,Books,3,291.6,813.94,2023-06-30,Faisalabad,60.86,Organic
ORD_02856,CUST_0229,PROD_027,Basic Gadget 027,Sports,2,279.71,465.75,2023-06-30,Faisalabad,93.66,Organic
ORD_02857,CUST_0457,PROD_074,Smart Gadget 074,Sports,1,266.02,266.02,2023-11-11,Islamabad,0.0,Organic
ORD_02857,CUST_0457,PROD_026,Smart Tool 026,Sports,1,210.58,210.58,2023-11-11,Islamabad,0.0,Organic
ORD_02857,CUST_0457,PROD_027,Basic Gadget 027,Sports,1,213.29,187.34,2023-11-11,Islamabad,25.95,Organic
ORD_02857,CUST_0457,PROD_033,Premium Item 033,Beauty,3,98.16,294.48,2023-11-11,Islamabad,0.0,Organic
ORD_02858,CUST_0188,PROD_016,Premium Tool 016,Home & Kitchen,4,249.15,809.66,2024-10-16,Lahore,186.94,Facebook
ORD_02858,CUST_0188,PROD_025,Basic Device 025,Sports,2,126.79,235.8,2024-10-16,Lahore,17.78,Facebook
ORD_02858,CUST_0188,PROD_006,Smart Tool 006,Clothing,4,194.31,741.82,2024-10-16,Lahore,35.41,Facebook
ORD_02858,CUST_0188,PROD_013,Smart Item 013,Sports,2,87.21,174.42,2024-10-16,Lahore,0.0,Facebook
ORD_02858,CUST_0188,PROD_003,Smart Widget 003,Sports,4,231.06,924.23,2024-10-16,Lahore,0.0,Facebook
ORD_02859,CUST_0493,PROD_060,Premium Tool 060,Toys,1,462.33,348.03,2023-08-14,Faisalabad,114.3,Instagram
ORD_02860,CUST_0279,PROD_070,Elite Device 070,Toys,2,312.12,496.91,2025-04-01,Lahore,127.33,Google Ads
ORD_02861,CUST_0466,PROD_046,Pro Tool 046,Sports,4,241.23,964.93,2023-01-07,Peshawar,0.0,Referral
ORD_02861,CUST_0466,PROD_046,Pro Tool 046,Sports,4,213.62,622.87,2023-01-07,Peshawar,231.61,Referral
ORD_02862,CUST_0311,PROD_058,Smart Tool 058,Clothing,2,218.75,437.49,2024-11-02,Islamabad,0.0,Facebook
ORD_02862,CUST_0311,PROD_073,Basic Tool 073,Electronics,4,407.75,1306.33,2024-11-02,Islamabad,324.68,Facebook
ORD_02863,CUST_0119,PROD_008,Elite Item 008,Home & Kitchen,2,71.37,116.06,2024-05-29,Faisalabad,26.68,Google Ads
ORD_02863,CUST_0119,PROD_034,Premium Item 034,Sports,3,308.22,924.67,2024-05-29,Faisalabad,0.0,Google Ads
ORD_02863,CUST_0119,PROD_004,Premium Widget 004,Clothing,2,130.06,260.11,2024-05-29,Faisalabad,0.0,Google Ads
ORD_02864,CUST_0246,PROD_031,Smart Widget 031,Books,3,324.74,745.6,2023-05-22,Rawalpindi,228.61,Email
ORD_02864,CUST_0246,PROD_012,Elite Widget 012,Sports,1,146.47,136.52,2023-05-22,Rawalpindi,9.95,Email
ORD_02864,CUST_0246,PROD_028,Premium Widget 028,Clothing,2,310.42,561.25,2023-05-22,Rawalpindi,59.59,Email
ORD_02864,CUST_0246,PROD_028,Premium Widget 028,Clothing,3,322.56,967.68,2023-05-22,Rawalpindi,0.0,Email
ORD_02864,CUST_0246,PROD_023,Smart Item 023,Clothing,3,341.29,1023.87,2023-05-22,Rawalpindi,0.0,Email
ORD_02865,CUST_0316,PROD_047,Basic Gadget 047,Electronics,3,191.44,569.62,2024-08-11,Lahore,4.69,Email
ORD_02865,CUST_0316,PROD_001,Premium Widget 001,Books,1,172.67,125.87,2024-08-11,Lahore,46.8,Email
ORD_02866,CUST_0474,PROD_039,Premium Item 039,Toys,3,413.52,1240.56,2025-04-11,Multan,0.0,Facebook
ORD_02866,CUST_0474,PROD_077,Basic Item 077,Clothing,2,112.34,224.68,2025-04-11,Multan,0.0,Facebook
ORD_02866,CUST_0474,PROD_047,Basic Gadget 047,Electronics,1,196.64,164.23,2025-04-11,Multan,32.41,Facebook
ORD_02867,CUST_0497,PROD_018,Pro Widget 018,Sports,2,270.1,466.26,2024-04-22,Lahore,73.94,Referral
ORD_02868,CUST_0316,PROD_033,Premium Item 033,Beauty,2,90.1,180.19,2024-09-18,Lahore,0.0,Facebook
ORD_02869,CUST_0107,PROD_014,Premium Widget 014,Books,1,108.51,108.51,2023-06-30,Multan,0.0,Facebook
ORD_02870,CUST_0261,PROD_077,Basic Item 077,Clothing,4,121.78,487.12,2025-02-19,Karachi,0.0,Google Ads
ORD_02871,CUST_0427,PROD_020,Pro Device 020,Clothing,4,306.02,1224.09,2024-04-03,Islamabad,0.0,Organic
ORD_02871,CUST_0427,PROD_008,Elite Item 008,Home & Kitchen,4,95.23,380.93,2024-04-03,Islamabad,0.0,Organic
ORD_02871,CUST_0427,PROD_028,Premium Widget 028,Clothing,2,343.09,653.59,2024-04-03,Islamabad,32.6,Organic
ORD_02872,CUST_0053,PROD_069,Premium Item 069,Electronics,2,29.29,58.58,2024-04-23,Rawalpindi,0.0,Instagram
ORD_02872,CUST_0053,PROD_037,Basic Device 037,Toys,4,399.23,1494.36,2024-04-23,Rawalpindi,102.56,Instagram
ORD_02872,CUST_0053,PROD_047,Basic Gadget 047,Electronics,3,180.0,386.58,2024-04-23,Rawalpindi,153.41,Instagram
ORD_02872,CUST_0053,PROD_051,Premium Device 051,Clothing,3,140.46,421.38,2024-04-23,Rawalpindi,0.0,Instagram
ORD_02873,CUST_0489,PROD_077,Basic Item 077,Clothing,1,144.83,131.62,2023-06-25,Multan,13.21,Facebook
ORD_02873,CUST_0489,PROD_039,Premium Item 039,Toys,1,445.97,445.97,2023-06-25,Multan,0.0,Facebook
ORD_02873,CUST_0489,PROD_027,Basic Gadget 027,Sports,4,244.53,978.11,2023-06-25,Multan,0.0,Facebook
ORD_02873,CUST_0489,PROD_058,Smart Tool 058,Clothing,2,203.62,407.23,2023-06-25,Multan,0.0,Facebook
ORD_02873,CUST_0489,PROD_038,Premium Device 038,Home & Kitchen,3,253.75,533.98,2023-06-25,Multan,227.27,Facebook
ORD_02874,CUST_0224,PROD_042,Premium Device 042,Toys,4,71.22,284.89,2024-03-03,Islamabad,0.0,Referral
ORD_02874,CUST_0224,PROD_016,Premium Tool 016,Home & Kitchen,4,265.75,1046.33,2024-03-03,Islamabad,16.66,Referral
ORD_02874,CUST_0224,PROD_060,Premium Tool 060,Toys,4,505.23,1980.53,2024-03-03,Islamabad,40.39,Referral
ORD_02874,CUST_0224,PROD_048,Smart Device 048,Clothing,1,276.03,276.03,2024-03-03,Islamabad,0.0,Referral
ORD_02874,CUST_0224,PROD_043,Elite Device 043,Clothing,4,140.05,560.21,2024-03-03,Islamabad,0.0,Referral
ORD_02875,CUST_0447,PROD_079,Premium Widget 079,Beauty,4,329.12,1316.5,2023-06-19,Islamabad,0.0,Instagram
ORD_02875,CUST_0447,PROD_070,Elite Device 070,Toys,1,301.08,301.08,2023-06-19,Islamabad,0.0,Instagram
ORD_02875,CUST_0447,PROD_051,Premium Device 051,Clothing,4,166.32,539.94,2023-06-19,Islamabad,125.36,Instagram
ORD_02875,CUST_0447,PROD_029,Elite Device 029,Electronics,2,198.9,397.8,2023-06-19,Islamabad,0.0,Instagram
ORD_02876,CUST_0152,PROD_043,Elite Device 043,Clothing,1,159.96,152.15,2023-04-15,Lahore,7.81,Instagram
ORD_02876,CUST_0152,PROD_079,Premium Widget 079,Beauty,2,274.2,548.39,2023-04-15,Lahore,0.0,Instagram
ORD_02876,CUST_0152,PROD_024,Elite Tool 024,Clothing,2,143.21,286.41,2023-04-15,Lahore,0.0,Instagram
ORD_02876,CUST_0152,PROD_037,Basic Device 037,Toys,3,498.94,1496.81,2023-04-15,Lahore,0.0,Instagram
ORD_02877,CUST_0450,PROD_032,Smart Item 032,Toys,3,383.22,1149.67,2025-05-12,Rawalpindi,0.0,Instagram
ORD_02877,CUST_0450,PROD_038,Premium Device 038,Home & Kitchen,4,225.83,732.58,2025-05-12,Rawalpindi,170.74,Instagram
ORD_02878,CUST_0162,PROD_077,Basic Item 077,Clothing,3,127.58,318.4,2024-11-17,Lahore,64.34,Referral
ORD_02879,CUST_0124,PROD_030,Smart Tool 030,Sports,3,133.2,331.22,2025-01-17,Islamabad,68.39,Google Ads
ORD_02879,CUST_0124,PROD_078,Basic Item 078,Beauty,1,160.53,160.53,2025-01-17,Islamabad,0.0,Google Ads
ORD_02879,CUST_0124,PROD_045,Basic Item 045,Beauty,3,426.59,1279.77,2025-01-17,Islamabad,0.0,Google Ads
ORD_02879,CUST_0124,PROD_061,Smart Widget 061,Electronics,3,274.08,681.3,2025-01-17,Islamabad,140.93,Google Ads
ORD_02879,CUST_0124,PROD_006,Smart Tool 006,Clothing,1,234.55,234.55,2025-01-17,Islamabad,0.0,Google Ads
ORD_02880,CUST_0155,PROD_009,Pro Widget 009,Electronics,1,163.17,142.45,2025-02-11,Rawalpindi,20.72,Google Ads
ORD_02880,CUST_0155,PROD_027,Basic Gadget 027,Sports,4,287.14,1148.55,2025-02-11,Rawalpindi,0.0,Google Ads
ORD_02880,CUST_0155,PROD_079,Premium Widget 079,Beauty,1,368.36,368.36,2025-02-11,Rawalpindi,0.0,Google Ads
ORD_02880,CUST_0155,PROD_001,Premium Widget 001,Books,3,154.75,379.97,2025-02-11,Rawalpindi,84.29,Google Ads
ORD_02880,CUST_0155,PROD_050,Basic Widget 050,Electronics,1,451.65,451.65,2025-02-11,Rawalpindi,0.0,Google Ads
ORD_02881,CUST_0333,PROD_047,Basic Gadget 047,Electronics,4,166.32,665.27,2023-10-03,Karachi,0.0,Referral
ORD_02882,CUST_0135,PROD_035,Smart Widget 035,Toys,2,264.39,502.93,2024-11-19,Islamabad,25.84,Email
ORD_02882,CUST_0135,PROD_066,Elite Item 066,Beauty,3,395.41,1119.68,2024-11-19,Islamabad,66.54,Email
ORD_02882,CUST_0135,PROD_053,Smart Device 053,Beauty,3,117.27,351.81,2024-11-19,Islamabad,0.0,Email
ORD_02883,CUST_0239,PROD_043,Elite Device 043,Clothing,1,151.41,151.41,2024-07-14,Lahore,0.0,Facebook
ORD_02883,CUST_0239,PROD_043,Elite Device 043,Clothing,1,145.82,145.82,2024-07-14,Lahore,0.0,Facebook
ORD_02883,CUST_0239,PROD_059,Pro Tool 059,Clothing,3,497.24,1052.54,2024-07-14,Lahore,439.19,Facebook
ORD_02883,CUST_0239,PROD_057,Pro Widget 057,Clothing,4,110.42,441.68,2024-07-14,Lahore,0.0,Facebook
ORD_02884,CUST_0440,PROD_055,Elite Item 055,Beauty,3,178.69,404.79,2024-11-29,Karachi,131.27,Referral
ORD_02884,CUST_0440,PROD_022,Pro Tool 022,Home & Kitchen,3,47.32,141.96,2024-11-29,Karachi,0.0,Referral
ORD_02884,CUST_0440,PROD_049,Premium Widget 049,Books,3,380.31,939.69,2024-11-29,Karachi,201.25,Referral
ORD_02884,CUST_0440,PROD_047,Basic Gadget 047,Electronics,2,174.56,276.52,2024-11-29,Karachi,72.6,Referral
ORD_02885,CUST_0299,PROD_077,Basic Item 077,Clothing,1,158.12,158.12,2024-09-26,Lahore,0.0,Instagram
ORD_02885,CUST_0299,PROD_033,Premium Item 033,Beauty,1,85.22,85.22,2024-09-26,Lahore,0.0,Instagram
ORD_02886,CUST_0269,PROD_016,Premium Tool 016,Home & Kitchen,1,186.74,166.9,2024-10-22,Rawalpindi,19.84,Instagram
ORD_02886,CUST_0269,PROD_010,Pro Item 010,Sports,2,113.21,167.46,2024-10-22,Rawalpindi,58.96,Instagram
ORD_02887,CUST_0188,PROD_043,Elite Device 043,Clothing,4,123.4,493.61,2024-08-23,Faisalabad,0.0,Organic
ORD_02887,CUST_0188,PROD_034,Premium Item 034,Sports,2,392.94,630.17,2024-08-23,Faisalabad,155.71,Organic
ORD_02887,CUST_0188,PROD_026,Smart Tool 026,Sports,2,203.79,407.58,2024-08-23,Faisalabad,0.0,Organic
ORD_02887,CUST_0188,PROD_066,Elite Item 066,Beauty,3,364.3,1092.89,2024-08-23,Faisalabad,0.0,Organic
ORD_02888,CUST_0375,PROD_064,Basic Tool 064,Electronics,1,76.63,76.63,2024-07-07,Multan,0.0,Email
ORD_02888,CUST_0375,PROD_012,Elite Widget 012,Sports,1,167.23,167.23,2024-07-07,Multan,0.0,Email
ORD_02888,CUST_0375,PROD_061,Smart Widget 061,Electronics,3,379.3,1066.74,2024-07-07,Multan,71.16,Email
ORD_02888,CUST_0375,PROD_013,Smart Item 013,Sports,3,93.18,279.53,2024-07-07,Multan,0.0,Email
ORD_02889,CUST_0323,PROD_013,Smart Item 013,Sports,2,103.79,207.58,2024-03-28,Multan,0.0,Instagram
ORD_02890,CUST_0309,PROD_066,Elite Item 066,Beauty,4,387.79,1532.12,2024-03-02,Lahore,19.05,Referral
ORD_02890,CUST_0309,PROD_066,Elite Item 066,Beauty,1,308.04,292.08,2024-03-02,Lahore,15.96,Referral
ORD_02891,CUST_0026,PROD_007,Pro Widget 007,Toys,3,369.54,1108.61,2025-04-30,Lahore,0.0,Google Ads
ORD_02891,CUST_0026,PROD_031,Smart Widget 031,Books,3,306.82,920.46,2025-04-30,Lahore,0.0,Google Ads
ORD_02891,CUST_0026,PROD_072,Premium Device 072,Electronics,1,329.31,329.31,2025-04-30,Lahore,0.0,Google Ads
ORD_02891,CUST_0026,PROD_046,Pro Tool 046,Sports,4,195.29,593.39,2025-04-30,Lahore,187.76,Google Ads
ORD_02891,CUST_0026,PROD_019,Smart Gadget 019,Clothing,3,283.02,849.06,2025-04-30,Lahore,0.0,Google Ads
ORD_02892,CUST_0008,PROD_022,Pro Tool 022,Home & Kitchen,2,38.61,77.22,2024-12-21,Faisalabad,0.0,Facebook
ORD_02892,CUST_0008,PROD_006,Smart Tool 006,Clothing,1,233.72,175.58,2024-12-21,Faisalabad,58.14,Facebook
ORD_02893,CUST_0115,PROD_064,Basic Tool 064,Electronics,3,80.14,240.41,2025-05-22,Lahore,0.0,Instagram
ORD_02894,CUST_0456,PROD_061,Smart Widget 061,Electronics,2,307.42,598.07,2023-03-02,Multan,16.76,Referral
ORD_02894,CUST_0456,PROD_029,Elite Device 029,Electronics,2,178.36,356.73,2023-03-02,Multan,0.0,Referral
ORD_02894,CUST_0456,PROD_015,Pro Widget 015,Toys,2,119.53,239.06,2023-03-02,Multan,0.0,Referral
ORD_02895,CUST_0084,PROD_020,Pro Device 020,Clothing,4,361.53,1446.11,2023-02-18,Multan,0.0,Facebook
ORD_02896,CUST_0148,PROD_050,Basic Widget 050,Electronics,4,346.48,1385.9,2024-02-18,Karachi,0.0,Organic
ORD_02896,CUST_0148,PROD_022,Pro Tool 022,Home & Kitchen,1,42.67,32.13,2024-02-18,Karachi,10.54,Organic
ORD_02897,CUST_0138,PROD_049,Premium Widget 049,Books,4,291.72,1048.6,2023-01-11,Peshawar,118.27,Referral
ORD_02897,CUST_0138,PROD_028,Premium Widget 028,Clothing,4,273.31,1093.23,2023-01-11,Peshawar,0.0,Referral
ORD_02897,CUST_0138,PROD_015,Pro Widget 015,Toys,2,143.36,286.71,2023-01-11,Peshawar,0.0,Referral
ORD_02897,CUST_0138,PROD_013,Smart Item 013,Sports,1,93.37,93.37,2023-01-11,Peshawar,0.0,Referral
ORD_02898,CUST_0311,PROD_042,Premium Device 042,Toys,1,74.2,72.36,2024-01-22,Multan,1.84,Email
ORD_02898,CUST_0311,PROD_068,Basic Widget 068,Sports,3,371.8,1115.41,2024-01-22,Multan,0.0,Email
ORD_02898,CUST_0311,PROD_076,Smart Device 076,Home & Kitchen,3,441.05,1036.76,2024-01-22,Multan,286.38,Email
ORD_02898,CUST_0311,PROD_036,Smart Device 036,Clothing,4,72.69,290.77,2024-01-22,Multan,0.0,Email
ORD_02898,CUST_0311,PROD_019,Smart Gadget 019,Clothing,1,216.53,216.53,2024-01-22,Multan,0.0,Email
ORD_02899,CUST_0428,PROD_058,Smart Tool 058,Clothing,3,209.09,627.26,2023-11-10,Multan,0.0,Organic
ORD_02899,CUST_0428,PROD_076,Smart Device 076,Home & Kitchen,1,550.63,496.85,2023-11-10,Multan,53.78,Organic
ORD_02900,CUST_0447,PROD_054,Elite Tool 054,Clothing,3,55.88,167.65,2023-10-18,Islamabad,0.0,Facebook
ORD_02900,CUST_0447,PROD_038,Premium Device 038,Home & Kitchen,3,215.5,646.51,2023-10-18,Islamabad,0.0,Facebook
ORD_02900,CUST_0447,PROD_066,Elite Item 066,Beauty,4,322.94,1291.77,2023-10-18,Islamabad,0.0,Facebook
ORD_02901,CUST_0009,PROD_004,Premium Widget 004,Clothing,3,111.02,333.05,2025-06-25,Faisalabad,0.0,Google Ads
ORD_02901,CUST_0009,PROD_072,Premium Device 072,Electronics,3,293.85,881.54,2025-06-25,Faisalabad,0.0,Google Ads
ORD_02901,CUST_0009,PROD_077,Basic Item 077,Clothing,1,124.67,124.67,2025-06-25,Faisalabad,0.0,Google Ads
ORD_02901,CUST_0009,PROD_078,Basic Item 078,Beauty,4,154.39,617.56,2025-06-25,Faisalabad,0.0,Google Ads
ORD_02901,CUST_0009,PROD_079,Premium Widget 079,Beauty,2,312.82,625.64,2025-06-25,Faisalabad,0.0,Google Ads
ORD_02902,CUST_0068,PROD_047,Basic Gadget 047,Electronics,3,199.26,597.77,2025-02-05,Multan,0.0,Organic
ORD_02902,CUST_0068,PROD_015,Pro Widget 015,Toys,2,148.66,209.16,2025-02-05,Multan,88.16,Organic
ORD_02902,CUST_0068,PROD_001,Premium Widget 001,Books,2,165.13,303.01,2025-02-05,Multan,27.25,Organic
ORD_02902,CUST_0068,PROD_013,Smart Item 013,Sports,2,95.38,190.76,2025-02-05,Multan,0.0,Organic
ORD_02903,CUST_0118,PROD_057,Pro Widget 057,Clothing,3,121.08,363.25,2025-06-04,Lahore,0.0,Organic
ORD_02903,CUST_0118,PROD_045,Basic Item 045,Beauty,2,561.93,1123.86,2025-06-04,Lahore,0.0,Organic
ORD_02903,CUST_0118,PROD_007,Pro Widget 007,Toys,4,362.13,1448.53,2025-06-04,Lahore,0.0,Organic
ORD_02903,CUST_0118,PROD_078,Basic Item 078,Beauty,4,193.83,775.3,2025-06-04,Lahore,0.0,Organic
ORD_02904,CUST_0490,PROD_068,Basic Widget 068,Sports,3,432.17,1296.52,2024-01-17,Karachi,0.0,Organic
ORD_02904,CUST_0490,PROD_059,Pro Tool 059,Clothing,3,413.31,907.92,2024-01-17,Karachi,332.01,Organic
ORD_02905,CUST_0403,PROD_012,Elite Widget 012,Sports,3,172.11,459.08,2023-07-03,Lahore,57.24,Google Ads
ORD_02905,CUST_0403,PROD_013,Smart Item 013,Sports,1,106.59,106.59,2023-07-03,Lahore,0.0,Google Ads
ORD_02905,CUST_0403,PROD_065,Premium Tool 065,Home & Kitchen,1,469.14,356.69,2023-07-03,Lahore,112.45,Google Ads
ORD_02905,CUST_0403,PROD_078,Basic Item 078,Beauty,3,143.91,431.72,2023-07-03,Lahore,0.0,Google Ads
ORD_02906,CUST_0419,PROD_018,Pro Widget 018,Sports,1,309.8,309.8,2025-06-29,Lahore,0.0,Facebook
ORD_02906,CUST_0419,PROD_076,Smart Device 076,Home & Kitchen,3,437.95,1236.8,2025-06-29,Lahore,77.04,Facebook
ORD_02906,CUST_0419,PROD_037,Basic Device 037,Toys,4,501.22,1737.34,2025-06-29,Lahore,267.54,Facebook
ORD_02906,CUST_0419,PROD_002,Basic Gadget 002,Books,3,49.39,123.06,2025-06-29,Lahore,25.12,Facebook
ORD_02906,CUST_0419,PROD_028,Premium Widget 028,Clothing,2,290.92,581.83,2025-06-29,Lahore,0.0,Facebook
ORD_02907,CUST_0101,PROD_079,Premium Widget 079,Beauty,1,337.09,290.62,2025-04-27,Peshawar,46.47,Organic
ORD_02908,CUST_0058,PROD_038,Premium Device 038,Home & Kitchen,2,199.92,399.83,2024-01-21,Lahore,0.0,Google Ads
ORD_02908,CUST_0058,PROD_064,Basic Tool 064,Electronics,2,83.63,167.25,2024-01-21,Lahore,0.0,Google Ads
ORD_02909,CUST_0123,PROD_063,Basic Gadget 063,Beauty,1,287.2,287.2,2025-05-09,Multan,0.0,Organic
ORD_02909,CUST_0123,PROD_022,Pro Tool 022,Home & Kitchen,3,42.36,91.14,2025-05-09,Multan,35.93,Organic
ORD_02909,CUST_0123,PROD_056,Premium Widget 056,Electronics,1,169.96,169.96,2025-05-09,Multan,0.0,Organic
ORD_02909,CUST_0123,PROD_015,Pro Widget 015,Toys,2,122.62,245.24,2025-05-09,Multan,0.0,Organic
ORD_02909,CUST_0123,PROD_036,Smart Device 036,Clothing,3,90.03,270.1,2025-05-09,Multan,0.0,Organic
ORD_02910,CUST_0020,PROD_010,Pro Item 010,Sports,3,119.7,336.42,2024-03-27,Faisalabad,22.68,Email
ORD_02910,CUST_0020,PROD_012,Elite Widget 012,Sports,4,153.23,612.92,2024-03-27,Faisalabad,0.0,Email
ORD_02910,CUST_0020,PROD_014,Premium Widget 014,Books,4,117.08,460.4,2024-03-27,Faisalabad,7.92,Email
ORD_02910,CUST_0020,PROD_014,Premium Widget 014,Books,1,99.9,99.9,2024-03-27,Faisalabad,0.0,Email
ORD_02911,CUST_0499,PROD_050,Basic Widget 050,Electronics,1,365.18,340.83,2023-01-22,Rawalpindi,24.35,Instagram
ORD_02911,CUST_0499,PROD_050,Basic Widget 050,Electronics,2,403.54,807.07,2023-01-22,Rawalpindi,0.0,Instagram
ORD_02912,CUST_0048,PROD_050,Basic Widget 050,Electronics,4,474.41,1897.64,2023-01-26,Karachi,0.0,Google Ads
ORD_02913,CUST_0441,PROD_031,Smart Widget 031,Books,3,415.1,1245.29,2023-11-16,Faisalabad,0.0,Instagram
ORD_02913,CUST_0441,PROD_012,Elite Widget 012,Sports,3,172.22,516.65,2023-11-16,Faisalabad,0.0,Instagram
ORD_02914,CUST_0039,PROD_023,Smart Item 023,Clothing,1,287.98,241.68,2025-06-05,Lahore,46.3,Organic
ORD_02914,CUST_0039,PROD_025,Basic Device 025,Sports,4,121.74,344.95,2025-06-05,Lahore,142.02,Organic
ORD_02914,CUST_0039,PROD_043,Elite Device 043,Clothing,1,117.13,117.13,2025-06-05,Lahore,0.0,Organic
ORD_02914,CUST_0039,PROD_067,Smart Tool 067,Clothing,1,113.11,113.11,2025-06-05,Lahore,0.0,Organic
ORD_02915,CUST_0387,PROD_049,Premium Widget 049,Books,2,285.08,570.16,2025-01-07,Karachi,0.0,Google Ads
ORD_02916,CUST_0019,PROD_072,Premium Device 072,Electronics,2,364.91,729.83,2024-01-28,Multan,0.0,Facebook
ORD_02916,CUST_0019,PROD_020,Pro Device 020,Clothing,2,321.42,488.26,2024-01-28,Multan,154.57,Facebook
ORD_02916,CUST_0019,PROD_044,Smart Tool 044,Clothing,3,464.11,1392.33,2024-01-28,Multan,0.0,Facebook
ORD_02916,CUST_0019,PROD_010,Pro Item 010,Sports,4,145.31,581.25,2024-01-28,Multan,0.0,Facebook
ORD_02917,CUST_0182,PROD_044,Smart Tool 044,Clothing,2,438.19,652.06,2024-09-01,Lahore,224.32,Instagram
ORD_02918,CUST_0145,PROD_033,Premium Item 033,Beauty,4,84.84,263.49,2023-06-12,Rawalpindi,75.89,Google Ads
ORD_02918,CUST_0145,PROD_017,Pro Gadget 017,Home & Kitchen,2,177.4,313.31,2023-06-12,Rawalpindi,41.5,Google Ads
ORD_02919,CUST_0253,PROD_036,Smart Device 036,Clothing,3,101.7,305.1,2023-11-08,Faisalabad,0.0,Organic
ORD_02919,CUST_0253,PROD_022,Pro Tool 022,Home & Kitchen,2,38.94,61.71,2023-11-08,Faisalabad,16.17,Organic
ORD_02919,CUST_0253,PROD_047,Basic Gadget 047,Electronics,4,158.85,565.58,2023-11-08,Faisalabad,69.81,Organic
ORD_02919,CUST_0253,PROD_078,Basic Item 078,Beauty,4,167.07,668.27,2023-11-08,Faisalabad,0.0,Organic
ORD_02920,CUST_0118,PROD_051,Premium Device 051,Clothing,1,157.85,157.85,2024-05-08,Faisalabad,0.0,Referral
ORD_02921,CUST_0436,PROD_029,Elite Device 029,Electronics,1,167.45,167.45,2025-02-07,Faisalabad,0.0,Instagram
ORD_02921,CUST_0436,PROD_045,Basic Item 045,Beauty,4,566.46,2265.86,2025-02-07,Faisalabad,0.0,Instagram
ORD_02921,CUST_0436,PROD_073,Basic Tool 073,Electronics,3,412.01,1236.03,2025-02-07,Faisalabad,0.0,Instagram
ORD_02921,CUST_0436,PROD_041,Premium Widget 041,Books,3,279.09,837.26,2025-02-07,Faisalabad,0.0,Instagram
ORD_02921,CUST_0436,PROD_012,Elite Widget 012,Sports,3,124.34,349.1,2025-02-07,Faisalabad,23.91,Instagram
ORD_02922,CUST_0328,PROD_068,Basic Widget 068,Sports,4,420.56,1682.26,2024-04-21,Peshawar,0.0,Organic
ORD_02922,CUST_0328,PROD_066,Elite Item 066,Beauty,2,328.62,584.44,2024-04-21,Peshawar,72.8,Organic
ORD_02922,CUST_0328,PROD_046,Pro Tool 046,Sports,2,224.49,448.99,2024-04-21,Peshawar,0.0,Organic
ORD_02922,CUST_0328,PROD_072,Premium Device 072,Electronics,4,323.54,1071.14,2024-04-21,Peshawar,223.03,Organic
ORD_02922,CUST_0328,PROD_062,Smart Widget 062,Electronics,3,395.81,859.0,2024-04-21,Peshawar,328.44,Organic
ORD_02923,CUST_0324,PROD_028,Premium Widget 028,Clothing,4,321.28,1159.22,2024-08-17,Multan,125.92,Facebook
ORD_02924,CUST_0264,PROD_068,Basic Widget 068,Sports,3,305.56,663.16,2023-09-19,Rawalpindi,253.51,Referral
ORD_02924,CUST_0264,PROD_067,Smart Tool 067,Clothing,4,119.84,479.37,2023-09-19,Rawalpindi,0.0,Referral
ORD_02924,CUST_0264,PROD_024,Elite Tool 024,Clothing,3,124.84,362.49,2023-09-19,Rawalpindi,12.02,Referral
ORD_02924,CUST_0264,PROD_068,Basic Widget 068,Sports,1,376.93,376.93,2023-09-19,Rawalpindi,0.0,Referral
ORD_02924,CUST_0264,PROD_057,Pro Widget 057,Clothing,3,98.61,295.83,2023-09-19,Rawalpindi,0.0,Referral
ORD_02925,CUST_0489,PROD_037,Basic Device 037,Toys,4,458.73,1481.22,2024-09-08,Multan,353.68,Google Ads
ORD_02925,CUST_0489,PROD_079,Premium Widget 079,Beauty,2,309.86,619.73,2024-09-08,Multan,0.0,Google Ads
ORD_02926,CUST_0225,PROD_019,Smart Gadget 019,Clothing,3,271.37,767.57,2023-04-19,Karachi,46.53,Referral
ORD_02927,CUST_0038,PROD_045,Basic Item 045,Beauty,4,409.16,1636.64,2025-03-31,Peshawar,0.0,Instagram
ORD_02927,CUST_0038,PROD_024,Elite Tool 024,Clothing,1,143.3,143.3,2025-03-31,Peshawar,0.0,Instagram
ORD_02927,CUST_0038,PROD_010,Pro Item 010,Sports,2,149.9,299.79,2025-03-31,Peshawar,0.0,Instagram
ORD_02927,CUST_0038,PROD_037,Basic Device 037,Toys,3,518.72,1556.17,2025-03-31,Peshawar,0.0,Instagram
ORD_02927,CUST_0038,PROD_014,Premium Widget 014,Books,4,105.01,420.05,2025-03-31,Peshawar,0.0,Instagram
ORD_02928,CUST_0497,PROD_008,Elite Item 008,Home & Kitchen,2,83.68,167.35,2024-11-03,Karachi,0.0,Referral
ORD_02928,CUST_0497,PROD_002,Basic Gadget 002,Books,4,61.86,236.05,2024-11-03,Karachi,11.41,Referral
ORD_02928,CUST_0497,PROD_068,Basic Widget 068,Sports,3,302.31,782.84,2024-11-03,Karachi,124.08,Referral
ORD_02929,CUST_0427,PROD_063,Basic Gadget 063,Beauty,1,259.77,259.77,2023-07-14,Peshawar,0.0,Google Ads
ORD_02930,CUST_0136,PROD_071,Premium Device 071,Electronics,4,423.07,1450.74,2024-02-26,Faisalabad,241.56,Organic
ORD_02930,CUST_0136,PROD_014,Premium Widget 014,Books,4,136.37,472.24,2024-02-26,Faisalabad,73.22,Organic
ORD_02930,CUST_0136,PROD_079,Premium Widget 079,Beauty,2,313.16,626.31,2024-02-26,Faisalabad,0.0,Organic
ORD_02930,CUST_0136,PROD_007,Pro Widget 007,Toys,1,330.87,267.62,2024-02-26,Faisalabad,63.25,Organic
ORD_02931,CUST_0467,PROD_007,Pro Widget 007,Toys,1,420.14,420.14,2024-10-29,Rawalpindi,0.0,Facebook
ORD_02931,CUST_0467,PROD_009,Pro Widget 009,Electronics,2,167.31,265.44,2024-10-29,Rawalpindi,69.17,Facebook
ORD_02931,CUST_0467,PROD_051,Premium Device 051,Clothing,4,160.72,642.9,2024-10-29,Rawalpindi,0.0,Facebook
ORD_02931,CUST_0467,PROD_002,Basic Gadget 002,Books,4,50.43,201.74,2024-10-29,Rawalpindi,0.0,Facebook
ORD_02932,CUST_0174,PROD_006,Smart Tool 006,Clothing,1,230.08,223.16,2025-03-16,Peshawar,6.92,Instagram
ORD_02932,CUST_0174,PROD_020,Pro Device 020,Clothing,2,294.66,589.33,2025-03-16,Peshawar,0.0,Instagram
ORD_02933,CUST_0360,PROD_079,Premium Widget 079,Beauty,1,291.56,288.43,2024-02-10,Peshawar,3.13,Google Ads
ORD_02933,CUST_0360,PROD_010,Pro Item 010,Sports,1,152.68,152.68,2024-02-10,Peshawar,0.0,Google Ads
ORD_02933,CUST_0360,PROD_035,Smart Widget 035,Toys,1,253.78,253.78,2024-02-10,Peshawar,0.0,Google Ads
ORD_02933,CUST_0360,PROD_060,Premium Tool 060,Toys,4,452.11,1351.03,2024-02-10,Peshawar,457.4,Google Ads
ORD_02933,CUST_0360,PROD_006,Smart Tool 006,Clothing,1,210.01,210.01,2024-02-10,Peshawar,0.0,Google Ads
ORD_02934,CUST_0042,PROD_072,Premium Device 072,Electronics,2,374.07,748.15,2025-03-21,Lahore,0.0,Google Ads
ORD_02934,CUST_0042,PROD_073,Basic Tool 073,Electronics,4,425.62,1702.47,2025-03-21,Lahore,0.0,Google Ads
ORD_02934,CUST_0042,PROD_076,Smart Device 076,Home & Kitchen,3,469.3,1407.89,2025-03-21,Lahore,0.0,Google Ads
ORD_02934,CUST_0042,PROD_056,Premium Widget 056,Electronics,4,177.92,711.67,2025-03-21,Lahore,0.0,Google Ads
ORD_02935,CUST_0448,PROD_042,Premium Device 042,Toys,3,81.76,201.48,2024-05-11,Peshawar,43.79,Google Ads
ORD_02936,CUST_0162,PROD_036,Smart Device 036,Clothing,2,98.51,197.02,2023-12-01,Lahore,0.0,Referral
ORD_02937,CUST_0266,PROD_068,Basic Widget 068,Sports,1,345.51,345.51,2024-11-10,Islamabad,0.0,Facebook
ORD_02937,CUST_0266,PROD_045,Basic Item 045,Beauty,3,398.49,1089.89,2024-11-10,Islamabad,105.58,Facebook
ORD_02938,CUST_0496,PROD_032,Smart Item 032,Toys,3,282.52,847.55,2023-09-15,Rawalpindi,0.0,Google Ads
ORD_02938,CUST_0496,PROD_060,Premium Tool 060,Toys,3,395.33,1186.0,2023-09-15,Rawalpindi,0.0,Google Ads
ORD_02939,CUST_0483,PROD_020,Pro Device 020,Clothing,1,331.73,270.47,2023-05-08,Lahore,61.26,Organic
ORD_02939,CUST_0483,PROD_017,Pro Gadget 017,Home & Kitchen,1,164.58,144.07,2023-05-08,Lahore,20.51,Organic
ORD_02940,CUST_0218,PROD_067,Smart Tool 067,Clothing,2,89.77,149.67,2025-05-01,Islamabad,29.87,Facebook
ORD_02940,CUST_0218,PROD_064,Basic Tool 064,Electronics,2,94.84,189.68,2025-05-01,Islamabad,0.0,Facebook
ORD_02940,CUST_0218,PROD_039,Premium Item 039,Toys,4,361.61,1049.61,2025-05-01,Islamabad,396.83,Facebook
ORD_02940,CUST_0218,PROD_054,Elite Tool 054,Clothing,4,64.47,224.08,2025-05-01,Islamabad,33.81,Facebook
ORD_02941,CUST_0291,PROD_078,Basic Item 078,Beauty,4,194.32,777.27,2024-01-23,Multan,0.0,Google Ads
ORD_02942,CUST_0313,PROD_033,Premium Item 033,Beauty,4,74.31,297.22,2024-09-04,Multan,0.0,Organic
ORD_02943,CUST_0421,PROD_042,Premium Device 042,Toys,3,78.29,210.63,2024-09-01,Peshawar,24.25,Facebook
ORD_02943,CUST_0421,PROD_060,Premium Tool 060,Toys,1,388.01,314.29,2024-09-01,Peshawar,73.72,Facebook
ORD_02943,CUST_0421,PROD_015,Pro Widget 015,Toys,3,109.06,327.18,2024-09-01,Peshawar,0.0,Facebook
ORD_02944,CUST_0258,PROD_023,Smart Item 023,Clothing,4,366.89,1467.57,2025-02-03,Lahore,0.0,Referral
ORD_02944,CUST_0258,PROD_023,Smart Item 023,Clothing,4,366.6,1466.38,2025-02-03,Lahore,0.0,Referral
ORD_02944,CUST_0258,PROD_042,Premium Device 042,Toys,3,78.96,236.88,2025-02-03,Lahore,0.0,Referral
ORD_02944,CUST_0258,PROD_038,Premium Device 038,Home & Kitchen,2,249.38,498.76,2025-02-03,Lahore,0.0,Referral
ORD_02944,CUST_0258,PROD_077,Basic Item 077,Clothing,3,167.1,449.76,2025-02-03,Lahore,51.55,Referral
ORD_02945,CUST_0141,PROD_004,Premium Widget 004,Clothing,1,106.9,106.9,2024-10-25,Lahore,0.0,Referral
ORD_02946,CUST_0154,PROD_073,Basic Tool 073,Electronics,3,444.81,1112.6,2023-08-28,Rawalpindi,221.84,Facebook
ORD_02946,CUST_0154,PROD_071,Premium Device 071,Electronics,2,509.73,1019.46,2023-08-28,Rawalpindi,0.0,Facebook
ORD_02946,CUST_0154,PROD_032,Smart Item 032,Toys,3,361.59,1084.78,2023-08-28,Rawalpindi,0.0,Facebook
ORD_02946,CUST_0154,PROD_032,Smart Item 032,Toys,2,304.51,609.02,2023-08-28,Rawalpindi,0.0,Facebook
ORD_02947,CUST_0415,PROD_077,Basic Item 077,Clothing,4,157.86,504.37,2023-06-15,Peshawar,127.08,Email
ORD_02947,CUST_0415,PROD_039,Premium Item 039,Toys,2,432.0,610.55,2023-06-15,Peshawar,253.44,Email
ORD_02948,CUST_0431,PROD_015,Pro Widget 015,Toys,2,110.81,179.14,2024-12-17,Faisalabad,42.47,Organic
ORD_02948,CUST_0431,PROD_010,Pro Item 010,Sports,1,161.97,138.56,2024-12-17,Faisalabad,23.41,Organic
ORD_02948,CUST_0431,PROD_002,Basic Gadget 002,Books,1,70.2,67.77,2024-12-17,Faisalabad,2.43,Organic
ORD_02948,CUST_0431,PROD_011,Premium Tool 011,Sports,3,78.24,234.72,2024-12-17,Faisalabad,0.0,Organic
ORD_02948,CUST_0431,PROD_049,Premium Widget 049,Books,2,282.45,564.89,2024-12-17,Faisalabad,0.0,Organic
ORD_02949,CUST_0313,PROD_015,Pro Widget 015,Toys,3,126.32,274.43,2023-10-07,Faisalabad,104.53,Organic
ORD_02949,CUST_0313,PROD_044,Smart Tool 044,Clothing,1,479.47,479.47,2023-10-07,Faisalabad,0.0,Organic
ORD_02950,CUST_0104,PROD_003,Smart Widget 003,Sports,3,250.29,614.47,2024-09-06,Multan,136.4,Facebook
ORD_02950,CUST_0104,PROD_018,Pro Widget 018,Sports,1,368.89,368.89,2024-09-06,Multan,0.0,Facebook
ORD_02950,CUST_0104,PROD_005,Smart Widget 005,Sports,1,88.61,65.88,2024-09-06,Multan,22.73,Facebook
ORD_02950,CUST_0104,PROD_038,Premium Device 038,Home & Kitchen,2,201.05,402.09,2024-09-06,Multan,0.0,Facebook
ORD_02951,CUST_0250,PROD_049,Premium Widget 049,Books,3,306.08,918.25,2023-08-19,Peshawar,0.0,Organic
ORD_02951,CUST_0250,PROD_058,Smart Tool 058,Clothing,4,227.86,911.44,2023-08-19,Peshawar,0.0,Organic
ORD_02952,CUST_0428,PROD_026,Smart Tool 026,Sports,2,236.26,413.39,2024-10-10,Lahore,59.14,Instagram
ORD_02952,CUST_0428,PROD_029,Elite Device 029,Electronics,1,165.8,165.8,2024-10-10,Lahore,0.0,Instagram
ORD_02952,CUST_0428,PROD_008,Elite Item 008,Home & Kitchen,4,80.65,273.94,2024-10-10,Lahore,48.68,Instagram
ORD_02952,CUST_0428,PROD_061,Smart Widget 061,Electronics,1,300.06,300.06,2024-10-10,Lahore,0.0,Instagram
ORD_02952,CUST_0428,PROD_024,Elite Tool 024,Clothing,4,152.16,608.64,2024-10-10,Lahore,0.0,Instagram
ORD_02953,CUST_0304,PROD_033,Premium Item 033,Beauty,4,101.1,404.41,2023-08-15,Peshawar,0.0,Instagram
ORD_02954,CUST_0102,PROD_065,Premium Tool 065,Home & Kitchen,1,447.85,447.85,2024-06-02,Peshawar,0.0,Referral
ORD_02954,CUST_0102,PROD_018,Pro Widget 018,Sports,3,373.59,1001.14,2024-06-02,Peshawar,119.62,Referral
ORD_02955,CUST_0146,PROD_072,Premium Device 072,Electronics,3,339.29,1017.87,2024-11-03,Islamabad,0.0,Google Ads
ORD_02955,CUST_0146,PROD_066,Elite Item 066,Beauty,4,393.65,1574.59,2024-11-03,Islamabad,0.0,Google Ads
ORD_02955,CUST_0146,PROD_040,Basic Widget 040,Clothing,3,496.01,1488.04,2024-11-03,Islamabad,0.0,Google Ads
ORD_02955,CUST_0146,PROD_073,Basic Tool 073,Electronics,2,412.39,740.69,2024-11-03,Islamabad,84.09,Google Ads
ORD_02956,CUST_0355,PROD_036,Smart Device 036,Clothing,2,72.06,144.12,2023-10-30,Multan,0.0,Referral
ORD_02957,CUST_0154,PROD_016,Premium Tool 016,Home & Kitchen,1,256.41,222.14,2024-10-13,Faisalabad,34.27,Instagram
ORD_02957,CUST_0154,PROD_042,Premium Device 042,Toys,3,67.95,203.84,2024-10-13,Faisalabad,0.0,Instagram
ORD_02957,CUST_0154,PROD_005,Smart Widget 005,Sports,3,104.86,278.69,2024-10-13,Faisalabad,35.89,Instagram
ORD_02957,CUST_0154,PROD_017,Pro Gadget 017,Home & Kitchen,4,191.04,714.89,2024-10-13,Faisalabad,49.28,Instagram
ORD_02957,CUST_0154,PROD_073,Basic Tool 073,Electronics,3,528.17,1237.04,2024-10-13,Faisalabad,347.48,Instagram
ORD_02958,CUST_0005,PROD_045,Basic Item 045,Beauty,2,516.5,976.19,2023-02-03,Multan,56.81,Facebook
ORD_02958,CUST_0005,PROD_048,Smart Device 048,Clothing,4,321.39,1285.58,2023-02-03,Multan,0.0,Facebook
ORD_02959,CUST_0422,PROD_046,Pro Tool 046,Sports,2,213.79,427.58,2024-05-14,Karachi,0.0,Google Ads
ORD_02959,CUST_0422,PROD_063,Basic Gadget 063,Beauty,1,210.57,163.94,2024-05-14,Karachi,46.63,Google Ads
ORD_02960,CUST_0060,PROD_063,Basic Gadget 063,Beauty,2,264.53,529.05,2023-03-06,Islamabad,0.0,Organic
ORD_02960,CUST_0060,PROD_026,Smart Tool 026,Sports,4,176.26,705.03,2023-03-06,Islamabad,0.0,Organic
ORD_02960,CUST_0060,PROD_073,Basic Tool 073,Electronics,2,400.55,801.09,2023-03-06,Islamabad,0.0,Organic
ORD_02960,CUST_0060,PROD_055,Elite Item 055,Beauty,3,195.49,586.48,2023-03-06,Islamabad,0.0,Organic
ORD_02961,CUST_0454,PROD_009,Pro Widget 009,Electronics,2,182.32,298.08,2024-07-14,Karachi,66.57,Instagram
ORD_02961,CUST_0454,PROD_045,Basic Item 045,Beauty,1,579.82,443.54,2024-07-14,Karachi,136.28,Instagram
ORD_02961,CUST_0454,PROD_036,Smart Device 036,Clothing,2,79.14,158.29,2024-07-14,Karachi,0.0,Instagram
ORD_02961,CUST_0454,PROD_062,Smart Widget 062,Electronics,2,484.5,911.12,2024-07-14,Karachi,57.88,Instagram
ORD_02962,CUST_0399,PROD_020,Pro Device 020,Clothing,1,365.37,263.06,2023-07-26,Rawalpindi,102.31,Organic
ORD_02963,CUST_0216,PROD_061,Smart Widget 061,Electronics,3,283.83,728.51,2024-11-07,Multan,122.98,Referral
ORD_02963,CUST_0216,PROD_014,Premium Widget 014,Books,3,108.15,247.54,2024-11-07,Multan,76.91,Referral
ORD_02963,CUST_0216,PROD_007,Pro Widget 007,Toys,4,463.36,1656.77,2024-11-07,Multan,196.68,Referral
ORD_02963,CUST_0216,PROD_050,Basic Widget 050,Electronics,4,451.22,1804.89,2024-11-07,Multan,0.0,Referral
ORD_02963,CUST_0216,PROD_017,Pro Gadget 017,Home & Kitchen,3,218.38,553.33,2024-11-07,Multan,101.81,Referral
ORD_02964,CUST_0290,PROD_054,Elite Tool 054,Clothing,3,63.45,190.36,2025-05-31,Islamabad,0.0,Organic
ORD_02964,CUST_0290,PROD_013,Smart Item 013,Sports,1,87.01,87.01,2025-05-31,Islamabad,0.0,Organic
ORD_02964,CUST_0290,PROD_070,Elite Device 070,Toys,3,249.95,749.84,2025-05-31,Islamabad,0.0,Organic
ORD_02965,CUST_0199,PROD_006,Smart Tool 006,Clothing,4,250.04,997.24,2025-02-05,Karachi,2.94,Email
ORD_02965,CUST_0199,PROD_032,Smart Item 032,Toys,4,291.64,1166.56,2025-02-05,Karachi,0.0,Email
ORD_02966,CUST_0190,PROD_022,Pro Tool 022,Home & Kitchen,2,44.04,88.07,2025-01-27,Faisalabad,0.0,Facebook
ORD_02967,CUST_0420,PROD_008,Elite Item 008,Home & Kitchen,4,94.27,377.08,2023-12-29,Karachi,0.0,Google Ads
ORD_02967,CUST_0420,PROD_080,Smart Widget 080,Electronics,4,227.34,769.92,2023-12-29,Karachi,139.45,Google Ads
ORD_02967,CUST_0420,PROD_042,Premium Device 042,Toys,3,66.12,196.59,2023-12-29,Karachi,1.76,Google Ads
ORD_02967,CUST_0420,PROD_060,Premium Tool 060,Toys,3,480.89,1112.32,2023-12-29,Karachi,330.36,Google Ads
ORD_02968,CUST_0496,PROD_016,Premium Tool 016,Home & Kitchen,3,269.2,626.3,2024-04-06,Rawalpindi,181.29,Facebook
ORD_02968,CUST_0496,PROD_045,Basic Item 045,Beauty,1,497.9,497.9,2024-04-06,Rawalpindi,0.0,Facebook
ORD_02968,CUST_0496,PROD_032,Smart Item 032,Toys,2,357.48,667.42,2024-04-06,Rawalpindi,47.55,Facebook
ORD_02968,CUST_0496,PROD_032,Smart Item 032,Toys,4,284.77,1139.09,2024-04-06,Rawalpindi,0.0,Facebook
ORD_02969,CUST_0377,PROD_049,Premium Widget 049,Books,4,367.1,1468.38,2023-12-28,Multan,0.0,Email
ORD_02969,CUST_0377,PROD_008,Elite Item 008,Home & Kitchen,2,97.46,193.56,2023-12-28,Multan,1.36,Email
ORD_02969,CUST_0377,PROD_049,Premium Widget 049,Books,4,309.89,1025.51,2023-12-28,Multan,214.04,Email
ORD_02969,CUST_0377,PROD_046,Pro Tool 046,Sports,1,232.67,232.67,2023-12-28,Multan,0.0,Email
ORD_02970,CUST_0076,PROD_066,Elite Item 066,Beauty,4,333.41,1039.46,2024-03-12,Karachi,294.16,Instagram
ORD_02971,CUST_0070,PROD_014,Premium Widget 014,Books,3,100.46,300.1,2024-01-30,Rawalpindi,1.27,Facebook
ORD_02971,CUST_0070,PROD_034,Premium Item 034,Sports,2,393.91,787.82,2024-01-30,Rawalpindi,0.0,Facebook
ORD_02971,CUST_0070,PROD_066,Elite Item 066,Beauty,2,325.8,575.81,2024-01-30,Rawalpindi,75.8,Facebook
ORD_02972,CUST_0004,PROD_020,Pro Device 020,Clothing,1,400.97,400.97,2023-01-06,Faisalabad,0.0,Referral
ORD_02973,CUST_0199,PROD_016,Premium Tool 016,Home & Kitchen,2,251.76,503.52,2024-10-09,Faisalabad,0.0,Email
ORD_02973,CUST_0199,PROD_019,Smart Gadget 019,Clothing,4,196.89,787.57,2024-10-09,Faisalabad,0.0,Email
ORD_02974,CUST_0304,PROD_079,Premium Widget 079,Beauty,4,361.56,1446.23,2024-08-12,Faisalabad,0.0,Organic
ORD_02974,CUST_0304,PROD_053,Smart Device 053,Beauty,3,103.4,221.31,2024-08-12,Faisalabad,88.88,Organic
ORD_02975,CUST_0239,PROD_002,Basic Gadget 002,Books,1,60.49,52.67,2025-01-24,Rawalpindi,7.82,Instagram
ORD_02975,CUST_0239,PROD_057,Pro Widget 057,Clothing,3,114.24,342.73,2025-01-24,Rawalpindi,0.0,Instagram
ORD_02975,CUST_0239,PROD_017,Pro Gadget 017,Home & Kitchen,3,191.23,573.69,2025-01-24,Rawalpindi,0.0,Instagram
ORD_02976,CUST_0066,PROD_022,Pro Tool 022,Home & Kitchen,1,49.34,43.36,2024-12-03,Faisalabad,5.98,Google Ads
ORD_02976,CUST_0066,PROD_056,Premium Widget 056,Electronics,3,231.63,694.88,2024-12-03,Faisalabad,0.0,Google Ads
ORD_02976,CUST_0066,PROD_063,Basic Gadget 063,Beauty,2,206.07,412.15,2024-12-03,Faisalabad,0.0,Google Ads
ORD_02976,CUST_0066,PROD_079,Premium Widget 079,Beauty,4,364.78,1459.11,2024-12-03,Faisalabad,0.0,Google Ads
ORD_02976,CUST_0066,PROD_015,Pro Widget 015,Toys,2,115.44,175.95,2024-12-03,Faisalabad,54.93,Google Ads
ORD_02977,CUST_0251,PROD_045,Basic Item 045,Beauty,3,520.88,1364.31,2024-11-23,Peshawar,198.33,Google Ads
ORD_02977,CUST_0251,PROD_048,Smart Device 048,Clothing,1,249.75,249.75,2024-11-23,Peshawar,0.0,Google Ads
ORD_02977,CUST_0251,PROD_017,Pro Gadget 017,Home & Kitchen,3,179.46,437.27,2024-11-23,Peshawar,101.12,Google Ads
ORD_02977,CUST_0251,PROD_044,Smart Tool 044,Clothing,1,443.47,443.47,2024-11-23,Peshawar,0.0,Google Ads
ORD_02978,CUST_0234,PROD_033,Premium Item 033,Beauty,2,84.47,168.94,2023-06-23,Karachi,0.0,Facebook
ORD_02978,CUST_0234,PROD_025,Basic Device 025,Sports,3,117.73,350.71,2023-06-23,Karachi,2.49,Facebook
ORD_02978,CUST_0234,PROD_026,Smart Tool 026,Sports,3,197.67,537.64,2023-06-23,Karachi,55.36,Facebook
ORD_02978,CUST_0234,PROD_076,Smart Device 076,Home & Kitchen,4,532.7,1848.91,2023-06-23,Karachi,281.89,Facebook
ORD_02979,CUST_0229,PROD_041,Premium Widget 041,Books,3,268.87,806.61,2023-11-05,Rawalpindi,0.0,Referral
ORD_02979,CUST_0229,PROD_015,Pro Widget 015,Toys,4,110.06,353.13,2023-11-05,Rawalpindi,87.1,Referral
ORD_02979,CUST_0229,PROD_014,Premium Widget 014,Books,2,140.86,238.61,2023-11-05,Rawalpindi,43.11,Referral
ORD_02980,CUST_0481,PROD_045,Basic Item 045,Beauty,1,441.48,441.48,2024-05-16,Islamabad,0.0,Organic
ORD_02980,CUST_0481,PROD_009,Pro Widget 009,Electronics,2,181.28,321.94,2024-05-16,Islamabad,40.62,Organic
ORD_02980,CUST_0481,PROD_070,Elite Device 070,Toys,4,251.14,1004.56,2024-05-16,Islamabad,0.0,Organic
ORD_02980,CUST_0481,PROD_073,Basic Tool 073,Electronics,4,507.15,2028.62,2024-05-16,Islamabad,0.0,Organic
ORD_02981,CUST_0252,PROD_063,Basic Gadget 063,Beauty,1,221.03,221.03,2025-03-19,Islamabad,0.0,Instagram
ORD_02981,CUST_0252,PROD_044,Smart Tool 044,Clothing,2,491.44,982.89,2025-03-19,Islamabad,0.0,Instagram
ORD_02981,CUST_0252,PROD_032,Smart Item 032,Toys,3,371.24,1113.73,2025-03-19,Islamabad,0.0,Instagram
ORD_02982,CUST_0218,PROD_079,Premium Widget 079,Beauty,4,304.51,1218.04,2024-01-13,Peshawar,0.0,Google Ads
ORD_02982,CUST_0218,PROD_054,Elite Tool 054,Clothing,2,66.32,97.76,2024-01-13,Peshawar,34.89,Google Ads
ORD_02982,CUST_0218,PROD_064,Basic Tool 064,Electronics,1,103.98,96.71,2024-01-13,Peshawar,7.27,Google Ads
ORD_02982,CUST_0218,PROD_049,Premium Widget 049,Books,4,364.57,1458.27,2024-01-13,Peshawar,0.0,Google Ads
ORD_02983,CUST_0132,PROD_072,Premium Device 072,Electronics,3,300.35,901.06,2023-11-15,Karachi,0.0,Referral
ORD_02984,CUST_0063,PROD_008,Elite Item 008,Home & Kitchen,1,76.45,70.13,2025-02-06,Faisalabad,6.32,Google Ads
ORD_02985,CUST_0319,PROD_066,Elite Item 066,Beauty,2,348.15,504.23,2025-01-23,Islamabad,192.07,Referral
ORD_02985,CUST_0319,PROD_063,Basic Gadget 063,Beauty,2,266.56,402.68,2025-01-23,Islamabad,130.43,Referral
ORD_02986,CUST_0469,PROD_002,Basic Gadget 002,Books,4,57.75,230.99,2023-02-24,Karachi,0.0,Referral
ORD_02986,CUST_0469,PROD_056,Premium Widget 056,Electronics,3,173.82,375.64,2023-02-24,Karachi,145.82,Referral
ORD_02987,CUST_0244,PROD_080,Smart Widget 080,Electronics,4,276.28,1105.11,2024-06-04,Rawalpindi,0.0,Referral
ORD_02987,CUST_0244,PROD_039,Premium Item 039,Toys,3,462.64,1085.91,2024-06-04,Rawalpindi,302.01,Referral
ORD_02987,CUST_0244,PROD_080,Smart Widget 080,Electronics,3,269.64,808.92,2024-06-04,Rawalpindi,0.0,Referral
ORD_02987,CUST_0244,PROD_011,Premium Tool 011,Sports,1,65.25,65.25,2024-06-04,Rawalpindi,0.0,Referral
ORD_02987,CUST_0244,PROD_059,Pro Tool 059,Clothing,3,423.9,1038.16,2024-06-04,Rawalpindi,233.53,Referral
ORD_02988,CUST_0477,PROD_029,Elite Device 029,Electronics,3,166.49,499.47,2024-01-20,Multan,0.0,Google Ads
ORD_02988,CUST_0477,PROD_027,Basic Gadget 027,Sports,2,278.2,395.8,2024-01-20,Multan,160.61,Google Ads
ORD_02988,CUST_0477,PROD_051,Premium Device 051,Clothing,4,148.91,487.27,2024-01-20,Multan,108.37,Google Ads
ORD_02988,CUST_0477,PROD_068,Basic Widget 068,Sports,3,318.06,954.18,2024-01-20,Multan,0.0,Google Ads
ORD_02988,CUST_0477,PROD_024,Elite Tool 024,Clothing,4,164.35,657.42,2024-01-20,Multan,0.0,Google Ads
ORD_02989,CUST_0329,PROD_034,Premium Item 034,Sports,1,321.51,317.72,2023-08-22,Islamabad,3.79,Google Ads
ORD_02990,CUST_0227,PROD_029,Elite Device 029,Electronics,2,185.62,339.81,2024-02-21,Peshawar,31.43,Organic
ORD_02990,CUST_0227,PROD_048,Smart Device 048,Clothing,4,290.85,1163.4,2024-02-21,Peshawar,0.0,Organic
ORD_02990,CUST_0227,PROD_073,Basic Tool 073,Electronics,4,539.8,2159.21,2024-02-21,Peshawar,0.0,Organic
ORD_02991,CUST_0016,PROD_073,Basic Tool 073,Electronics,2,519.49,1038.98,2024-07-06,Peshawar,0.0,Referral
ORD_02991,CUST_0016,PROD_007,Pro Widget 007,Toys,3,449.02,1347.07,2024-07-06,Peshawar,0.0,Referral
ORD_02991,CUST_0016,PROD_055,Elite Item 055,Beauty,4,202.85,811.4,2024-07-06,Peshawar,0.0,Referral
ORD_02992,CUST_0385,PROD_049,Premium Widget 049,Books,2,269.89,400.94,2024-08-04,Rawalpindi,138.84,Instagram
ORD_02992,CUST_0385,PROD_043,Elite Device 043,Clothing,3,147.21,441.63,2024-08-04,Rawalpindi,0.0,Instagram
ORD_02992,CUST_0385,PROD_009,Pro Widget 009,Electronics,3,213.52,617.41,2024-08-04,Rawalpindi,23.15,Instagram
ORD_02992,CUST_0385,PROD_026,Smart Tool 026,Sports,2,220.85,441.69,2024-08-04,Rawalpindi,0.0,Instagram
ORD_02993,CUST_0422,PROD_047,Basic Gadget 047,Electronics,2,209.38,418.75,2025-05-04,Peshawar,0.0,Email
ORD_02993,CUST_0422,PROD_007,Pro Widget 007,Toys,1,408.06,408.06,2025-05-04,Peshawar,0.0,Email
ORD_02993,CUST_0422,PROD_006,Smart Tool 006,Clothing,3,188.48,418.26,2025-05-04,Peshawar,147.18,Email
ORD_02993,CUST_0422,PROD_036,Smart Device 036,Clothing,1,101.09,101.09,2025-05-04,Peshawar,0.0,Email
ORD_02993,CUST_0422,PROD_028,Premium Widget 028,Clothing,4,344.93,1379.71,2025-05-04,Peshawar,0.0,Email
ORD_02994,CUST_0125,PROD_028,Premium Widget 028,Clothing,1,279.93,267.41,2025-03-28,Multan,12.52,Google Ads
ORD_02994,CUST_0125,PROD_009,Pro Widget 009,Electronics,3,226.32,678.97,2025-03-28,Multan,0.0,Google Ads
ORD_02994,CUST_0125,PROD_066,Elite Item 066,Beauty,4,403.48,1613.94,2025-03-28,Multan,0.0,Google Ads
ORD_02994,CUST_0125,PROD_010,Pro Item 010,Sports,4,155.46,621.85,2025-03-28,Multan,0.0,Google Ads
ORD_02995,CUST_0438,PROD_079,Premium Widget 079,Beauty,2,263.89,449.4,2024-11-06,Multan,78.38,Google Ads
ORD_02995,CUST_0438,PROD_064,Basic Tool 064,Electronics,3,92.19,276.58,2024-11-06,Multan,0.0,Google Ads
ORD_02995,CUST_0438,PROD_044,Smart Tool 044,Clothing,1,540.14,380.6,2024-11-06,Multan,159.54,Google Ads
ORD_02996,CUST_0375,PROD_011,Premium Tool 011,Sports,2,61.02,97.79,2024-05-17,Rawalpindi,24.25,Google Ads
ORD_02996,CUST_0375,PROD_036,Smart Device 036,Clothing,4,95.64,334.37,2024-05-17,Rawalpindi,48.17,Google Ads
ORD_02996,CUST_0375,PROD_041,Premium Widget 041,Books,1,259.09,259.09,2024-05-17,Rawalpindi,0.0,Google Ads
ORD_02996,CUST_0375,PROD_062,Smart Widget 062,Electronics,1,422.42,422.42,2024-05-17,Rawalpindi,0.0,Google Ads
ORD_02996,CUST_0375,PROD_055,Elite Item 055,Beauty,3,247.47,742.41,2024-05-17,Rawalpindi,0.0,Google Ads
ORD_02997,CUST_0353,PROD_028,Premium Widget 028,Clothing,4,318.91,1103.99,2024-03-19,Rawalpindi,171.66,Google Ads
ORD_02997,CUST_0353,PROD_013,Smart Item 013,Sports,4,88.5,354.01,2024-03-19,Rawalpindi,0.0,Google Ads
ORD_02997,CUST_0353,PROD_076,Smart Device 076,Home & Kitchen,2,534.33,874.68,2024-03-19,Rawalpindi,193.98,Google Ads
ORD_02997,CUST_0353,PROD_012,Elite Widget 012,Sports,4,146.26,584.88,2024-03-19,Rawalpindi,0.18,Google Ads
ORD_02997,CUST_0353,PROD_063,Basic Gadget 063,Beauty,1,198.51,198.51,2024-03-19,Rawalpindi,0.0,Google Ads
ORD_02998,CUST_0225,PROD_036,Smart Device 036,Clothing,3,79.35,238.05,2024-08-14,Peshawar,0.0,Google Ads
ORD_02998,CUST_0225,PROD_038,Premium Device 038,Home & Kitchen,2,199.54,372.82,2024-08-14,Peshawar,26.27,Google Ads
ORD_02998,CUST_0225,PROD_070,Elite Device 070,Toys,4,270.33,945.05,2024-08-14,Peshawar,136.26,Google Ads
ORD_02998,CUST_0225,PROD_037,Basic Device 037,Toys,4,535.55,2142.22,2024-08-14,Peshawar,0.0,Google Ads
ORD_02999,CUST_0289,PROD_070,Elite Device 070,Toys,4,274.88,825.03,2023-11-11,Karachi,274.48,Referral
ORD_02999,CUST_0289,PROD_077,Basic Item 077,Clothing,4,151.19,569.68,2023-11-11,Karachi,35.09,Referral
ORD_02999,CUST_0289,PROD_023,Smart Item 023,Clothing,1,292.68,292.68,2023-11-11,Karachi,0.0,Referral
ORD_02999,CUST_0289,PROD_022,Pro Tool 022,Home & Kitchen,4,43.33,147.25,2023-11-11,Karachi,26.06,Referral
ORD_02999,CUST_0289,PROD_004,Premium Widget 004,Clothing,2,122.53,245.07,2023-11-11,Karachi,0.0,Referral
ORD_03000,CUST_0378,PROD_037,Basic Device 037,Toys,3,459.05,1217.47,2025-03-22,Faisalabad,159.69,Facebook
ORD_03000,CUST_0378,PROD_042,Premium Device 042,Toys,2,57.42,114.84,2025-03-22,Faisalabad,0.0,Facebook
ORD_03000,CUST_0378,PROD_054,Elite Tool 054,Clothing,3,49.59,143.79,2025-03-22,Faisalabad,4.98,Facebook
ORD_03000,CUST_0378,PROD_017,Pro Gadget 017,Home & Kitchen,2,160.02,284.46,2025-03-22,Faisalabad,35.59,Facebook
